bc_short_name,bc_id,bc_short_name_id,parent_bc_id,bc_categories,bc_synonyms,result_scales,bc_definition,bc_hierarchy_level,bc_hierarchy_full,dec_n
4-(Methylnitrosamino)-1-(3-Pyridyl)-1-Butanol,C127127,4-(Methylnitrosamino)-1-(3-Pyridyl)-1-Butanol (C127127),C45398,Laboratory Tests;Nitroso Carcinogens;Carcinogenic Nitrosamines,NNAL;Nicotine-Derived Nitrosamine Alcohol,Quantitative,"The major metabolite of the potentially carcinogenic nitrosamine 4-methylnitrosamino-1,3-pyridyl-1-butanone (nicotine-derived nitrosamine ketone; NNK) that is detected in the urine of subjects exposed to tobacco products. 4-(methylnitrosamino)-1-(3-pyridyl)-1-butanol (nicotine-derived nitrosamine alcohol; NNAL) is produced by carbonyl reduction of NNK and may also be a carcinogen.",1,Carcinogenic Nitrosamine (C45398); 4-(Methylnitrosamino)-1-(3-Pyridyl)-1-Butanol (C127127),3
6 Minute Walk Functional Test 2008 Version,C115789,6 Minute Walk Functional Test 2008 Version (C115789),C222260,QRS;Functional Assessment;6 Minute Walk Functional Test;SIX MINUTE WALK;SIXMW1;6MWT,6MWT;SIXMW1;SIX MINUTE WALK,,"A standardized rating scale developed by Bruno Blake in 1963, which is a performance-based evaluation of functional exercise capacity in subjects with chronic respiratory disease and heart failure, as well as other populations such as healthy older adults and people suffering from fibromyalgia and scleroderma. This functional test contains 6 items and measures the distance an individual is able to walk over a total of six minutes on a hard, flat surface.",1,Clinical or Research Functional Assessment Tool (C222260); 6 Minute Walk Functional Test 2008 Version (C115789),5
6MWT - Distance at 1 Minute,C115800,6MWT - Distance at 1 Minute (C115800),C115409,QRS;Functional Assessment;6 Minute Walk Functional Test;SIX MINUTE WALK;SIXMW1;6MWT;6MWT Functional Test Question,SIXMW101;SIXMW1-Distance at 1 Minute,Quantitative,6 Minute Walk Test (6MWT) Distance at 1 minute.,3,Clinical or Research Assessment Question (C91102); CDISC QRS Instruments Questions (C211913); 6MWT Functional Test Question (C115409); 6MWT - Distance at 1 Minute (C115800),5
6MWT - Distance at 2 Minutes,C115801,6MWT - Distance at 2 Minutes (C115801),C115409,QRS;Functional Assessment;6 Minute Walk Functional Test;SIX MINUTE WALK;SIXMW1;6MWT;6MWT Functional Test Question,SIXMW102;SIXMW1-Distance at 2 Minutes,Quantitative,6 Minute Walk Test (6MWT) Distance at 2 minutes.,3,Clinical or Research Assessment Question (C91102); CDISC QRS Instruments Questions (C211913); 6MWT Functional Test Question (C115409); 6MWT - Distance at 2 Minutes (C115801),5
6MWT - Distance at 3 Minutes,C115802,6MWT - Distance at 3 Minutes (C115802),C115409,QRS;Functional Assessment;6 Minute Walk Functional Test;SIX MINUTE WALK;SIXMW1;6MWT;6MWT Functional Test Question,SIXMW103;SIXMW1-Distance at 3 Minutes,Quantitative,6 Minute Walk Test (6MWT) Distance at 3 minutes.,3,Clinical or Research Assessment Question (C91102); CDISC QRS Instruments Questions (C211913); 6MWT Functional Test Question (C115409); 6MWT - Distance at 3 Minutes (C115802),5
6MWT - Distance at 4 Minutes,C115803,6MWT - Distance at 4 Minutes (C115803),C115409,QRS;Functional Assessment;6 Minute Walk Functional Test;SIX MINUTE WALK;SIXMW1;6MWT;6MWT Functional Test Question,SIXMW104;SIXMW1-Distance at 4 Minutes,Quantitative,6 Minute Walk Test (6MWT) Distance at 4 minutes.,3,Clinical or Research Assessment Question (C91102); CDISC QRS Instruments Questions (C211913); 6MWT Functional Test Question (C115409); 6MWT - Distance at 4 Minutes (C115803),5
6MWT - Distance at 5 Minutes,C115804,6MWT - Distance at 5 Minutes (C115804),C115409,QRS;Functional Assessment;6 Minute Walk Functional Test;SIX MINUTE WALK;SIXMW1;6MWT;6MWT Functional Test Question,SIXMW105;SIXMW1-Distance at 5 Minutes,Quantitative,6 Minute Walk Test (6MWT) Distance at 5 minutes.,3,Clinical or Research Assessment Question (C91102); CDISC QRS Instruments Questions (C211913); 6MWT Functional Test Question (C115409); 6MWT - Distance at 5 Minutes (C115804),5
6MWT - Distance at 6 Minutes,C115805,6MWT - Distance at 6 Minutes (C115805),C115409,QRS;Functional Assessment;6 Minute Walk Functional Test;SIX MINUTE WALK;SIXMW1;6MWT;6MWT Functional Test Question,SIXMW106;SIXMW1-Distance at 6 Minutes,Quantitative,6 Minute Walk Test (6MWT) Distance at 6 minutes.,3,Clinical or Research Assessment Question (C91102); CDISC QRS Instruments Questions (C211913); 6MWT Functional Test Question (C115409); 6MWT - Distance at 6 Minutes (C115805),5
6MWT Functional Test Question,C115409,6MWT Functional Test Question (C115409),C211913,QRS Instrument Questions,6MWT Question,,A question associated with the 6MWT functional test.,2,Clinical or Research Assessment Question (C91102); CDISC QRS Instruments Questions (C211913); 6MWT Functional Test Question (C115409),0
ADAS-Cog CDISC Version Functional Test Question,C100106,ADAS-Cog CDISC Version Functional Test Question (C100106),C211913,QRS Instrument Questions,ADAS-Cog CDISC Version Functional Test Question,,A question associated with the ADAS-Cog CDISC version functional test.,2,Clinical or Research Assessment Question (C91102); CDISC QRS Instruments Questions (C211913); ADAS-Cog CDISC Version Functional Test Question (C100106),0
AIMS - Current Teeth/Dentures Problems,C102044,AIMS - Current Teeth/Dentures Problems (C102044),C101869,QRS;Clinical or Research Assessment Classification;Abnormal Involuntary Movement Scale Clinical Classification;AIMS;AIMS01;AIMS Clinical Classification Question,AIMS01-Current Problems Teeth/Dentures;AIMS0111,Ordinal,"Abnormal Involuntary Movement Scale (AIMS) Dental Status, Current problems with teeth and/or dentures.",3,Clinical or Research Assessment Question (C91102); CDISC QRS Instruments Questions (C211913); AIMS Clinical Classification Question (C101869); AIMS - Current Teeth/Dentures Problems (C102044),5
AIMS - Incapacitation Due to Abnormal Movements,C102042,AIMS - Incapacitation Due to Abnormal Movements (C102042),C101869,QRS;Clinical or Research Assessment Classification;Abnormal Involuntary Movement Scale Clinical Classification;AIMS;AIMS01;AIMS Clinical Classification Question,AIMS01-Incapacitation due Abn Movements;AIMS0109,Ordinal,"Abnormal Involuntary Movement Scale (AIMS) Global Judgments, Incapacitation due to abnormal movements.",3,Clinical or Research Assessment Question (C91102); CDISC QRS Instruments Questions (C211913); AIMS Clinical Classification Question (C101869); AIMS - Incapacitation Due to Abnormal Movements (C102042),5
AIMS - Jaw,C102036,AIMS - Jaw (C102036),C101869,QRS;Clinical or Research Assessment Classification;Abnormal Involuntary Movement Scale Clinical Classification;AIMS;AIMS01;AIMS Clinical Classification Question,AIMS01-Jaw;AIMS0103,Ordinal,"Abnormal Involuntary Movement Scale (AIMS) Facial and Oral Movements, Jaw, e.g., biting, clenching, chewing, mouth opening, lateral movement.",3,Clinical or Research Assessment Question (C91102); CDISC QRS Instruments Questions (C211913); AIMS Clinical Classification Question (C101869); AIMS - Jaw (C102036),5
AIMS - Lips and Perioral Area,C102035,AIMS - Lips and Perioral Area (C102035),C101869,QRS;Clinical or Research Assessment Classification;Abnormal Involuntary Movement Scale Clinical Classification;AIMS;AIMS01;AIMS Clinical Classification Question,AIMS01-Lips and Perioral Area;AIMS0102,Ordinal,"Abnormal Involuntary Movement Scale (AIMS) Facial and Oral Movements, Lips and perioral area, e.g., puckering, pouting, smacking.",3,Clinical or Research Assessment Question (C91102); CDISC QRS Instruments Questions (C211913); AIMS Clinical Classification Question (C101869); AIMS - Lips and Perioral Area (C102035),5
AIMS - Lower Extremities,C102039,AIMS - Lower Extremities (C102039),C101869,QRS;Clinical or Research Assessment Classification;Abnormal Involuntary Movement Scale Clinical Classification;AIMS;AIMS01;AIMS Clinical Classification Question,AIMS01-Lower Extremities;AIMS0106,Ordinal,"Abnormal Involuntary Movement Scale (AIMS) Extremity Movements, Lower (legs, knees, ankles, toes), e.g., lateral knee movement, foot tapping, heel dropping, foot squirming, inversion and eversion of foot.",3,Clinical or Research Assessment Question (C91102); CDISC QRS Instruments Questions (C211913); AIMS Clinical Classification Question (C101869); AIMS - Lower Extremities (C102039),5
AIMS - Muscles of Facial Expression,C102034,AIMS - Muscles of Facial Expression (C102034),C101869,QRS;Clinical or Research Assessment Classification;Abnormal Involuntary Movement Scale Clinical Classification;AIMS;AIMS01;AIMS Clinical Classification Question,AIMS01-Muscles of Facial Expression;AIMS0101,Ordinal,"Abnormal Involuntary Movement Scale (AIMS) Facial and Oral Movements, Muscles of facial expression, e.g., movements of forehead, eyebrows, periorbital area, cheeks. Include frowning, blinking, grimacing of upper face.",3,Clinical or Research Assessment Question (C91102); CDISC QRS Instruments Questions (C211913); AIMS Clinical Classification Question (C101869); AIMS - Muscles of Facial Expression (C102034),5
"AIMS - Neck, Shoulders, Hips",C102040,"AIMS - Neck, Shoulders, Hips (C102040)",C101869,QRS;Clinical or Research Assessment Classification;Abnormal Involuntary Movement Scale Clinical Classification;AIMS;AIMS01;AIMS Clinical Classification Question,"AIMS01-Neck, Shoulders, Hips;AIMS0107",Ordinal,"Abnormal Involuntary Movement Scale (AIMS) Trunk Movements, Neck, shoulders, hips, e.g., rocking, twisting, squirming, pelvic gyrations. Include diaphragmatic movements.",3,"Clinical or Research Assessment Question (C91102); CDISC QRS Instruments Questions (C211913); AIMS Clinical Classification Question (C101869); AIMS - Neck, Shoulders, Hips (C102040)",5
AIMS - Patient Usually Wears Dentures,C102045,AIMS - Patient Usually Wears Dentures (C102045),C101869,QRS;Clinical or Research Assessment Classification;Abnormal Involuntary Movement Scale Clinical Classification;AIMS;AIMS01;AIMS Clinical Classification Question,AIMS01-Patient Usually Wear Dentures;AIMS0112,Ordinal,"Abnormal Involuntary Movement Scale (AIMS) Dental Status, Does patient usually wear dentures?",3,Clinical or Research Assessment Question (C91102); CDISC QRS Instruments Questions (C211913); AIMS Clinical Classification Question (C101869); AIMS - Patient Usually Wears Dentures (C102045),5
AIMS - Patient's Awareness of Abnormal Movements,C102043,AIMS - Patient's Awareness of Abnormal Movements (C102043),C101869,QRS;Clinical or Research Assessment Classification;Abnormal Involuntary Movement Scale Clinical Classification;AIMS;AIMS01;AIMS Clinical Classification Question,AIMS01-Patient Awareness Abn Movements;AIMS0110,Ordinal,"Abnormal Involuntary Movement Scale (AIMS) Global Judgments, Patient's awareness of abnormal movements.",3,Clinical or Research Assessment Question (C91102); CDISC QRS Instruments Questions (C211913); AIMS Clinical Classification Question (C101869); AIMS - Patient's Awareness of Abnormal Movements (C102043),5
AIMS - Severity of Abnormal Movements,C102041,AIMS - Severity of Abnormal Movements (C102041),C101869,QRS;Clinical or Research Assessment Classification;Abnormal Involuntary Movement Scale Clinical Classification;AIMS;AIMS01;AIMS Clinical Classification Question,AIMS01-Severity of Abnormal Movements;AIMS0108,Ordinal,"Abnormal Involuntary Movement Scale (AIMS) Global Judgments, Severity of abnormal movements, based on the highest single score on the above items.",3,Clinical or Research Assessment Question (C91102); CDISC QRS Instruments Questions (C211913); AIMS Clinical Classification Question (C101869); AIMS - Severity of Abnormal Movements (C102041),5
AIMS - Tongue,C102037,AIMS - Tongue (C102037),C101869,QRS;Clinical or Research Assessment Classification;Abnormal Involuntary Movement Scale Clinical Classification;AIMS;AIMS01;AIMS Clinical Classification Question,AIMS01-Tongue;AIMS0104,Ordinal,"Abnormal Involuntary Movement Scale (AIMS) Facial and Oral Movements, Tongue. Rate only increase in movement both in and out of mouth, not inability to sustain movement.",3,Clinical or Research Assessment Question (C91102); CDISC QRS Instruments Questions (C211913); AIMS Clinical Classification Question (C101869); AIMS - Tongue (C102037),5
AIMS - Upper Extremities,C102038,AIMS - Upper Extremities (C102038),C101869,QRS;Clinical or Research Assessment Classification;Abnormal Involuntary Movement Scale Clinical Classification;AIMS;AIMS01;AIMS Clinical Classification Question,AIMS01-Upper Extremities;AIMS0105,Ordinal,"Abnormal Involuntary Movement Scale (AIMS) Extremity Movements, Upper (arms, wrists, hands, fingers). Include movements that are choreic (rapid, objectively purposeless, irregular, spontaneous) or athetoid (slow, irregular, complex, serpentine). Do not include tremor (repetitive, regular, rhythmic movements).",3,Clinical or Research Assessment Question (C91102); CDISC QRS Instruments Questions (C211913); AIMS Clinical Classification Question (C101869); AIMS - Upper Extremities (C102038),5
AIMS Clinical Classification Question,C101869,AIMS Clinical Classification Question (C101869),C211913,QRS Instrument Questions,,,A question associated with the AIMS questionnaire.,2,Clinical or Research Assessment Question (C91102); CDISC QRS Instruments Questions (C211913); AIMS Clinical Classification Question (C101869),0
AJCC Cancer Staging Manual,C177561,AJCC Cancer Staging Manual (C177561),C118969,QRS;Clinical or Research Assessment Classification;AJCC Cancer Staging Manual,AJCC Cancer Staging Manual;ajcc staging system edition,,The criteria developed by the American Joint Committee on Cancer (AJCC) for the classification and staging of neoplastic diseases.,1,Clinical or Research Assessment Classification (C118969); AJCC Cancer Staging Manual (C177561),0
AJCC Cancer Staging Manual 7th Edition,C125755,AJCC Cancer Staging Manual 7th Edition (C125755),C177561,QRS;Clinical or Research Assessment Classification;AJCC Cancer Staging Manual 7th Edition Clinical Classification;AJCC V7;AJCC1;AJCC7,AJCC V7;AJCC1;AJCC7,,"The 7th edition of the criteria developed by the American Joint Committee on Cancer (AJCC) in 2010, used for the classification and staging of neoplastic diseases.",2,Clinical or Research Assessment Classification (C118969); AJCC Cancer Staging Manual (C177561); AJCC Cancer Staging Manual 7th Edition (C125755),0
AJCC v7 - Anatomic Stage,C141699,AJCC v7 - Anatomic Stage (C141699),C141675,QRS;Clinical or Research Assessment Classification;AJCC Cancer Staging Manual 7th Edition Clinical Classification;AJCC V7;AJCC V7 Clinical Classification Question,AJCC1-Anatomic;Stage;AJCC104,,AJCC Cancer Staging Manual 7th Edition (AJCC v7) Anatomic stage.,2,Clinical or Research Assessment Question (C91102); AJCC v7 Clinical Classification Question (C141675); AJCC v7 - Anatomic Stage (C141699),5
AJCC v7 - Distant Metastasis (M),C141698,AJCC v7 - Distant Metastasis (M) (C141698),C141675,QRS;Clinical or Research Assessment Classification;AJCC Cancer Staging Manual 7th Edition Clinical Classification;AJCC V7;AJCC V7 Clinical Classification Question,AJCC1-Distant Metastasis (M);AJCC103,,AJCC Cancer Staging Manual 7th Edition (AJCC v7) Distant metastasis (M).,2,Clinical or Research Assessment Question (C91102); AJCC v7 Clinical Classification Question (C141675); AJCC v7 - Distant Metastasis (M) (C141698),5
AJCC v7 - Primary Tumor (T),C141696,AJCC v7 - Primary Tumor (T) (C141696),C141675,QRS;Clinical or Research Assessment Classification;AJCC Cancer Staging Manual 7th Edition Clinical Classification;AJCC V7;AJCC V7 Clinical Classification Question,,,AJCC Cancer Staging Manual 7th Edition (AJCC v7) Primary tumor (T).,2,Clinical or Research Assessment Question (C91102); AJCC v7 Clinical Classification Question (C141675); AJCC v7 - Primary Tumor (T) (C141696),5
AJCC v7 - Regional Lymph Nodes (N),C141697,AJCC v7 - Regional Lymph Nodes (N) (C141697),C141675,QRS;Clinical or Research Assessment Classification;AJCC Cancer Staging Manual 7th Edition Clinical Classification;AJCC V7;AJCC V7 Clinical Classification Question,AJCC1-Regional Lymph Nodes (N);AJCC102,,AJCC Cancer Staging Manual 7th Edition (AJCC v7) Regional lymph nodes (N).,2,Clinical or Research Assessment Question (C91102); AJCC v7 Clinical Classification Question (C141675); AJCC v7 - Regional Lymph Nodes (N) (C141697),5
AJCC v7 - Residual Tumor (R),C176205,AJCC v7 - Residual Tumor (R) (C176205),C141675,QRS;Clinical or Research Assessment Classification;AJCC Cancer Staging Manual 7th Edition Clinical Classification;AJCC V7;AJCC V7 Clinical Classification Question,AJCC1-Residual Tumor (R);AJCC105,,AJCC Cancer Staging Manual 7th Edition (AJCC v7) Residual tumor (R).,2,Clinical or Research Assessment Question (C91102); AJCC v7 Clinical Classification Question (C141675); AJCC v7 - Residual Tumor (R) (C176205),5
AJCC v7 Clinical Classification Question,C141675,AJCC v7 Clinical Classification Question (C141675),C91102,QRS Instrument Questions,,,A question associated with the AJCC v7 clinical classification.,1,Clinical or Research Assessment Question (C91102); AJCC v7 Clinical Classification Question (C141675),0
APACHE II - 15 Minus Glasgow Coma Score,C121109,APACHE II - 15 Minus Glasgow Coma Score (C121109),C120994,QRS;Clinical or Research Assessment Classification;Acute Physiology and Chronic Health Evaluation II Clinical Classification;APACHE II;APCH1;APACHE II Clinical Classification Question,APCH1-15 Minus Glasgow Coma Score;APCH112,Ordinal,Acute Physiology and Chronic Health Evaluation II (APACHE II) Glasgow coma score: Score equals 15 minus actual GCS.,3,Clinical or Research Assessment Question (C91102); CDISC QRS Instruments Questions (C211913); APACHE II Clinical Classification Question (C120994); APACHE II - 15 Minus Glasgow Coma Score (C121109),4
"APACHE II - A, Total Acute Physiology Score",C121110,"APACHE II - A, Total Acute Physiology Score (C121110)",C120994,QRS;Clinical or Research Assessment Classification;Acute Physiology and Chronic Health Evaluation II Clinical Classification;APACHE II;APCH1;APACHE II Clinical Classification Question,APCH1-A: Total Acute Physiology Score;APCH113,Ordinal,Acute Physiology and Chronic Health Evaluation II (APACHE II) A: Total acute physiology score.,3,"Clinical or Research Assessment Question (C91102); CDISC QRS Instruments Questions (C211913); APACHE II Clinical Classification Question (C120994); APACHE II - A, Total Acute Physiology Score (C121110)",4
APACHE II - Arterial pH,C121102,APACHE II - Arterial pH (C121102),C120994,QRS;Clinical or Research Assessment Classification;Acute Physiology and Chronic Health Evaluation II Clinical Classification;APACHE II;APCH1;APACHE II Clinical Classification Question,APCH1-Arterial pH;APCH106A,Ordinal,Acute Physiology and Chronic Health Evaluation II (APACHE II) Arterial pH (preferred).,3,Clinical or Research Assessment Question (C91102); CDISC QRS Instruments Questions (C211913); APACHE II Clinical Classification Question (C120994); APACHE II - Arterial pH (C121102),4
"APACHE II - B, Age Points",C121111,"APACHE II - B, Age Points (C121111)",C120994,QRS;Clinical or Research Assessment Classification;Acute Physiology and Chronic Health Evaluation II Clinical Classification;APACHE II;APCH1;APACHE II Clinical Classification Question,APCH1-B: Age Points;APCH114,Ordinal,Acute Physiology and Chronic Health Evaluation II (APACHE II) B: Age points (years).,3,"Clinical or Research Assessment Question (C91102); CDISC QRS Instruments Questions (C211913); APACHE II Clinical Classification Question (C120994); APACHE II - B, Age Points (C121111)",5
"APACHE II - C, Chronic Health Points",C121112,"APACHE II - C, Chronic Health Points (C121112)",C120994,QRS;Clinical or Research Assessment Classification;Acute Physiology and Chronic Health Evaluation II Clinical Classification;APACHE II;APCH1;APACHE II Clinical Classification Question,APCH1-C: Chronic Health Points;APCH115,Ordinal,Acute Physiology and Chronic Health Evaluation II (APACHE II) C: Chronic health points.,3,"Clinical or Research Assessment Question (C91102); CDISC QRS Instruments Questions (C211913); APACHE II Clinical Classification Question (C120994); APACHE II - C, Chronic Health Points (C121112)",4
APACHE II - Heart Rate,C121098,APACHE II - Heart Rate (C121098),C120994,QRS;Clinical or Research Assessment Classification;Acute Physiology and Chronic Health Evaluation II Clinical Classification;APACHE II;APCH1;APACHE II Clinical Classification Question,APCH1-Heart Rate;APCH103,Ordinal,Acute Physiology and Chronic Health Evaluation II (APACHE II) Heart rate (ventricular response).,3,Clinical or Research Assessment Question (C91102); CDISC QRS Instruments Questions (C211913); APACHE II Clinical Classification Question (C120994); APACHE II - Heart Rate (C121098),5
APACHE II - Hematocrit,C121107,APACHE II - Hematocrit (C121107),C120994,QRS;Clinical or Research Assessment Classification;Acute Physiology and Chronic Health Evaluation II Clinical Classification;APACHE II;APCH1;APACHE II Clinical Classification Question,APCH1-Hematocrit;APCH110,Ordinal,Acute Physiology and Chronic Health Evaluation II (APACHE II) Hematocrit (%).,3,Clinical or Research Assessment Question (C91102); CDISC QRS Instruments Questions (C211913); APACHE II Clinical Classification Question (C120994); APACHE II - Hematocrit (C121107),5
APACHE II - Mean Arterial Pressure,C121097,APACHE II - Mean Arterial Pressure (C121097),C120994,QRS;Clinical or Research Assessment Classification;Acute Physiology and Chronic Health Evaluation II Clinical Classification;APACHE II;APCH1;APACHE II Clinical Classification Question,APCH1-Mean Arterial Pressure;APCH102,Ordinal,Acute Physiology and Chronic Health Evaluation II (APACHE II) Mean arterial pressure - mm Hg.,3,Clinical or Research Assessment Question (C91102); CDISC QRS Instruments Questions (C211913); APACHE II Clinical Classification Question (C120994); APACHE II - Mean Arterial Pressure (C121097),5
"APACHE II - Oxygenation, A-aDO2",C121100,"APACHE II - Oxygenation, A-aDO2 (C121100)",C120994,QRS;Clinical or Research Assessment Classification;Acute Physiology and Chronic Health Evaluation II Clinical Classification;APACHE II;APCH1;APACHE II Clinical Classification Question,APCH1-Oxygenation: A-aDO2;APCH105A,Ordinal,Acute Physiology and Chronic Health Evaluation II (APACHE II) Oxygenation (mm Hg): FIO2 greater than or equal to 0.5 record A-aDO2.,3,"Clinical or Research Assessment Question (C91102); CDISC QRS Instruments Questions (C211913); APACHE II Clinical Classification Question (C120994); APACHE II - Oxygenation, A-aDO2 (C121100)",5
"APACHE II - Oxygenation, PaO2",C121101,"APACHE II - Oxygenation, PaO2 (C121101)",C120994,QRS;Clinical or Research Assessment Classification;Acute Physiology and Chronic Health Evaluation II Clinical Classification;APACHE II;APCH1;APACHE II Clinical Classification Question,APCH1-Oxygenation: PaO2;APCH105B,Ordinal,Acute Physiology and Chronic Health Evaluation II (APACHE II) Oxygenation (mm Hg): FIO2 less than 0.5 record only PaO2.,3,"Clinical or Research Assessment Question (C91102); CDISC QRS Instruments Questions (C211913); APACHE II Clinical Classification Question (C120994); APACHE II - Oxygenation, PaO2 (C121101)",5
APACHE II - Respiratory Rate,C121099,APACHE II - Respiratory Rate (C121099),C120994,QRS;Clinical or Research Assessment Classification;Acute Physiology and Chronic Health Evaluation II Clinical Classification;APACHE II;APCH1;APACHE II Clinical Classification Question,APCH1-Respiratory Rate;APCH104,Ordinal,Acute Physiology and Chronic Health Evaluation II (APACHE II) Respiratory rate (non-ventilated or ventilated).,3,Clinical or Research Assessment Question (C91102); CDISC QRS Instruments Questions (C211913); APACHE II Clinical Classification Question (C120994); APACHE II - Respiratory Rate (C121099),5
APACHE II - Serum Creatinine,C121106,APACHE II - Serum Creatinine (C121106),C120994,QRS;Clinical or Research Assessment Classification;Acute Physiology and Chronic Health Evaluation II Clinical Classification;APACHE II;APCH1;APACHE II Clinical Classification Question,APCH1-Serum Creatinine;APCH109,Ordinal,Acute Physiology and Chronic Health Evaluation II (APACHE II) Serum creatinine (mg/100 mL) (double point score for acute renal failure).,3,Clinical or Research Assessment Question (C91102); CDISC QRS Instruments Questions (C211913); APACHE II Clinical Classification Question (C120994); APACHE II - Serum Creatinine (C121106),5
APACHE II - Serum HCO3,C121103,APACHE II - Serum HCO3 (C121103),C120994,QRS;Clinical or Research Assessment Classification;Acute Physiology and Chronic Health Evaluation II Clinical Classification;APACHE II;APCH1;APACHE II Clinical Classification Question,APCH1-Serum HCO3;APCH106B,Ordinal,"Acute Physiology and Chronic Health Evaluation II (APACHE II) Serum HCO3 (venous mMol/L) (Not preferred, use if no ABGs).",3,Clinical or Research Assessment Question (C91102); CDISC QRS Instruments Questions (C211913); APACHE II Clinical Classification Question (C120994); APACHE II - Serum HCO3 (C121103),5
APACHE II - Serum Potassium,C121105,APACHE II - Serum Potassium (C121105),C120994,QRS;Clinical or Research Assessment Classification;Acute Physiology and Chronic Health Evaluation II Clinical Classification;APACHE II;APCH1;APACHE II Clinical Classification Question,APCH1-Serum Potassium;APCH108,Ordinal,Acute Physiology and Chronic Health Evaluation II (APACHE II) Serum potassium (mMol/L).,3,Clinical or Research Assessment Question (C91102); CDISC QRS Instruments Questions (C211913); APACHE II Clinical Classification Question (C120994); APACHE II - Serum Potassium (C121105),5
APACHE II - Serum Sodium,C121104,APACHE II - Serum Sodium (C121104),C120994,QRS;Clinical or Research Assessment Classification;Acute Physiology and Chronic Health Evaluation II Clinical Classification;APACHE II;APCH1;APACHE II Clinical Classification Question,APCH1-Serum Sodium;APCH107,Ordinal,Acute Physiology and Chronic Health Evaluation II (APACHE II) Serum sodium (mMol/L).,3,Clinical or Research Assessment Question (C91102); CDISC QRS Instruments Questions (C211913); APACHE II Clinical Classification Question (C120994); APACHE II - Serum Sodium (C121104),5
"APACHE II - Temperature, Rectal",C121096,"APACHE II - Temperature, Rectal (C121096)",C120994,QRS;Clinical or Research Assessment Classification;Acute Physiology and Chronic Health Evaluation II Clinical Classification;APACHE II;APCH1;APACHE II Clinical Classification Question,APCH1-Temperature - Rectal;APCH101,Ordinal,Acute Physiology and Chronic Health Evaluation II (APACHE II) Temperature - rectal (degree C).,3,"Clinical or Research Assessment Question (C91102); CDISC QRS Instruments Questions (C211913); APACHE II Clinical Classification Question (C120994); APACHE II - Temperature, Rectal (C121096)",6
APACHE II - Total APACHE II Score,C121113,APACHE II - Total APACHE II Score (C121113),C120994,QRS;Clinical or Research Assessment Classification;Acute Physiology and Chronic Health Evaluation II Clinical Classification;APACHE II;APCH1;APACHE II Clinical Classification Question,APCH1-Total APACHE II Score;APCH116,Ordinal,Acute Physiology and Chronic Health Evaluation II (APACHE II) Total APACHE II score.,3,Clinical or Research Assessment Question (C91102); CDISC QRS Instruments Questions (C211913); APACHE II Clinical Classification Question (C120994); APACHE II - Total APACHE II Score (C121113),4
APACHE II - White Blood Count,C121108,APACHE II - White Blood Count (C121108),C120994,QRS;Clinical or Research Assessment Classification;Acute Physiology and Chronic Health Evaluation II Clinical Classification;APACHE II;APCH1;APACHE II Clinical Classification Question,APCH1-White Blood Count;APCH111,Ordinal,"Acute Physiology and Chronic Health Evaluation II (APACHE II) White blood count (total/mm3) (in 1,000s).",3,Clinical or Research Assessment Question (C91102); CDISC QRS Instruments Questions (C211913); APACHE II Clinical Classification Question (C120994); APACHE II - White Blood Count (C121108),5
APACHE II Clinical Classification Question,C120994,APACHE II Clinical Classification Question (C120994),C211913,QRS Instrument Questions,APACHE II Question,,A question associated with the APACHE II clinical classification.,2,Clinical or Research Assessment Question (C91102); CDISC QRS Instruments Questions (C211913); APACHE II Clinical Classification Question (C120994),0
ATLAS - Age,C147843,ATLAS - Age (C147843),C147551,QRS;Clinical or Research Assessment Classification;ATLAS Score Clinical Classification;ATLAS;ATLAS1;ATLAS Clinical Classification Question,ATLAS1-Age;ATLAS101;ATLAS - Age,Ordinal,ATLAS Score (ATLAS) Age.,3,Clinical or Research Assessment Question (C91102); CDISC QRS Instruments Questions (C211913); ATLAS Clinical Classification Question (C147551); ATLAS - Age (C147843),5
ATLAS - Albumin,C147846,ATLAS - Albumin (C147846),C147551,QRS;Clinical or Research Assessment Classification;ATLAS Score Clinical Classification;ATLAS;ATLAS1;ATLAS Clinical Classification Question,ATLAS1-Albumin;ATLAS104;ATLAS - Albumin,Ordinal,ATLAS Score (ATLAS) Albumin (serum).,3,Clinical or Research Assessment Question (C91102); CDISC QRS Instruments Questions (C211913); ATLAS Clinical Classification Question (C147551); ATLAS - Albumin (C147846),5
ATLAS - Leukocyte Count,C147845,ATLAS - Leukocyte Count (C147845),C147551,QRS;Clinical or Research Assessment Classification;ATLAS Score Clinical Classification;ATLAS;ATLAS1;ATLAS Clinical Classification Question,ATLAS1-Leukocyte Count;ATLAS103;ATLAS - Leukocyte Count,Ordinal,ATLAS Score (ATLAS) Leukocyte count (total).,3,Clinical or Research Assessment Question (C91102); CDISC QRS Instruments Questions (C211913); ATLAS Clinical Classification Question (C147551); ATLAS - Leukocyte Count (C147845),4
ATLAS - Score,C147848,ATLAS - Score (C147848),C147551,QRS;Clinical or Research Assessment Classification;ATLAS Score Clinical Classification;ATLAS;ATLAS1;ATLAS Clinical Classification Question,ATLAS1-Score;ATLAS106;ATLAS - Score,Ordinal,ATLAS Score (ATLAS) Score.,3,Clinical or Research Assessment Question (C91102); CDISC QRS Instruments Questions (C211913); ATLAS Clinical Classification Question (C147551); ATLAS - Score (C147848),4
ATLAS - Serum Creatinine,C147847,ATLAS - Serum Creatinine (C147847),C147551,QRS;Clinical or Research Assessment Classification;ATLAS Score Clinical Classification;ATLAS;ATLAS1;ATLAS Clinical Classification Question,ATLAS1-Serum Creatinine;ATLAS105;ATLAS - Serum Creatinine,Ordinal,ATLAS Score (ATLAS) Serum creatinine (as a measure of renal function).,3,Clinical or Research Assessment Question (C91102); CDISC QRS Instruments Questions (C211913); ATLAS Clinical Classification Question (C147551); ATLAS - Serum Creatinine (C147847),5
ATLAS - Treatment With Antibiotics,C147844,ATLAS - Treatment With Antibiotics (C147844),C147551,QRS;Clinical or Research Assessment Classification;ATLAS Score Clinical Classification;ATLAS;ATLAS1;ATLAS Clinical Classification Question,ATLAS1-Treatment With Antibiotics;ATLAS102;ATLAS - Treatment With Antibiotics,Ordinal,ATLAS Score (ATLAS) Treatment with systemic antibiotics during CDI therapy (>= 1 day).,3,Clinical or Research Assessment Question (C91102); CDISC QRS Instruments Questions (C211913); ATLAS Clinical Classification Question (C147551); ATLAS - Treatment With Antibiotics (C147844),4
ATLAS Clinical Classification Question,C147551,ATLAS Clinical Classification Question (C147551),C211913,QRS Instrument Questions,,,A question associated with the ATLAS clinical classification.,2,Clinical or Research Assessment Question (C91102); CDISC QRS Instruments Questions (C211913); ATLAS Clinical Classification Question (C147551),0
ATLAS Score Clinical Classification,C147589,ATLAS Score Clinical Classification (C147589),C118969,QRS;Clinical or Research Assessment Classification;ATLAS Score Clinical Classification;ATLAS;ATLAS1,ATLAS;ATLAS1,,"A standardized scoring system created by Miller et al. in 2013 that assesses age, treatment with systemic antibiotics, leukocyte count, albumin and serum creatinine to predict treatment response or mortality from Clostridium difficile infection.",1,Clinical or Research Assessment Classification (C118969); ATLAS Score Clinical Classification (C147589),4
Abdominal Skinfold Thickness,C103346,Abdominal Skinfold Thickness (C103346),C77537,Vital Signs;Body Measurements,ABSKNF,Quantitative,A measurement for determining the subcutaneous fat layer thickness whereby a pinch of skin approximately five centimeters to the right of the umbilicus is measured using calipers.,1,Skinfold Thickness Analysis (C77537); Abdominal Skinfold Thickness (C103346),3
Abnormal Bleeding Indicator,C154889,Abnormal Bleeding Indicator (C154889),C181043,Reproductive Findings;Clinical Findings Indicator;Indicator,BLEEDIND;Abnormal Indicator,Nominal,An indication as to whether there is the presence of abnormal bleeding.,1,Clinical Findings Indicator (C181043); Abnormal Bleeding Indicator (C154889),4
Abnormal Blood Chemistry and Hematology Test Result,C35553,Abnormal Blood Chemistry and Hematology Test Result (C35553),,Laboratory Tests;Abnormal Laboratory Test Results,,,A laboratory test result that indicates the presence of abnormal blood chemistry and/or hematology values.,0,Abnormal Blood Chemistry and Hematology Test Result (C35553),0
Abnormal Finding,C82547,Abnormal Finding (C82547),,Findings;Clinical Test Results,,,A decision that an observation or result is outside the parameters considered normal.,0,Abnormal Finding (C82547),0
Abnormal Indicator,C93491,Abnormal Indicator (C93491),,Clinical Findings Indicator;Indicator,,,Specifies whether an interpreted event or entity is abnormal.,0,Abnormal Indicator (C93491),0
Abnormal Involuntary Movement Scale Clinical Classification,C102111,Abnormal Involuntary Movement Scale Clinical Classification (C102111),C118969,QRS;Clinical or Research Assessment Classification;Abnormal Involuntary Movement Scale Clinical Classification;AIMS;AIMS01,AIMS;AIMS01,,"A standardized rating scale developed by William Guy in 1976 which is used to evaluate the severity of tardive dyskinesia in individuals taking neuroleptic agents. This instrument contains 5 sections with a total of 12 items pertaining to facial and oral movements, global judgments, trunk movements, dental status, and extremity movements. Each item is rated on either a 0 to 4 scale with 0 being none and 4 being severe, or as 'yes' or 'no.'",1,Clinical or Research Assessment Classification (C118969); Abnormal Involuntary Movement Scale Clinical Classification (C102111),4
Absolute Basophil Count,C64470,Absolute Basophil Count (C64470),C51948,Laboratory Tests;Hematology Tests;Blood Cell Counts;White Blood Cell Counts,Basophils;Total Basophil Count,Quantitative,The total number of white blood cells that are basophils. It is calculated by multiplying the white blood cell count by the percent of basophils in the differential white blood cell count.,3,Hematology Test (C49286); Blood Cell Count (C28133); Leukocyte Count (C51948); Absolute Basophil Count (C64470),5
Absolute Neutrophil Count,C63321,Absolute Neutrophil Count (C63321),C51950,Laboratory Tests;Hematology Tests;Blood Cell Counts;Leukocyte Counts;Neutrophil Counts,Neutrophils;Total Neutrophil Count;NEUT,Quantitative;Ordinal,"The real number of white blood cells (WBC) that are neutrophils. It is derived by multiplying the WBC count by the percent of neutrophils in the differential WBC count. The normal range for ANC is 1.5 to 8.0 (1,500 to 8,000/mm3).",4,Hematology Test (C49286); Blood Cell Count (C28133); Leukocyte Count (C51948); Neutrophil Count (C51950); Absolute Neutrophil Count (C63321),5
Academic Research Council Coronary Stent Thrombosis Timing,C123424,Academic Research Council Coronary Stent Thrombosis Timing (C123424),C35552,Findings About Cardiovascular Events;Cardiovascular System Finding,"STCTIMNG;Stent Thrombosis, Coronary, ARC Timing",Nominal,Categorization of the timing of coronary stent thrombosis occurrence per the classification schema described by the Academic Research Consortium (ARC).,1,Cardiovascular System Finding (C35552); Academic Research Council Coronary Stent Thrombosis Timing (C123424),6
Activated Partial Thromboplastin Time,C38462,Activated Partial Thromboplastin Time (C38462),C81959,Laboratory Tests;Chemistry Tests;Hematology Tests;Coagulation Study;Blood Protein Measurements;Factor III Measurements,APTT,Quantitative,A measurement of the length of time that it takes for clotting to occur when activating reagents are added to a plasma specimen. The test is partial due to the absence of tissue factor (Factor III) from the reaction mixture.,1,Factor III Measurement (C81959); Activated Partial Thromboplastin Time (C38462),5
Active Comparator,C68609,Active Comparator (C68609),,Clinical Trial Attribute;Trial Summary,Active Control,,"A therapeutically active agent, treatment regimen or procedure that is intended to provide baseline measurements for the experimental protocol of a clinical trial.",0,Active Comparator (C68609),0
Active Comparator Drug,C68612,Active Comparator Drug (C68612),C68609,Trial Summary,Comparative Treatment Name;COMPTRT,Nominal,A therapeutically active agent that is intended to provide baseline measurements for the experimental protocol of a clinical trial.,1,Active Comparator (C68609); Active Comparator Drug (C68612),5
Actively Menstruating Indicator,C204695,Actively Menstruating Indicator (C204695),C25180,Reproductive Findings;Clinical Findings Indicator;Indicator,AMENSIND,Nominal,An indication as to whether the subject is menstruating at the time the question is asked.,1,Indicator (C25180); Actively Menstruating Indicator (C204695),2
Actual Date of Delivery,C178050,Actual Date of Delivery (C178050),,Reproductive Findings;Age,ADLVRDTC,Temporal,The date on which the delivery event occurred.,0,Actual Date of Delivery (C178050),2
Actual Subject Number,C98703,Actual Subject Number (C98703),C49695,Trial Summary,ACTSUB;Actual Number of Subjects,Quantitative,The actual number of subjects entered into a clinical trial.,1,Study Subject Group Characteristics (C49695); Actual Subject Number (C98703),3
Acute Myocardial Infarction From PCI Complication Type,C119239,Acute Myocardial Infarction From PCI Complication Type (C119239),C25284,Findings About Cardiovascular Events;Cardiovascular System Finding,PCIAAC;PCI Acute Angiographic Complication,Nominal,A description of the complications from a percutaneous coronary intervention procedure that lead to an acute myocardial ischemic event.,1,Type (C25284); Acute Myocardial Infarction From PCI Complication Type (C119239),6
Acute Myocardial Infarction Type,C118936,Acute Myocardial Infarction Type (C118936),C35552,Findings About Cardiovascular Events;Cardiovascular System Finding,ACMITYPE,Ordinal,A classification or description of the acute myocardial infarction.,1,Cardiovascular System Finding (C35552); Acute Myocardial Infarction Type (C118936),8
Acute Physiology and Chronic Health Evaluation II Clinical Classification,C121005,Acute Physiology and Chronic Health Evaluation II Clinical Classification (C121005),C118969,QRS;Clinical or Research Assessment Classification;Acute Physiology and Chronic Health Evaluation II Clinical Classification;APACHE II;APCH1,APACHE II,,"A standardized rating scale developed by Knaus et al in 1985, which is a classification system used to measure severity of disease. This instrument uses a point score system based on physiological measurements, age and previous health status.",1,Clinical or Research Assessment Classification (C118969); Acute Physiology and Chronic Health Evaluation II Clinical Classification (C121005),4
Adaptive Study Design Indicator,C146995,Adaptive Study Design Indicator (C146995),C25180,Trial Summary,ADAPT;Adaptive Design,Nominal,"An indication as to whether a study's design includes a prospectively planned opportunity for modification of one or more specified aspects of the study design and/or hypotheses based on analysis of data, usually interim data.",1,Indicator (C25180); Adaptive Study Design Indicator (C146995),6
Additional Disease-Related Findings,C189634,Additional Disease-Related Findings (C189634),C36291,Respiratory System Findings,ADDRELF,Nominal;Narrative,"A determination of additional abnormalities and/or other observations that may be associated with the disease of interest, for which a targeted test has not been identified in the data.",1,Finding by Cause (C36291); Additional Disease-Related Findings (C189634),2
Additional Outcome Measure,C156601,Additional Outcome Measure (C156601),C70705,Trial Summary,OUTMSADD,Nominal,"Additional key measures that will be used to evaluate the intervention(s) or, for observational studies, that are a focus of the study, but which are not considered primary or secondary outcome measures.",1,Component of Study Protocol (C70705); Additional Outcome Measure (C156601),3
Adrenarche Age,C189362,Adrenarche Age (C189362),C69217,Reproductive Findings;Age,ADRNRAGE,Quantitative,The age at onset of adrenal androgen-mediated secondary sexual characteristics.,1,Age Started (C69217); Adrenarche Age (C189362),3
Adverse Event Yes No Indicator,C83347,Adverse Event Yes No Indicator (C83347),C82438,Event Occurrence Indicators,AEYN,Nominal,An indication of whether an adverse event has occurred.,1,Event Occurrence Indicator (C82438); Adverse Event Yes No Indicator (C83347),2
Adverse Event [RETIRED],C41331,Adverse Event [RETIRED] (C41331),,Subject Disposition,,,"Any unfavorable or unintended disease, sign, or symptom (including an abnormal laboratory finding) that is temporally associated with the use of a medical treatment or procedure, and that may or may not be considered related to the medical treatment or procedure. Such events can be related to the intervention, dose, route of administration, patient, or caused by an interaction with another drug(s) or procedure(s). [RETIRED]",0,Adverse Event [RETIRED] (C41331),0
Age,C25150,Age (C25150),,Age,,,How long something has existed; elapsed time since birth.,0,Age (C25150),0
Age Started,C69217,Age Started (C69217),,Age,Age at Onset,Quantitative,The age of a person at the start of a specific event.,0,Age Started (C69217),0
Age at Death,C135383,Age at Death (C135383),C25150,Death Diagnosis and Details;Age,AGEDTH;Age At Date of Death,Quantitative,The age at which death occurred.,1,Age (C25150); Age at Death (C135383),3
Age at First Oral Sex,C201481,Age at First Oral Sex (C201481),C25150,Reproductive Findings;Age,FSXOAGE,Quantitative,The age at which first oral sex occurred.,1,Age (C25150); Age at First Oral Sex (C201481),3
Age at First Sexual Intercourse,C201480,Age at First Sexual Intercourse (C201480),C25150,Reproductive Findings;Age,FSXIAGE,Quantitative,The age at which first sexual intercourse occurred.,1,Age (C25150); Age at First Sexual Intercourse (C201480),3
Age at Menarche,C19666,Age at Menarche (C19666),C25150,Reproductive Findings;Age,MENARAGE;Menarche Age,Quantitative,Age of an individual at their first menstruation.,1,Age (C25150); Age at Menarche (C19666),3
Age at Menopause,C106497,Age at Menopause (C106497),C25150,Reproductive Findings;Age,MENOAGE;Menopause Age,Quantitative,The age at which permanent cessation of menses occurs.,1,Age (C25150); Age at Menopause (C106497),3
Agent,C1708,Agent (C1708),,Clinical Trial Attribute;Trial Summary,,,"An active power or cause (as principle, substance, physical or biological factor, etc.) that produces a specific effect.",0,Agent (C1708),0
Aggregate PR Interval,C117773,Aggregate PR Interval (C117773),C62085,Electrocardiogram Findings;Electrocardiogram Measurements;ECG Measurements,PR Interval Aggregate;PQ Interval Aggregate;PRAG;PQAG,Quantitative,"An aggregate PR value based on the measurement of PR intervals from multiple beats within a single ECG. The method of aggregation, which can vary, is typically a measure of central tendency such as the mean. (CDISC)",1,ECG Measurement (C62085); Aggregate PR Interval (C117773),9
Aggregate QRS Duration,C117779,Aggregate QRS Duration (C117779),C62085,Electrocardiogram Findings;Electrocardiogram Measurements;ECG Measurements,QRS Aggregate Duration;QRSAG,Quantitative,"An aggregate QRS value based on the measurement of QRS intervals from multiple beats within a single ECG. The method of aggregation, which can vary, is typically a measure of central tendency such as the mean. (CDISC)",1,ECG Measurement (C62085); Aggregate QRS Duration (C117779),9
Aggregate QT Interval,C117783,Aggregate QT Interval (C117783),C62085,Electrocardiogram Findings;Electrocardiogram Measurements;ECG Measurements,QT Interval Aggregate;QTAG,Quantitative,"An aggregate QT value based on the measurement of QT intervals from multiple beats within a single ECG. The method of aggregation, which can vary, is typically a measure of central tendency such as the mean. (CDISC)",1,ECG Measurement (C62085); Aggregate QT Interval (C117783),9
Aggregate QTCB Interval,C117784,Aggregate QTCB Interval (C117784),C62085,Electrocardiogram Findings;Electrocardiogram Measurements;ECG Measurements,QTCB Interval Aggregate;QTCBAG,Quantitative,A QT aggregate interval corrected for heart rate using Bazett's formula.,1,ECG Measurement (C62085); Aggregate QTCB Interval (C117784),9
Aggregate QTCF Interval,C117786,Aggregate QTCF Interval (C117786),C62085,Electrocardiogram Findings;Electrocardiogram Measurements;ECG Measurements,QTCF Interval Aggregate;QTCFAG,Quantitative,A QT aggregate interval corrected for heart rate using Fridericia's formula.,1,ECG Measurement (C62085); Aggregate QTCF Interval (C117786),9
Aggregate RR Interval,C117791,Aggregate RR Interval (C117791),C62085,Electrocardiogram Findings;Electrocardiogram Measurements;ECG Measurements,RR Interval Aggregate;RRAG,Quantitative,"An aggregate RR value based on the measurement of RR intervals from multiple beats within a single ECG. The method of aggregation, which can vary, is typically a measure of central tendency such as the mean. (CDISC)",1,ECG Measurement (C62085); Aggregate RR Interval (C117791),9
Air Trapping Measurement,C170620,Air Trapping Measurement (C170620),C38081,Respiratory System Findings;Pulmonary Function Test,Air Trapping;AIRTRAP,Quantitative,A measurement of the gas retention in a specified intrapulmonary space at the end of exhalation.,1,Pulmonary Function Test (C38081); Air Trapping Measurement (C170620),3
Airway Conductance,C124422,Airway Conductance (C124422),C38081,Respiratory System Findings;Pulmonary Function Test,GAW,Quantitative,"The instantaneous rate of gas flow in the airway, expressed as the pressure difference between any given part of the airway and the alveoli; it is the reciprocal of airway resistance (Raw).",1,Pulmonary Function Test (C38081); Airway Conductance (C124422),2
Airway Resistance,C120927,Airway Resistance (C120927),C38081,Respiratory System Findings;Pulmonary Function Test,AIRRES;RAW;Raw,Quantitative,An assessment of the opposition to airflow through the respiratory tract on inspiration and/or expiration.,1,Pulmonary Function Test (C38081); Airway Resistance (C120927),3
Airway Volume,C170457,Airway Volume (C170457),C25335,Respiratory System Findings,AWVOL,Quantitative,The total volume of gas in a specified airway or set of airways at a specified point in time in the respiratory cycle.,1,Volume (C25335); Airway Volume (C170457),3
Airway Wall Volume,C170619,Airway Wall Volume (C170619),C170457,Respiratory System Findings,AWWVOL,Quantitative,The volume of the entirety of the airway tissue in a specified intrapulmonary region.,2,Volume (C25335); Airway Volume (C170457); Airway Wall Volume (C170619),3
Alanine Aminotransferase Measurement,C64433,Alanine Aminotransferase Measurement (C64433),C74954,Laboratory Tests;Chemistry Tests;Liver Function Tests;Drug-Induced Liver Injury;DILI,ALT;SGPT,Quantitative,A quantitative measurement of alanine aminotransferase present in a sample.,2,Chemistry Test (C49237); Liver Function Test (C74954); Alanine Aminotransferase Measurement (C64433),5
Albumin Measurement,C64431,Albumin Measurement (C64431),C74954,Laboratory Tests;Chemistry Tests;Liver Function Tests;Drug-Induced Liver Injury;DILI,Albumin,Quantitative;Ordinal,A quantitative measurement of albumin present in a sample.,2,Chemistry Test (C49237); Liver Function Test (C74954); Albumin Measurement (C64431),5
Albumin to Creatinine Ratio Measurement,C74761,Albumin to Creatinine Ratio Measurement (C74761),C64431,Laboratory Tests;Chemistry Tests;Ratio Measurements,Albumin/Creatinine;Albumin/creatinine ratio;Albumin/creatinine ratio measurement;Microalbumin/Creatinine Ratio;ALBCREAT,Quantitative,The determination of the ratio of albumin compared to creatinine present in a sample. The measurement may be expressed as a ratio or percentage.,3,Chemistry Test (C49237); Liver Function Test (C74954); Albumin Measurement (C64431); Albumin to Creatinine Ratio Measurement (C74761),5
Albumin to Total Protein Ratio Measurement,C103453,Albumin to Total Protein Ratio Measurement (C103453),C64431,Laboratory Tests;Chemistry Tests;Ratio Measurements,Albumin/Total Protein;ALBPROT,Quantitative,The determination of the ratio of the albumin compared with total protein in a biological sample. The measurement may be expressed as a ratio or percentage.,3,Chemistry Test (C49237); Liver Function Test (C74954); Albumin Measurement (C64431); Albumin to Total Protein Ratio Measurement (C103453),5
Alcohol Use History,C81229,Alcohol Use History (C81229),,Substance Use;Personal Medical History;Medical History,Alcohol History;Alcohol Use,Nominal,A description of an individual's current and past experience with alcoholic beverage consumption.,0,Alcohol Use History (C81229),18
Algorithm,C16275,Algorithm (C16275),,Clinical Trial Attribute;Trial Summary,Algorithms,,A defined procedure for solving a problem. Applied to a problem-solving procedure implemented in software to be executed by a computer.,0,Algorithm (C16275),0
Alkaline Phosphatase Measurement,C64432,Alkaline Phosphatase Measurement (C64432),C74954,Laboratory Tests;Chemistry Tests;Liver Function Tests;Drug-Induced Liver Injury;DILI,Alkaline Phosphatase,Quantitative,A quantitative measurement of alkaline phosphatase present in a sample.,2,Chemistry Test (C49237); Liver Function Test (C74954); Alkaline Phosphatase Measurement (C64432),5
Allergen Skin Response Index Measurement,C112221,Allergen Skin Response Index Measurement (C112221),C15260,Immunology Tests;Immunodiagnostic Procedure;Skin Response,ASRINDEX,Quantitative,The ratio measurement of the allergen wheal size to the positive control wheal size in an allergen skin test.,1,Immunodiagnostic Procedure (C15260); Allergen Skin Response Index Measurement (C112221),6
Allergen Skin Response Intensity Measurement,C112222,Allergen Skin Response Intensity Measurement (C112222),C15260,Immunology Tests;Immunodiagnostic Procedure;Skin Response,ASRINT,Quantitative;Nominal,The semiquantitative assessment of the wheal-and-flare index that measures the intensity of the reaction.,1,Immunodiagnostic Procedure (C15260); Allergen Skin Response Intensity Measurement (C112222),6
Allergen-induced Antibody Measurement,C182150,Allergen-induced Antibody Measurement (C182150),,Laboratory Tests;Immunogenicity Specimen Assessments,,,"The determination of the allergen-induced, binding antibody in a biospecimen.",0,Allergen-induced Antibody Measurement (C182150),0
Allergen-induced IgA Antibody Measurement,C187776,Allergen-induced IgA Antibody Measurement (C187776),C182150,Laboratory Tests;Immunogenicity Specimen Assessments;Immunoglobulin A Measurements;Allergen-induced Antibody Measurements,ARIGAAB;Allergen-induced IgA Antibody,Quantitative;Ordinal,The determination of the amount of allergen-induced IgA antibody in a sample.,1,Allergen-induced Antibody Measurement (C182150); Allergen-induced IgA Antibody Measurement (C187776),9
Allergen-induced IgE Antibody Measurement,C181398,Allergen-induced IgE Antibody Measurement (C181398),C182150,Laboratory Tests;Immunogenicity Specimen Assessments;Immunoglobulin E Measurements;Allergen-induced Antibody Measurements,ARIGEAB;Allergen-induced IgE Antibody,Quantitative;Ordinal,"The determination of the allergen-induced, binding IgE antibody in a biospecimen.",1,Allergen-induced Antibody Measurement (C182150); Allergen-induced IgE Antibody Measurement (C181398),11
Allergen-induced IgG Antibody Measurement,C187777,Allergen-induced IgG Antibody Measurement (C187777),C182150,Laboratory Tests;Immunogenicity Specimen Assessments;Immunoglobulin G Measurements;Allergen-induced Antibody Measurements,ARIGGAB;Allergen-induced IgG Antibody,Quantitative;Ordinal,The determination of the amount of allergen-induced IgG antibody in a sample.,1,Allergen-induced Antibody Measurement (C182150); Allergen-induced IgG Antibody Measurement (C187777),11
Allergen-induced IgM Antibody Measurement,C187779,Allergen-induced IgM Antibody Measurement (C187779),C182150,Laboratory Tests;Immunogenicity Specimen Assessments;Immunoglobulin M Measurements;Allergen-induced Antibody Measurements,ARIGMAB;Allergen-induced IgM Antibody,Quantitative,The determination of the amount of allergen-induced IgM antibody in a sample.,1,Allergen-induced Antibody Measurement (C182150); Allergen-induced IgM Antibody Measurement (C187779),9
Alpha Angle of the Hip,C191306,Alpha Angle of the Hip (C191306),C110937,Musculoskeletal Finding,ALPHANGL;Alpha Angle,Quantitative,A measurement of the angle between the line from the center of the femoral head to the center of the femoral neck at its narrowest point and the line from the center of the femoral head to a point where the distance from the bone to the center of the head is greater than the radius of the cartilage-covered femoral head.,1,Musculoskeletal Finding (C110937); Alpha Angle of the Hip (C191306),6
Alveolar Volume,C156584,Alveolar Volume (C156584),C38081,Respiratory System Findings;Pulmonary Function Test,ALVVOL;VA,Quantitative,The quantity of fresh gas that enters the alveoli during inspiration.,1,Pulmonary Function Test (C38081); Alveolar Volume (C156584),3
Alzheimer's Disease Assessment Scale-Cognitive CDISC Version Functional Test,C100762,Alzheimer's Disease Assessment Scale-Cognitive CDISC Version Functional Test (C100762),C222259,QRS;Functional Assessment;Alzheimer's Disease Assessment Scale-Cognitive CDISC Version Functional Test;ADAS-Cog;ADC,,,"The CDISC version of the Alzheimer's Disease Assessment Scale-Cognitive (CDISC ADAS-Cog) containing 15 summary-level tests. This version is based on combining the total pool of ADAS-Cog tests that were observed during a review of multiple case report forms administered in clinical trials of Alzheimer's disease, as well as the CRF administered in the Alzheimer's Disease Neuroimaging Initiative (ADNI) observational study. (Modified from Mohs RC, Rosen WG, Davis KL. The Alzheimer's disease assessment scale: an instrument for assessing treatment efficacy. Psychopharmacol Bull 1983;19(3):448-450. Rosen WG, Mohs RC, Davis KL. A new rating scale for Alzheimer's disease. Am J Psychiatry 1984;141(11):1356-1364. Mohs RC, Knopman D, Petersen RC et al. Development of cognitive instruments for use in clinical trials of antidementia drugs: additions to the Alzheimer's Disease Assessment Scale that broaden its scope. The Alzheimer's Disease Cooperative Study. Alzheimer Dis Assoc Disord 1997;11 Suppl 2:S13-S21. Wouters H, van Gool WA, Schmand B, Lindeboom R. Revising the ADAS-cog for a more accurate assessment of cognitive impairment. Alzheimer Dis Assoc Disord 2008;22(3):236-244.).",1,Cognitive Assessment Tool (C222259); Alzheimer's Disease Assessment Scale-Cognitive CDISC Version Functional Test (C100762),4
Analysis,C25391,Analysis (C25391),,Analysis;Respiratory System Findings;Electrocardiogram Findings;Electrocardiogram Interpretation;ECG Findings;ECG Interpretation,Analyze;Analytical;Analyzed,,"Examination and interpretation; the process of identifying an issue to be understood and addressed, modelling the issue, investigating the model results, interpreting the results, and possibly making a recommendation. The concept also refers to the examination and study of a whole in terms of the parts composing it.",0,Analysis (C25391),0
Anatomic Response,C156564,Anatomic Response (C156564),C50995,Oncology Standards;Disease Response;Disease Response Criteria;Disease Response and Clinical Classification;RS;LUGANO CLASSIFICATION,ANATRESP,Ordinal,An assessment of the anatomic response (based on changes in size of anatomic structures) of the disease to the therapy.,1,Disease Response (C50995); Anatomic Response (C156564),5
Anatomical Circumference,C172255,Anatomical Circumference (C172255),,Vital Signs;Body Measurements,,,Measurements of body parts that have a measurable distance around them.,0,Anatomical Circumference (C172255),0
Anisocyte Measurement,C74797,Anisocyte Measurement (C74797),C51946,Laboratory Tests;Hematology Tests;Blood Cell Counts;Erythrocyte Counts,Anisocytes;Anisocytosis;ANISO,Ordinal,The determination of the number of anisocytes present in a sample.,3,Hematology Test (C49286); Blood Cell Count (C28133); Erythrocyte Count (C51946); Anisocyte Measurement (C74797),4
Ankle-Brachial Index,C87304,Ankle-Brachial Index (C87304),C19591,Vital Signs;Blood Pressure,ABI;Ankle-Arm Index;Ankle-Arm Pressure Index;Ankle-Brachial Pressure Index,Quantitative,"The ratio of ankle systolic pressure to brachial systolic pressure, used to assess arterial insufficiency in the lower extremities.",1,Diagnostic Factor (C19591); Ankle-Brachial Index (C87304),2
Antibody Measurement,C210010,Antibody Measurement (C210010),,Laboratory Tests;Immunology Tests,,,The determination of the amount of antibodies present in a sample.,0,Antibody Measurement (C210010),0
Anticipated Adverse Event [RETIRED],C156629,Anticipated Adverse Event [RETIRED] (C156629),C41331,Events;Reported Events;Adverse Events,Adverse Event;Prespecified Adverse Event,Nominal,An adverse event that is reasonably expected and/or listed in the clinical protocol or other study-related document. [RETIRED],1,Adverse Event [RETIRED] (C41331); Anticipated Adverse Event [RETIRED] (C156629),26
Antigenic Skin Flare Longest Diameter Measurement,C112281,Antigenic Skin Flare Longest Diameter Measurement (C112281),C15260,Immunology Tests;Immunodiagnostic Procedure;Skin Response,Flare Longest Diameter;FLRLDIAM,Quantitative,The determination of the longest diameter for the area of redness that forms around the site of an antigenic challenge to the skin.,1,Immunodiagnostic Procedure (C15260); Antigenic Skin Flare Longest Diameter Measurement (C112281),7
Antigenic Skin Flare Mean Diameter Measurement,C112282,Antigenic Skin Flare Mean Diameter Measurement (C112282),C15260,Immunology Tests;Immunodiagnostic Procedure;Skin Response,Flare Mean Diameter;FLRMDIAM,Quantitative,The determination of the mean diameter for the area of redness that forms around the site of an antigenic challenge to the skin.,1,Immunodiagnostic Procedure (C15260); Antigenic Skin Flare Mean Diameter Measurement (C112282),7
Antigenic Skin Flare Size Measurement,C112283,Antigenic Skin Flare Size Measurement (C112283),C15260,Immunology Tests;Immunodiagnostic Procedure;Skin Response,Flare Size;FLARESZ,Ordinal,The determination of the size of the area of redness that forms around the site of an antigenic challenge to the skin.,1,Immunodiagnostic Procedure (C15260); Antigenic Skin Flare Size Measurement (C112283),6
Appendicular Skeletal Muscle Mass Measurement,C178018,Appendicular Skeletal Muscle Mass Measurement (C178018),C112025,Musculoskeletal Findings;Mass Measurements,ASMM;ASMMASS,Quantitative,A measurement of the mass of the muscles of the arms and legs.,1,Mass Measurement (C112025); Appendicular Skeletal Muscle Mass Measurement (C178018),6
Applicant,C61186,Applicant (C61186),,Clinical Trial Attribute;Trial Summary,,,A person who requests or seeks something such as assistance or employment or admission.,0,Applicant (C61186),0
Appropriate Developmental Age Indicator,C171499,Appropriate Developmental Age Indicator (C171499),C25180,Subject Characteristics;Indicators,ADEVAIND;Appropriate Development For Age Indicator,Nominal,"An indication as to whether the subject's chronological age matches their physical, emotional, social, and cognitive functioning.",1,Indicator (C25180); Appropriate Developmental Age Indicator (C171499),3
Arm Span,C181553,Arm Span (C181553),,Vital Signs;Body Measurements,ARMSPAN;Armspan;Reach;Wingspan,Quantitative,"A measurement of the length from the tip of the middle finger on one hand to the tip of the middle finger on the other hand with the individual standing against the wall with both arms abducted to 90 degrees, the elbows and wrists extended, and the palms facing directly forward. (Philip H. Quanjer, Andre Capderou, Mumtaz M. Mazicioglu, Ashutosh N. Aggarwal, Sudip Datta Banik, Stevo Popovic, Francis A.K. Tayie, Mohammad Golshan, Mary S.M. Ip, Marc Zelter. European Respiratory Journal 2014 44: 905-912)",0,Arm Span (C181553),3
Arterial Blood Gas Measurement,C71252,Arterial Blood Gas Measurement (C71252),,Laboratory Tests;Chemistry Tests,ABG,,"Measures the acidity (pH) and the levels of oxygen, carbon dioxide, and bicarbonate in the blood.",0,Arterial Blood Gas Measurement (C71252),0
Aspartate Aminotransferase Measurement,C64467,Aspartate Aminotransferase Measurement (C64467),C74954,Laboratory Tests;Chemistry Tests;Liver Function Tests;Drug-Induced Liver Injury;DILI,AST;SGOT,Quantitative,A quantitative measurement of aspartate aminotransferase present in a sample.,2,Chemistry Test (C49237); Liver Function Test (C74954); Aspartate Aminotransferase Measurement (C64467),5
Assay,C60819,Assay (C60819),,Laboratory Tests;Mixed Category Laboratory Procedure;Assay,,,A qualitative or quantitative analysis performed to determine the amount of a particular constituent in a sample or the biological or pharmacological properties or activity of a drug or substance.,0,Assay (C60819),0
Atrioventricular Conduction ECG Assessment,C111131,Atrioventricular Conduction ECG Assessment (C111131),C83146,Electrocardiogram Findings;Electrocardiogram Abnormalities;ECG Findings;ECG Abnormalities,AVCOND;Atrioventricular Conduction,Nominal,An electrocardiographic assessment of the transmission of electrical impulses between the atria and ventricles.,1,Electrocardiogram Test (C83146); Atrioventricular Conduction ECG Assessment (C111131),7
Autoantibody Measurement,C181397,Autoantibody Measurement (C181397),,Laboratory Tests;Immunogenicity Specimen Assessments;Autoantibody Measurements,,,The determination of the binding autoantibody in a biospecimen.,0,Autoantibody Measurement (C181397),0
Automated Breast Ultrasound,C186741,Automated Breast Ultrasound (C186741),C19337,Diagnostic Imaging;Medical Imaging,Automated Ultrasound;Diagnostic Ulatrasound;Ultrasound,Nominal,"A method of ultrasonography for secondary breast cancer screening in asymptomatic women with dense breasts. It uses an ultrasound scanner and a transducer device which moves automatically in a scan box. The patient lies in a supine position and automated breast ultrasound is performed in anteroposterior, medial, and lateral views routinely, and in the superior or inferior view additionally in cases of large breasts. The image series is used for 3-dimensional image reconstruction and tumor detection.",3,Imaging Procedure (C17369); Ultrasound Imaging (C17230); Diagnostic Ultrasound (C19337); Automated Breast Ultrasound (C186741),11
Autopsy Indicator,C135384,Autopsy Indicator (C135384),C25180,Indicator,AUTOPIND;Was Autopsy Performed,Ordinal,An indication as to whether an autopsy was performed.,1,Indicator (C25180); Autopsy Indicator (C135384),2
Average Menstrual Cycle Duration,C189354,Average Menstrual Cycle Duration (C189354),C119549,Reproductive Findings,MENSDURA;Average Menstrual Cycle Length,Quantitative,The average length of time of the menses cycle.,2,Duration (C25330); Menstrual Cycle Duration (C119549); Average Menstrual Cycle Duration (C189354),3
Axis and Voltage ECG Assessment,C111132,Axis and Voltage ECG Assessment (C111132),C83146,Electrocardiogram Findings;Electrocardiogram Abnormalities;ECG Findings;ECG Abnormalities,AXISVOLT;Axis and Voltage,Nominal,An electrocardiographic assessment of the mean cardiac electrical vector and ECG voltage.,1,Electrocardiogram Test (C83146); Axis and Voltage ECG Assessment (C111132),7
B-Lymphocyte Count,C174314,B-Lymphocyte Count (C174314),C51949,Laboratory Tests;Hematology Tests;Blood Cell Counts;White Blood Cell Counts,B-Cell Lymphocytes;B-Cells;B-Lymphocytes,Quantitative,A measurement of the B-lymphocyte count in a sample.,4,Hematology Test (C49286); Blood Cell Count (C28133); Leukocyte Count (C51948); Lymphocyte Count (C51949); B-Lymphocyte Count (C174314),5
BMI-for-Age Percentile,C163567,BMI-for-Age Percentile (C163567),,Vital Signs;Body Measurements,BMIAPCTL,Quantitative,"A measurement of an individual's body mass index in relationship to age, in comparison to a reference percentile curve.",0,BMI-for-Age Percentile (C163567),2
BPRS-Anchored - Anxiety,C100373,BPRS-Anchored - Anxiety (C100373),C100109,QRS;Clinical or Research Assessment Classification;Brief Psychiatric Rating Scale A Clinical Classification;BPRS-A;BPRSA1;BPRS-Anchored Clinical Classification Question,BPRSA1-Anxiety;BPRSA102;BPRS-Anchored - Anxiety,Ordinal,Brief Psychiatric Rating Scale-Anchored (BPRS-A) Anxiety.,3,Clinical or Research Assessment Question (C91102); CDISC QRS Instruments Questions (C211913); BPRS-Anchored Clinical Classification Question (C100109); BPRS-Anchored - Anxiety (C100373),5
BPRS-Anchored - Blunted Affect,C100387,BPRS-Anchored - Blunted Affect (C100387),C100109,QRS;Clinical or Research Assessment Classification;Brief Psychiatric Rating Scale A Clinical Classification;BPRS-A;BPRSA1;BPRS-Anchored Clinical Classification Question,BPRSA1-Blunted Affect;BPRSA116;BPRS-Anchored - Blunted Affect,Ordinal,Brief Psychiatric Rating Scale-Anchored (BPRS-A) Blunted affect.,3,Clinical or Research Assessment Question (C91102); CDISC QRS Instruments Questions (C211913); BPRS-Anchored Clinical Classification Question (C100109); BPRS-Anchored - Blunted Affect (C100387),5
BPRS-Anchored - Conceptual Disorganization,C100375,BPRS-Anchored - Conceptual Disorganization (C100375),C100109,QRS;Clinical or Research Assessment Classification;Brief Psychiatric Rating Scale A Clinical Classification;BPRS-A;BPRSA1;BPRS-Anchored Clinical Classification Question,BPRSA1-Conceptual Disorganization;BPRSA104;BPRS-Anchored - Conceptual Disorganization,Ordinal,Brief Psychiatric Rating Scale-Anchored (BPRS-A) Conceptual disorganization.,3,Clinical or Research Assessment Question (C91102); CDISC QRS Instruments Questions (C211913); BPRS-Anchored Clinical Classification Question (C100109); BPRS-Anchored - Conceptual Disorganization (C100375),5
BPRS-Anchored - Depressive Mood,C100380,BPRS-Anchored - Depressive Mood (C100380),C100109,QRS;Clinical or Research Assessment Classification;Brief Psychiatric Rating Scale A Clinical Classification;BPRS-A;BPRSA1;BPRS-Anchored Clinical Classification Question,BPRSA1-Depressive Mood;BPRSA109;BPRS-Anchored - Depressive Mood,Ordinal,Brief Psychiatric Rating Scale-Anchored (BPRS-A) Depressive mood.,3,Clinical or Research Assessment Question (C91102); CDISC QRS Instruments Questions (C211913); BPRS-Anchored Clinical Classification Question (C100109); BPRS-Anchored - Depressive Mood (C100380),5
BPRS-Anchored - Disorientation,C100389,BPRS-Anchored - Disorientation (C100389),C100109,QRS;Clinical or Research Assessment Classification;Brief Psychiatric Rating Scale A Clinical Classification;BPRS-A;BPRSA1;BPRS-Anchored Clinical Classification Question,BPRSA1-Disorientation;BPRSA118;BPRS-Anchored - Disorientation,Ordinal,Brief Psychiatric Rating Scale-Anchored (BPRS-A) Disorientation.,3,Clinical or Research Assessment Question (C91102); CDISC QRS Instruments Questions (C211913); BPRS-Anchored Clinical Classification Question (C100109); BPRS-Anchored - Disorientation (C100389),5
BPRS-Anchored - Emotional Withdrawal,C100374,BPRS-Anchored - Emotional Withdrawal (C100374),C100109,QRS;Clinical or Research Assessment Classification;Brief Psychiatric Rating Scale A Clinical Classification;BPRS-A;BPRSA1;BPRS-Anchored Clinical Classification Question,BPRSA1-Emotional Withdrawal;BPRSA103;BPRS-Anchored - Emotional Withdrawal,Ordinal,Brief Psychiatric Rating Scale-Anchored (BPRS-A) Emotional withdrawal.,3,Clinical or Research Assessment Question (C91102); CDISC QRS Instruments Questions (C211913); BPRS-Anchored Clinical Classification Question (C100109); BPRS-Anchored - Emotional Withdrawal (C100374),5
BPRS-Anchored - Excitement,C100388,BPRS-Anchored - Excitement (C100388),C100109,QRS;Clinical or Research Assessment Classification;Brief Psychiatric Rating Scale A Clinical Classification;BPRS-A;BPRSA1;BPRS-Anchored Clinical Classification Question,BPRSA1-Excitement;BPRSA117;BPRS-Anchored - Excitement,Ordinal,Brief Psychiatric Rating Scale-Anchored (BPRS-A) Excitement.,3,Clinical or Research Assessment Question (C91102); CDISC QRS Instruments Questions (C211913); BPRS-Anchored Clinical Classification Question (C100109); BPRS-Anchored - Excitement (C100388),5
BPRS-Anchored - Grandiosity,C100379,BPRS-Anchored - Grandiosity (C100379),C100109,QRS;Clinical or Research Assessment Classification;Brief Psychiatric Rating Scale A Clinical Classification;BPRS-A;BPRSA1;BPRS-Anchored Clinical Classification Question,BPRSA1-Grandiosity;BPRSA108;BPRS-Anchored - Grandiosity,Ordinal,Brief Psychiatric Rating Scale-Anchored (BPRS-A) Grandiosity.,3,Clinical or Research Assessment Question (C91102); CDISC QRS Instruments Questions (C211913); BPRS-Anchored Clinical Classification Question (C100109); BPRS-Anchored - Grandiosity (C100379),5
BPRS-Anchored - Guilt Feelings,C100376,BPRS-Anchored - Guilt Feelings (C100376),C100109,QRS;Clinical or Research Assessment Classification;Brief Psychiatric Rating Scale A Clinical Classification;BPRS-A;BPRSA1;BPRS-Anchored Clinical Classification Question,BPRSA1-Guilt Feelings;BPRSA105;BPRS-Anchored - Guilt Feelings,Ordinal,Brief Psychiatric Rating Scale-Anchored (BPRS-A) Guilt feelings.,3,Clinical or Research Assessment Question (C91102); CDISC QRS Instruments Questions (C211913); BPRS-Anchored Clinical Classification Question (C100109); BPRS-Anchored - Guilt Feelings (C100376),5
BPRS-Anchored - Hallucinatory Behavior,C100383,BPRS-Anchored - Hallucinatory Behavior (C100383),C100109,QRS;Clinical or Research Assessment Classification;Brief Psychiatric Rating Scale A Clinical Classification;BPRS-A;BPRSA1;BPRS-Anchored Clinical Classification Question,BPRSA1-Hallucinatory Behavior;BPRSA112;BPRS-Anchored - Hallucinatory Behavior,Ordinal,Brief Psychiatric Rating Scale-Anchored (BPRS-A) Hallucinatory behavior.,3,Clinical or Research Assessment Question (C91102); CDISC QRS Instruments Questions (C211913); BPRS-Anchored Clinical Classification Question (C100109); BPRS-Anchored - Hallucinatory Behavior (C100383),5
BPRS-Anchored - Hostility,C100381,BPRS-Anchored - Hostility (C100381),C100109,QRS;Clinical or Research Assessment Classification;Brief Psychiatric Rating Scale A Clinical Classification;BPRS-A;BPRSA1;BPRS-Anchored Clinical Classification Question,BPRSA1-Hostility;BPRSA110;BPRS-Anchored - Hostility,Ordinal,Brief Psychiatric Rating Scale-Anchored (BPRS-A) Hostility.,3,Clinical or Research Assessment Question (C91102); CDISC QRS Instruments Questions (C211913); BPRS-Anchored Clinical Classification Question (C100109); BPRS-Anchored - Hostility (C100381),5
BPRS-Anchored - Mannerisms and Posturing,C100378,BPRS-Anchored - Mannerisms and Posturing (C100378),C100109,QRS;Clinical or Research Assessment Classification;Brief Psychiatric Rating Scale A Clinical Classification;BPRS-A;BPRSA1;BPRS-Anchored Clinical Classification Question,BPRSA1-Mannerisms and Posturing;BPRSA107;BPRS-Anchored - Mannerisms and Posturing,Ordinal,Brief Psychiatric Rating Scale-Anchored (BPRS-A) Mannerisms and posturing.,3,Clinical or Research Assessment Question (C91102); CDISC QRS Instruments Questions (C211913); BPRS-Anchored Clinical Classification Question (C100109); BPRS-Anchored - Mannerisms and Posturing (C100378),4
BPRS-Anchored - Motor Retardation,C100384,BPRS-Anchored - Motor Retardation (C100384),C100109,QRS;Clinical or Research Assessment Classification;Brief Psychiatric Rating Scale A Clinical Classification;BPRS-A;BPRSA1;BPRS-Anchored Clinical Classification Question,BPRSA1-Motor Retardation;BPRSA113;BPRS-Anchored - Motor Retardation,Ordinal,Brief Psychiatric Rating Scale-Anchored (BPRS-A) Motor retardation.,3,Clinical or Research Assessment Question (C91102); CDISC QRS Instruments Questions (C211913); BPRS-Anchored Clinical Classification Question (C100109); BPRS-Anchored - Motor Retardation (C100384),4
BPRS-Anchored - Somatic Concern,C100372,BPRS-Anchored - Somatic Concern (C100372),C100109,QRS;Clinical or Research Assessment Classification;Brief Psychiatric Rating Scale A Clinical Classification;BPRS-A;BPRSA1;BPRS-Anchored Clinical Classification Question,BPRSA1-Somatic Concern;BPRSA101;BPRS-Anchored - Somatic Concern,Ordinal,Brief Psychiatric Rating Scale-Anchored (BPRS-A) Somatic concern.,3,Clinical or Research Assessment Question (C91102); CDISC QRS Instruments Questions (C211913); BPRS-Anchored Clinical Classification Question (C100109); BPRS-Anchored - Somatic Concern (C100372),5
BPRS-Anchored - Suspiciousness,C100382,BPRS-Anchored - Suspiciousness (C100382),C100109,QRS;Clinical or Research Assessment Classification;Brief Psychiatric Rating Scale A Clinical Classification;BPRS-A;BPRSA1;BPRS-Anchored Clinical Classification Question,BPRSA1-Suspiciousness;BPRSA111;BPRS-Anchored - Suspiciousness,Ordinal,Brief Psychiatric Rating Scale-Anchored (BPRS-A) Suspiciousness.,3,Clinical or Research Assessment Question (C91102); CDISC QRS Instruments Questions (C211913); BPRS-Anchored Clinical Classification Question (C100109); BPRS-Anchored - Suspiciousness (C100382),5
BPRS-Anchored - Tension,C100377,BPRS-Anchored - Tension (C100377),C100109,QRS;Clinical or Research Assessment Classification;Brief Psychiatric Rating Scale A Clinical Classification;BPRS-A;BPRSA1;BPRS-Anchored Clinical Classification Question,BPRSA1-Tension;BPRSA106;BPRS-Anchored - Tension,Ordinal,Brief Psychiatric Rating Scale-Anchored (BPRS-A) Tension.,3,Clinical or Research Assessment Question (C91102); CDISC QRS Instruments Questions (C211913); BPRS-Anchored Clinical Classification Question (C100109); BPRS-Anchored - Tension (C100377),5
BPRS-Anchored - Uncooperativeness,C100385,BPRS-Anchored - Uncooperativeness (C100385),C100109,QRS;Clinical or Research Assessment Classification;Brief Psychiatric Rating Scale A Clinical Classification;BPRS-A;BPRSA1;BPRS-Anchored Clinical Classification Question,BPRSA1-Uncooperativeness;BPRSA114;BPRS-Anchored - Uncooperativeness,Ordinal,Brief Psychiatric Rating Scale-Anchored (BPRS-A) Uncooperativeness.,3,Clinical or Research Assessment Question (C91102); CDISC QRS Instruments Questions (C211913); BPRS-Anchored Clinical Classification Question (C100109); BPRS-Anchored - Uncooperativeness (C100385),5
BPRS-Anchored - Unusual Thought Content,C100386,BPRS-Anchored - Unusual Thought Content (C100386),C100109,QRS;Clinical or Research Assessment Classification;Brief Psychiatric Rating Scale A Clinical Classification;BPRS-A;BPRSA1;BPRS-Anchored Clinical Classification Question,BPRSA1-Unusual Thought Content;BPRSA115;BPRS-Anchored - Unusual Thought Content,Ordinal,Brief Psychiatric Rating Scale-Anchored (BPRS-A) Unusual thought content.,3,Clinical or Research Assessment Question (C91102); CDISC QRS Instruments Questions (C211913); BPRS-Anchored Clinical Classification Question (C100109); BPRS-Anchored - Unusual Thought Content (C100386),5
BPRS-Anchored Clinical Classification Question,C100109,BPRS-Anchored Clinical Classification Question (C100109),C211913,QRS Instrument Questions,,,A question associated with the BPRS-Anchored clinical classification.,2,Clinical or Research Assessment Question (C91102); CDISC QRS Instruments Questions (C211913); BPRS-Anchored Clinical Classification Question (C100109),0
BRCA Mutation Analysis,C146692,BRCA Mutation Analysis (C146692),C18302,Genetic Testing;Gene Expression Analysis;Genetic Variation Analysis;Molecular Analysis;Genetic Molecular Analysis,BRCA Mutation Status;BRCA Family Gene Mutation Analysis,Ordinal,A procedure to test for the presence of mutations in BRCA family genes.,1,Genetic Variation Analysis (C18302); BRCA Mutation Analysis (C146692),7
BRCA1 Gene Mutation,C19635,BRCA1 Gene Mutation (C19635),C159204,Genetic Testing;Gene Expression Analysis;Molecular Analysis;Molecular Genetic Variation;Gene Abnormality,BRCA1;BRCA1 Mutation;Breast Cancer 1 Gene Mutation;BROVCA1 Gene Mutation;Mutation of the BRCA1 Gene,Ordinal,"A mutation that is typically a heritable, permanent change in the nucleotide sequence of the BRCA1 gene. Single nucleotide substitutions and small deletions or insertions (1-20 bases) account for the majority of mutations in the BRCA1 gene. Approximately 75% of these alterations result in a truncated form of the breast cancer type 1 susceptibility protein. Mutations in the BRCA1 gene predispose individuals to breast and ovarian cancers.",1,Fanconi Anemia Complementation Group Gene Mutation (C159204); BRCA1 Gene Mutation (C19635),7
BRCA2 Gene Mutation,C19636,BRCA2 Gene Mutation (C19636),C159204,Genetic Testing;Gene Expression Analysis;Molecular Analysis;Molecular Genetic Variation;Gene Abnormality,BRCA2;BRCA2 Mutation;Breast Cancer 2 Gene Mutation;BROVCA2 Gene Mutation;Mutation of the BRCA2 Gene;XRCC11 Gene Mutation;BRCC2 Gene Mutation;FANCD1 Gene Mutation,Ordinal,"A mutation that is typically a heritable, permanent change in the nucleotide sequence of the BRCA2 gene. Single nucleotide substitutions and small deletions or insertions (1-20 bases) account for the majority of mutations in the BRCA2 gene. Most of these alterations result in a truncated form of the breast cancer type 2 susceptibility protein. Mutations in the BRCA2 gene predispose males to breast cancer.",1,Fanconi Anemia Complementation Group Gene Mutation (C159204); BRCA2 Gene Mutation (C19636),7
Bartholin's Gland Abnormality Indicator,C154880,Bartholin's Gland Abnormality Indicator (C154880),C181043,Reproductive Findings;Clinical Findings Indicator;Indicator,BTHGLIND;Abnormal Indicator,Nominal,An indication as to whether the Bartholin's gland is abnormal.,1,Clinical Findings Indicator (C181043); Bartholin's Gland Abnormality Indicator (C154880),2
Basal Metabolic Rate,C126083,Basal Metabolic Rate (C126083),C171083,Vital Signs;Energy Expenditure,BMR,Quantitative,A patient's energy expenditure at rest.,2,Characteristic (C25447); Organism Characteristic (C171083); Basal Metabolic Rate (C126083),3
Best Overall Response,C94536,Best Overall Response (C94536),C50995,Oncology Standards;Disease Response;Disease Response Criteria;Disease Response and Clinical Classification;RS;RECIST 1.1;iRECIST,BESTRESP,Nominal,The most clinically favorable response recorded from the start of the study treatment until the end of treatment.,1,Disease Response (C50995); Best Overall Response (C94536),7
Beta Angle of the Hip,C191307,Beta Angle of the Hip (C191307),C110937,Musculoskeletal Finding,BETAANGL;Beta Angle,Quantitative,A measurement of the angle formed by the cartilaginous roof to the vertical cortex of the ilium.,1,Musculoskeletal Finding (C110937); Beta Angle of the Hip (C191307),6
Bicarbonate Measurement,C74667,Bicarbonate Measurement (C74667),C49237,Laboratory Tests;Chemistry Tests,Bicarbonate;HCO3,Quantitative,The determination of the amount of bicarbonate present in a sample.,1,Chemistry Test (C49237); Bicarbonate Measurement (C74667),5
Biopsy Procedure,C15189,Biopsy Procedure (C15189),C18020,Diagnostic Procedures;Biopsies,Bx,Nominal,"The removal of tissue specimens or fluid from the living body for microscopic examination, performed to establish a diagnosis.",1,Diagnostic Procedure (C18020); Biopsy Procedure (C15189),11
Biopsy Procedure by Anatomic Location,C217124,Biopsy Procedure by Anatomic Location (C217124),,Diagnostic Procedures;Biopsies,,,A classification of biopsy procedures based on anatomic location.,0,Biopsy Procedure by Anatomic Location (C217124),0
Biospecimen Collection,C70945,Biospecimen Collection (C70945),,Biospecimen Events,Collecting;Collected;Sample Collection,Nominal,"The act or process of gathering biospecimens for testing, diagnostic, propagation, treatment or research purposes.",0,Biospecimen Collection (C70945),7
Biospecimen Retained and/or Contains DNA Indicator,C126058,Biospecimen Retained and/or Contains DNA Indicator (C126058),,Clinical Trial Attribute;Trial Summary,,,An indication as to whether biospecimens have been retained and/or whether those retained biospecimens contain DNA.,0,Biospecimen Retained and/or Contains DNA Indicator (C126058),0
Biospecimen Retention Indicator,C164620,Biospecimen Retention Indicator (C164620),C126058,Trial Summary,BRIND,Nominal,An indication as to whether the biological specimen is retained for a period of time.,1,Biospecimen Retained and/or Contains DNA Indicator (C126058); Biospecimen Retention Indicator (C164620),6
Biospecimen Shipping,C179747,Biospecimen Shipping (C179747),,Biospecimen Events,Biological Sample Shipment;Biological Sample Shipping;Biological Sample Transport;Specimen Ship;Shipped,Nominal,The act or process of the logistical considerations for transporting a biological sample from the sender to the receiver.,0,Biospecimen Shipping (C179747),6
Biospecimen Storage,C179748,Biospecimen Storage (C179748),,Biospecimen Events,Biological Sample Storage;Storing,Nominal,"The act, process and logistical considerations of the physical or environmental conditions under which the biological sample is maintained.",0,Biospecimen Storage (C179748),6
Birth Control Method,C106501,Birth Control Method (C106501),C71460,Reproductive Findings,BCMETHOD,Nominal,"The method by which conception or impregnation is prevented. This may be achieved through the use of devices, drugs or surgery.",1,Method (C71460); Birth Control Method (C106501),2
Birth Country,C200441,Birth Country (C200441),C16632,Subject Characteristics,BRCTRY;Country of Birth;Birth Country,Nominal,The country where a subject was born.,1,Geographic Area (C16632); Birth Country (C200441),3
Birth Country Code,C93516,Birth Country Code (C93516),,Subject Characteristics,BRCTRYCD;Birth Country Code;birthCountryCode,Nominal,A coded value specifying the name of the country in which the biologic entity is born.,0,Birth Country Code (C93516),3
Birth Date and Time,C83217,Birth Date and Time (C83217),C37939,Demographic Data;Demographics;Birth Event,BRTHDTC;Date/Time of Birth,Temporal,The date and time of a birth event.,1,Date and Time (C37939); Birth Date and Time (C83217),2
Birth Plurality,C198361,Birth Plurality (C198361),C92720,Subject Characteristics,BTHPLRTY;Birth Plurality,Nominal,"The number of fetuses delivered live or dead at any time in the pregnancy, regardless of gestational age or if the fetuses were delivered at different dates in the pregnancy. (CDC)",1,Pregnancy Finding (C92720); Birth Plurality (C198361),3
Birth Weight,C76325,Birth Weight (C76325),C25208,Vital Signs;Body Measurements,BRTHWT,Quantitative,The first weight of a newborn obtained after birth.,1,Weight (C25208); Birth Weight (C76325),3
Bleeding or Spotting Between Menstrual Periods Indicator,C189352,Bleeding or Spotting Between Menstrual Periods Indicator (C189352),C154889,Reproductive Findings;Clinical Findings Indicator;Indicator,BSBMPIND;Bleed/Spot Between Menstrual Periods Ind,Nominal,An indication as to whether the individual has experienced bleeding or spotting between menstrual periods.,2,Clinical Findings Indicator (C181043); Abnormal Bleeding Indicator (C154889); Bleeding or Spotting Between Menstrual Periods Indicator (C189352),2
Blinded Description,C93518,Blinded Description (C93518),,Clinical Trial Attribute;Trial Summary,,,The textual representation of the activity on a blinded participant or study subject (from the point of view of the study investigator).,0,Blinded Description (C93518),0
Blistering Indicator,C122195,Blistering Indicator (C122195),C119241,Symptom Indicator;Skin Response;Reproductive Findings,BLISTIND,Nominal,Specifies whether blistering occurred.,1,Symptom Indicator (C119241); Blistering Indicator (C122195),6
Blood Cell Count,C28133,Blood Cell Count (C28133),C49286,Laboratory Tests,Complete Blood Count;CBC;Full Blood Count;FBC,,"The determination of the number of red blood cells, white blood cells, and platelets in a biospecimen.",1,Hematology Test (C49286); Blood Cell Count (C28133),0
Blood Cell Count Ratio Measurement,C67208,Blood Cell Count Ratio Measurement (C67208),C28133,Laboratory Tests;Hematology Tests;Blood Cell Counts;Blood Cell Count Ratio Measurements,,,The determination of the ratio of one blood cell component to another in a blood sample. The measurement may be expressed as either a ratio or a percentage.,2,Hematology Test (C49286); Blood Cell Count (C28133); Blood Cell Count Ratio Measurement (C67208),0
Blood Flow Rate,C94866,Blood Flow Rate (C94866),C82554,Findings;Clinical Test Result;Renal Function Tests;Urinary System Findings;Respiratory System Findings,Blood Flow Rate;BLDFLRT,Quantitative,"The volume of blood per unit time passing through a specified location, such as a point in a blood vessel or an entire organ. Units are ml/sec.",1,Flow Rate (C82554); Blood Flow Rate (C94866),7
Blood Pressure,C54706,Blood Pressure (C54706),C49672,Vital Signs;Blood Pressure,BP,,The pressure of the circulating blood against the walls of the blood vessels.,1,Vital Signs Measurement (C49672); Blood Pressure (C54706),0
Body Cell Mass Measurement,C199996,Body Cell Mass Measurement (C199996),C112025,Vital Signs;Mass Measurement,BCM;Body Cell Mass,Quantitative,An estimated measurement of the total mass of metabolically active cells in the body.,1,Mass Measurement (C112025); Body Cell Mass Measurement (C199996),3
Body Fat Measurement,C122232,Body Fat Measurement (C122232),C19332,Vital Signs;Body Measurements,BODYFATM,Quantitative,A measurement of the total fat mass within the subject's body.,1,Personal Attribute (C19332); Body Fat Measurement (C122232),3
Body Frame Size,C49680,Body Frame Size (C49680),,Vital Signs;Body Measurements,Frame Size,Ordinal,"The categorization of a person's body frame into small, medium and large based on the measurement of wrist circumference or the breadth of the elbow.",0,Body Frame Size (C49680),2
Body Height,C164634,Body Height (C164634),C25347,Vital Signs;Body Measurements,HEIGHT,Quantitative,The vertical measurement or distance from the base to the top of a subject or participant.,1,Height (C25347); Body Height (C164634),3
Body Length-for-Age Percentile,C205752,Body Length-for-Age Percentile (C205752),,Vital Signs;Body Measurements,BLAPCTL,Quantitative,"A measurement of an individual's body length in relationship to age, in comparison to a reference percentile curve.",0,Body Length-for-Age Percentile (C205752),2
Body Mass Index,C16358,Body Mass Index (C16358),,Vital Signs;Body Measurements,BMI;Quetelet Index,Quantitative,An individual's weight in kilograms divided by the square of the height in meters.,0,Body Mass Index (C16358),3
Body Organ or System Test,C215116,Body Organ or System Test (C215116),,Respiratory System Findings,,,Assessment of a body organ or a body system to find irregularities or dysfunction.,0,Body Organ or System Test (C215116),0
Body Surface Area,C25157,Body Surface Area (C25157),C19332,Vital Signs;Body Measurements,BSA,Quantitative,"A measure of the 2-dimensional extent of the body surface (i.e., the skin). Body surface area (BSA) can be calculated by mathematical formula or from a chart that relates height to weight. BSA is often an important factor in dosing.",1,Personal Attribute (C19332); Body Surface Area (C25157),3
Body Temperature,C174446,Body Temperature (C174446),,Vital Signs,Temperature,Quantitative,A measurement of the temperature of the body.,0,Body Temperature (C174446),4
Body Temperature Measurement,C164325,Body Temperature Measurement (C164325),C83119,Vital Signs;Temperature,Vital Signs - Body Temperature,,The result of the measurement of the body temperature.,1,Physical Examination Finding (C83119); Body Temperature Measurement (C164325),0
Body Weight,C81328,Body Weight (C81328),C25208,Vital Signs;Body Measurements,WEIGHT,Quantitative,The weight of a subject.,1,Weight (C25208); Body Weight (C81328),3
Bone Marrow Disease Involvement Indicator,C135477,Bone Marrow Disease Involvement Indicator (C135477),C181043,Oncology Standards;Disease Response;Disease Response Criteria;Disease Response and Clinical Classification;RS;LUGANO CLASSIFICATION,BMIVLIND;Bone Marrow Involvement Indicator,Nominal,An indication as to whether disease is present in the bone marrow.,1,Clinical Findings Indicator (C181043); Bone Marrow Disease Involvement Indicator (C135477),5
Bone Mineral Content,C147472,Bone Mineral Content (C147472),C110937,Musculoskeletal Finding,BMC;Bone Mineral Mass;Bone Mass,Quantitative,An assessment of the quantity of minerals within a specific bone.,1,Musculoskeletal Finding (C110937); Bone Mineral Content (C147472),6
Bone Mineral Density T-Score,C147473,Bone Mineral Density T-Score (C147473),C120401,Musculoskeletal Finding;T-Score,BMDT,Quantitative,The standard deviation of the subject's bone mineral density score in comparison to the expected normal bone mineral density of a healthy 30-year old adult.,1,T-Score (C120401); Bone Mineral Density T-Score (C147473),5
Bone Mineral Density Test,C61545,Bone Mineral Density Test (C61545),C18020,Musculoskeletal Finding;Diagnostic Procedure,BMD;Bone Mineral Density;Bone Mass;Bone Density,Quantitative,A scanning procedure used to measure calcium and other minerals present in bone.,1,Diagnostic Procedure (C18020); Bone Mineral Density Test (C61545),6
Bone Mineral Density Z-Score,C139217,Bone Mineral Density Z-Score (C139217),C68741,Musculoskeletal Finding;Z-Score,BMDZ,Quantitative,"A statistical score representing the number of standard deviations above or below what is expected for an individual's bone density based on his age, sex, weight, and race. Z-scores are most useful in evaluating low bone density in children, premenopausal women, and men younger than age fifty.",1,Z-Score (C68741); Bone Mineral Density Z-Score (C139217),5
Brachytherapy,C15195,Brachytherapy (C15195),C15313,Procedures;Radiotherapy,Internal Radiation;Internal Radiation Brachytherapy,Nominal,"A type of radiation therapy in which radioactive material is placed inside the body, into a tumor or body cavity.",2,Therapeutic Procedure (C49236); Radiation Therapy (C15313); Brachytherapy (C15195),10
Breast Cancer Diagnostic or Therapeutic Procedure,C79427,Breast Cancer Diagnostic or Therapeutic Procedure (C79427),,Procedures;Interventions,,,Any procedure for diagnosis or treatment of breast cancer.,0,Breast Cancer Diagnostic or Therapeutic Procedure (C79427),0
Breast Cancer Therapeutic Procedure,C15774,Breast Cancer Therapeutic Procedure (C15774),C79427,Procedures;Interventions;Breast Cancer Procedures,Breast Cancer Treatment;Breast Cancer Surgeries,Nominal,Medical or surgical interventions to eradicate breast tumors and/or their metastases.,1,Breast Cancer Diagnostic or Therapeutic Procedure (C79427); Breast Cancer Therapeutic Procedure (C15774),11
Breast Cancer by AJCC v8 Anatomic Stage,C139533,Breast Cancer by AJCC v8 Anatomic Stage (C139533),C139532,Staging;Breast Cancer,Breast Carcinoma by AJCC v8 Anatomic Stage;TNM Staging,Ordinal,"A term that refers to the staging of breast cancer, following the rules of the TNM AJCC v8 classification system. This staging system should only be used in global regions where biomarker tests are not routinely available. (from AJCC 8th Ed.)",2,Breast Carcinoma (C4872); Breast Cancer by AJCC v8 Stage (C139532); Breast Cancer by AJCC v8 Anatomic Stage (C139533),4
Breast Cancer by AJCC v8 Prognostic Stage,C139554,Breast Cancer by AJCC v8 Prognostic Stage (C139554),C139532,Staging;Breast Cancer,Breast Carcinoma by AJCC v8 Prognostic Stage;Breast Cancer by AJCC v8 Prognostic Stage Group;TNM Staging,Ordinal,"A term that refers to the staging of breast cancer, following the rules of the TNM AJCC v8 classification system. This staging system should be used in countries where HER2, ER, and PR biomarker tests are routinely performed for patient care (U.S., Canada, etc.). (from AJCC 8th Ed.)",2,Breast Carcinoma (C4872); Breast Cancer by AJCC v8 Stage (C139532); Breast Cancer by AJCC v8 Prognostic Stage (C139554),4
Breast Cancer by AJCC v8 Stage,C139532,Breast Cancer by AJCC v8 Stage (C139532),C4872,Staging;Breast Cancer,Breast Carcinoma by AJCC v8 Stage;TNM Staging,Ordinal,"A term that refers to the staging of breast cancer, following the rules of the TNM AJCC v8 classification system. It applies to invasive (infiltrating) carcinoma of the breast and ductal carcinoma in situ of the breast. It does not apply to breast sarcoma, phyllodes tumor, and breast lymphoma. (from AJCC 8th Ed.)",1,Breast Carcinoma (C4872); Breast Cancer by AJCC v8 Stage (C139532),4
Breast Carcinoma,C4872,Breast Carcinoma (C4872),,Cancer;Carcinoma,Cancer of the Breast,,"A carcinoma arising from the breast, most commonly the terminal ductal-lobular unit. It is the most common malignant tumor in females. Risk factors include country of birth, family history, menstrual and reproductive history, fibrocystic disease and epithelial hyperplasia, exogenous estrogens, contraceptive agents, and ionizing radiation. The vast majority of breast carcinomas are adenocarcinomas (ductal or lobular). Breast carcinoma spreads by direct invasion, by the lymphatic route, and by the blood vessel route. The most common site of lymph node involvement is the axilla.",0,Breast Carcinoma (C4872),0
Breast Conservation Treatment,C15280,Breast Conservation Treatment (C15280),,Surgeries;Procedures,,,"Breast conservation treatment is defined as excision of the primary tumor and adjacent breast tissue, followed by radiation therapy.  This procedure is also referred to as lumpectomy, segmental mastectomy, or partial mastectomy. (from Consensus Statements: Treatment of Early-stage Breast Cancer, 1990)",0,Breast Conservation Treatment (C15280),0
Breast Fed Indicator,C112233,Breast Fed Indicator (C112233),C19332,Subject Characteristics,BRFEDIND;Breast Fed Indicator,Nominal,An indication as to whether the subject was breast fed (received mother's milk) as an infant.,1,Personal Attribute (C19332); Breast Fed Indicator (C112233),3
Breast Surgery,C157802,Breast Surgery (C157802),,Surgeries,,,A surgical procedure on the breast.,0,Breast Surgery (C157802),0
Breastfeeding End Date,C189364,Breastfeeding End Date (C189364),C68617,Reproductive Findings;End Date,BRFENDTC,Temporal,The date on which breastfeeding ended.,1,End Date (C68617); Breastfeeding End Date (C189364),2
Breastfeeding Start Date,C189363,Breastfeeding Start Date (C189363),C68616,Reproductive Findings;Start Date,BRFSTDTC,Temporal,The date on which breastfeeding started.,1,Start Date (C68616); Breastfeeding Start Date (C189363),2
Brief Psychiatric Rating Scale A Clinical Classification,C100761,Brief Psychiatric Rating Scale A Clinical Classification (C100761),C118969,QRS;Clinical or Research Assessment Classification;Brief Psychiatric Rating Scale A Clinical Classification;BPRS-A;BPRSA1,BPRS-A;BPRSA1;Brief Psychiatric Rating Scale - Anchored,,"A standardized rating scale originally developed by Margaret G. Woerner, Salvatore Mannuzza and John M. Kane in 1988 which is used to evaluate the severity of an individual's psychiatric symptoms. This version consists of 18 questions or types of psychiatric symptoms such as depression, anxiety, hallucinations, motor skills, or other unusual behaviors and is completed during a semi-structured interview. Each symptom is rated on a scale of 1-7 or 1-9 with 1 being non-existent and 7 being very severe; 9 represents 'can not be assessed'.",1,Clinical or Research Assessment Classification (C118969); Brief Psychiatric Rating Scale A Clinical Classification (C100761),4
"Brooke Modified Medical Research Council Manual Muscle Test Score, Abduction",C139223,"Brooke Modified Medical Research Council Manual Muscle Test Score, Abduction (C139223)",C25338,Musculoskeletal Finding;Score,"BMMTABDT;Brooke mMRC MMT Score, Abduction",Ordinal,"The numerical value that represents the result of a clinical assessment of muscle strength and function during abduction that is based on the Brooke Modified Medical Research Council Manual Muscle Test. (Brooke MH, Griggs RC, Mendell JR, Fenichel GM, et al. Clinical trial in Duchenne dystrophy. I. The design of the protocol. Muscle Nerve. 1981 May-Jun;4(3):186-97. doi:10.1002/mus.880040304).",1,"Score (C25338); Brooke Modified Medical Research Council Manual Muscle Test Score, Abduction (C139223)",5
"Brooke Modified Medical Research Council Manual Muscle Test Score, Dorsiflexion",C139225,"Brooke Modified Medical Research Council Manual Muscle Test Score, Dorsiflexion (C139225)",C25338,Musculoskeletal Finding;Score,"BMMTDORS;Brooke mMRC MMT Score, Dorsiflexion",Ordinal,"The numerical value that represents the result of a clinical assessment of muscle strength and function during dorsiflexion that is based on the Brooke Modified Medical Research Council Manual Muscle Test. (Brooke MH, Griggs RC, Mendell JR, Fenichel GM, et al. Clinical trial in Duchenne dystrophy. I. The design of the protocol. Muscle Nerve. 1981 May-Jun;4(3):186-97. doi:10.1002/mus.880040304).",1,"Score (C25338); Brooke Modified Medical Research Council Manual Muscle Test Score, Dorsiflexion (C139225)",5
"Brooke Modified Medical Research Council Manual Muscle Test Score, Eversion",C139227,"Brooke Modified Medical Research Council Manual Muscle Test Score, Eversion (C139227)",C25338,Musculoskeletal Finding;Score,"BMMTEVE;Brooke mMRC MMT Score, Eversion",Ordinal,"The numerical value that represents the result of a clinical assessment of muscle strength and function during eversion that is based on the Brooke Modified Medical Research Council Manual Muscle Test. (Brooke MH, Griggs RC, Mendell JR, Fenichel GM, et al. Clinical trial in Duchenne dystrophy. I. The design of the protocol. Muscle Nerve. 1981 May-Jun;4(3):186-97. doi:10.1002/mus.880040304).",1,"Score (C25338); Brooke Modified Medical Research Council Manual Muscle Test Score, Eversion (C139227)",5
"Brooke Modified Medical Research Council Manual Muscle Test Score, Extension",C139220,"Brooke Modified Medical Research Council Manual Muscle Test Score, Extension (C139220)",C25338,Musculoskeletal Finding;Score,"BMMTEXT;Brooke mMRC MMT Score, Extension",Ordinal,"The numerical value that represents the result of a clinical assessment of muscle strength and function during extension that is based on the Brooke Modified Medical Research Council Manual Muscle Test. (Brooke MH, Griggs RC, Mendell JR, Fenichel GM, et al. Clinical trial in Duchenne dystrophy. I. The design of the protocol. Muscle Nerve. 1981 May-Jun;4(3):186-97. doi:10.1002/mus.880040304).",1,"Score (C25338); Brooke Modified Medical Research Council Manual Muscle Test Score, Extension (C139220)",5
"Brooke Modified Medical Research Council Manual Muscle Test Score, Flexion",C139222,"Brooke Modified Medical Research Council Manual Muscle Test Score, Flexion (C139222)",C25338,Musculoskeletal Finding;Score,"BMMTFLX;Brooke mMRC MMT Score, Flexion",Ordinal,"The numerical value that represents the result of a clinical assessment of muscle strength and function during flexion that is based on the Brooke Modified Medical Research Council Manual Muscle Test. (Brooke MH, Griggs RC, Mendell JR, Fenichel GM, et al. Clinical trial in Duchenne dystrophy. I. The design of the protocol. Muscle Nerve. 1981 May-Jun;4(3):186-97. doi:10.1002/mus.880040304).",1,"Score (C25338); Brooke Modified Medical Research Council Manual Muscle Test Score, Flexion (C139222)",5
"Brooke Modified Medical Research Council Manual Muscle Test Score, Inversion",C139226,"Brooke Modified Medical Research Council Manual Muscle Test Score, Inversion (C139226)",C25338,Musculoskeletal Finding;Score,"BMMTINV;Brooke mMRC MMT Score, Inversion",Ordinal,"The numerical value that represents the result of a clinical assessment of muscle strength and function during inversion that is based on the Brooke Modified Medical Research Council Manual Muscle Test. (Brooke MH, Griggs RC, Mendell JR, Fenichel GM, et al. Clinical trial in Duchenne dystrophy. I. The design of the protocol. Muscle Nerve. 1981 May-Jun;4(3):186-97. doi:10.1002/mus.880040304).",1,"Score (C25338); Brooke Modified Medical Research Council Manual Muscle Test Score, Inversion (C139226)",5
"Brooke Modified Medical Research Council Manual Muscle Test Score, Lateral Rotation",C139224,"Brooke Modified Medical Research Council Manual Muscle Test Score, Lateral Rotation (C139224)",C25338,Musculoskeletal Finding;Score,"BMMTLR;Brooke mMRC MMT Score, Lat. Rotat.;Brooke mMRC MMT Score, Lateral Rotation",Ordinal,"The numerical value that represents the result of a clinical assessment of muscle strength and function during lateral rotation that is based on the Brooke Modified Medical Research Council Manual Muscle Test. (Brooke MH, Griggs RC, Mendell JR, Fenichel GM, et al. Clinical trial in Duchenne dystrophy. I. The design of the protocol. Muscle Nerve. 1981 May-Jun;4(3):186-97. doi:10.1002/mus.880040304).",1,"Score (C25338); Brooke Modified Medical Research Council Manual Muscle Test Score, Lateral Rotation (C139224)",5
"Brooke Modified Medical Research Council Manual Muscle Test Score, Plantar Flexion",C139221,"Brooke Modified Medical Research Council Manual Muscle Test Score, Plantar Flexion (C139221)",C25338,Musculoskeletal Finding;Score,"BMMTPF;Brooke mMRC MMT Score, Plantar Flex;Brooke mMRC MMT Score, Plantar Flexion",Ordinal,"The numerical value that represents the result of a clinical assessment of muscle strength and function during plantar flexion that is based on the Brooke Modified Medical Research Council Manual Muscle Test. (Brooke MH, Griggs RC, Mendell JR, Fenichel GM, et al. Clinical trial in Duchenne dystrophy. I. The design of the protocol. Muscle Nerve. 1981 May-Jun;4(3):186-97. doi:10.1002/mus.880040304).",1,"Score (C25338); Brooke Modified Medical Research Council Manual Muscle Test Score, Plantar Flexion (C139221)",5
C-Reactive Protein Measurement,C64548,C-Reactive Protein Measurement (C64548),C64430,Laboratory Tests;Protein or Enzyme Measurements;Chemistry Tests,CRP;C Reactive Protein,Quantitative;Ordinal,A quantitative measurement of the amount of C-reactive protein present in a sample.,1,Protein or Enzyme Type Measurement (C64430); C-Reactive Protein Measurement (C64548),5
CDC HIV High Risk Donor Indicator,C139271,CDC HIV High Risk Donor Indicator (C139271),C25180,Subject Characteristics,HIVHRIND;CDC HIV High Risk Donor Indicator,Nominal,"An indication as to whether an organ donor may fall into one or more behavioral categories associated with increased risk of human immunodeficiency virus (HIV) infection, as defined by the 1994 Centers for Disease Control (CDC) Public Health Service Criteria for High Risk Behavior (Guidelines for preventing transmission of human immunodeficiency virus through transplantation of human tissue and organs. Centers for Disease Control and Prevention. MMWR Recomm Rep 1994; 43: 1-17).",1,Indicator (C25180); CDC HIV High Risk Donor Indicator (C139271),3
CDISC ADAS-Cog - Attempt to Draw,C100231,CDISC ADAS-Cog - Attempt to Draw (C100231),C100106,QRS;Functional Assessment;Alzheimer's Disease Assessment Scale-Cognitive CDISC Version Functional Test;ADAS-Cog;ADC;ADAS-Cog CDISC Version Functional Test Question,ADCCPS;Attempt to Draw;CDISC ADAS-Cog - Attempt to Draw,Ordinal,"Alzheimer's Disease Assessment Scale-Cognitive CDISC Version (ADAS-Cog CDISC Version) Constructional praxis attempted to draw, but drew no forms correctly.",3,Clinical or Research Assessment Question (C91102); CDISC QRS Instruments Questions (C211913); ADAS-Cog CDISC Version Functional Test Question (C100106); CDISC ADAS-Cog - Attempt to Draw (C100231),8
CDISC ADAS-Cog - Commands Summary Score,C100209,CDISC ADAS-Cog - Commands Summary Score (C100209),C100106,QRS;Functional Assessment;Alzheimer's Disease Assessment Scale-Cognitive CDISC Version Functional Test;ADAS-Cog;ADC;ADAS-Cog CDISC Version Functional Test Question,ADCCMD;Commands;CDISC ADAS-Cog - Commands Summary Score,Ordinal,Alzheimer's Disease Assessment Scale-Cognitive CDISC Version (ADAS-Cog CDISC Version) Summary score for commands.,3,Clinical or Research Assessment Question (C91102); CDISC QRS Instruments Questions (C211913); ADAS-Cog CDISC Version Functional Test Question (C100106); CDISC ADAS-Cog - Commands Summary Score (C100209),8
CDISC ADAS-Cog - Commands: Ceiling,C100211,CDISC ADAS-Cog - Commands: Ceiling (C100211),C100106,QRS;Functional Assessment;Alzheimer's Disease Assessment Scale-Cognitive CDISC Version Functional Test;ADAS-Cog;ADC;ADAS-Cog CDISC Version Functional Test Question,ADCCMD02;Commands: Ceiling;CDISC ADAS-Cog - Commands: Ceiling,Ordinal,Alzheimer's Disease Assessment Scale-Cognitive CDISC Version (ADAS-Cog CDISC Version) Commands task for pointing to the ceiling then to the floor.,3,Clinical or Research Assessment Question (C91102); CDISC QRS Instruments Questions (C211913); ADAS-Cog CDISC Version Functional Test Question (C100106); CDISC ADAS-Cog - Commands: Ceiling (C100211),8
CDISC ADAS-Cog - Commands: Fist,C100210,CDISC ADAS-Cog - Commands: Fist (C100210),C100106,QRS;Functional Assessment;Alzheimer's Disease Assessment Scale-Cognitive CDISC Version Functional Test;ADAS-Cog;ADC;ADAS-Cog CDISC Version Functional Test Question,ADCCMD01;Commands: Fist;CDISC ADAS-Cog - Commands: Fist,Ordinal,Alzheimer's Disease Assessment Scale-Cognitive CDISC Version (ADAS-Cog CDISC Version) Commands task for making a fist.,3,Clinical or Research Assessment Question (C91102); CDISC QRS Instruments Questions (C211913); ADAS-Cog CDISC Version Functional Test Question (C100106); CDISC ADAS-Cog - Commands: Fist (C100210),8
CDISC ADAS-Cog - Commands: Pencil,C100212,CDISC ADAS-Cog - Commands: Pencil (C100212),C100106,QRS;Functional Assessment;Alzheimer's Disease Assessment Scale-Cognitive CDISC Version Functional Test;ADAS-Cog;ADC;ADAS-Cog CDISC Version Functional Test Question,ADCCMD03;Commands: Pencil;CDISC ADAS-Cog - Commands: Pencil,Ordinal,Alzheimer's Disease Assessment Scale-Cognitive CDISC Version (ADAS-Cog CDISC Version) Commands task for put the pencil on top of the card and then put it back.,3,Clinical or Research Assessment Question (C91102); CDISC QRS Instruments Questions (C211913); ADAS-Cog CDISC Version Functional Test Question (C100106); CDISC ADAS-Cog - Commands: Pencil (C100212),8
CDISC ADAS-Cog - Commands: Shoulder,C100214,CDISC ADAS-Cog - Commands: Shoulder (C100214),C100106,QRS;Functional Assessment;Alzheimer's Disease Assessment Scale-Cognitive CDISC Version Functional Test;ADAS-Cog;ADC;ADAS-Cog CDISC Version Functional Test Question,ADCCMD05;Commands: Shoulder;CDISC ADAS-Cog - Commands: Shoulder,Ordinal,Alzheimer's Disease Assessment Scale-Cognitive CDISC Version (ADAS-Cog CDISC Version) Commands task for tap each shoulder twice with two fingers keeping your eyes shut.,3,Clinical or Research Assessment Question (C91102); CDISC QRS Instruments Questions (C211913); ADAS-Cog CDISC Version Functional Test Question (C100106); CDISC ADAS-Cog - Commands: Shoulder (C100214),8
CDISC ADAS-Cog - Commands: Watch,C100213,CDISC ADAS-Cog - Commands: Watch (C100213),C100106,QRS;Functional Assessment;Alzheimer's Disease Assessment Scale-Cognitive CDISC Version Functional Test;ADAS-Cog;ADC;ADAS-Cog CDISC Version Functional Test Question,ADCCMD04;Commands: Watch;CDISC ADAS-Cog - Commands: Watch,Ordinal,Alzheimer's Disease Assessment Scale-Cognitive CDISC Version (ADAS-Cog CDISC Version) Commands task for put the watch on the other side of the pencil and then turn over the card.,3,Clinical or Research Assessment Question (C91102); CDISC QRS Instruments Questions (C211913); ADAS-Cog CDISC Version Functional Test Question (C100106); CDISC ADAS-Cog - Commands: Watch (C100213),8
CDISC ADAS-Cog - Comprehension,C100278,CDISC ADAS-Cog - Comprehension (C100278),C100106,QRS;Functional Assessment;Alzheimer's Disease Assessment Scale-Cognitive CDISC Version Functional Test;ADAS-Cog;ADC;ADAS-Cog CDISC Version Functional Test Question,ADCCMP;Comprehension;CDISC ADAS-Cog - Comprehension,Ordinal,Alzheimer's Disease Assessment Scale-Cognitive CDISC Version (ADAS-Cog CDISC Version) Ability to comprehend speech.,3,Clinical or Research Assessment Question (C91102); CDISC QRS Instruments Questions (C211913); ADAS-Cog CDISC Version Functional Test Question (C100106); CDISC ADAS-Cog - Comprehension (C100278),8
CDISC ADAS-Cog - Concentration/Distractibility,C100279,CDISC ADAS-Cog - Concentration/Distractibility (C100279),C100106,QRS;Functional Assessment;Alzheimer's Disease Assessment Scale-Cognitive CDISC Version Functional Test;ADAS-Cog;ADC;ADAS-Cog CDISC Version Functional Test Question,ADCCON;Concentration/Distractibility;CDISC ADAS-Cog - Concentration/Distractibility,Ordinal,Alzheimer's Disease Assessment Scale-Cognitive CDISC Version (ADAS-Cog CDISC Version) Ability to concentrate or easily be distracted.,3,Clinical or Research Assessment Question (C91102); CDISC QRS Instruments Questions (C211913); ADAS-Cog CDISC Version Functional Test Question (C100106); CDISC ADAS-Cog - Concentration/Distractibility (C100279),8
CDISC ADAS-Cog - Constructional Praxis Summary Score,C100226,CDISC ADAS-Cog - Constructional Praxis Summary Score (C100226),C100106,QRS;Functional Assessment;Alzheimer's Disease Assessment Scale-Cognitive CDISC Version Functional Test;ADAS-Cog;ADC;ADAS-Cog CDISC Version Functional Test Question,ADCCP;Constructional Praxis;CDISC ADAS-Cog - Constructional Praxis Summary Score,Ordinal,Alzheimer's Disease Assessment Scale-Cognitive CDISC Version (ADAS-Cog CDISC Version) Summary score for constructional praxis.,3,Clinical or Research Assessment Question (C91102); CDISC QRS Instruments Questions (C211913); ADAS-Cog CDISC Version Functional Test Question (C100106); CDISC ADAS-Cog - Constructional Praxis Summary Score (C100226),8
CDISC ADAS-Cog - Constructional Praxis: 2 Rectangles,C100228,CDISC ADAS-Cog - Constructional Praxis: 2 Rectangles (C100228),C100106,QRS;Functional Assessment;Alzheimer's Disease Assessment Scale-Cognitive CDISC Version Functional Test;ADAS-Cog;ADC;ADAS-Cog CDISC Version Functional Test Question,ADCCP02;Constructional Praxis: 2 Rectangles;CDISC ADAS-Cog - Constructional Praxis: 2 Rectangles,Ordinal,Alzheimer's Disease Assessment Scale-Cognitive CDISC Version (ADAS-Cog CDISC Version) Constructional praxis task for copying two overlapping rectangles.,3,Clinical or Research Assessment Question (C91102); CDISC QRS Instruments Questions (C211913); ADAS-Cog CDISC Version Functional Test Question (C100106); CDISC ADAS-Cog - Constructional Praxis: 2 Rectangles (C100228),8
CDISC ADAS-Cog - Constructional Praxis: Circle,C100227,CDISC ADAS-Cog - Constructional Praxis: Circle (C100227),C100106,QRS;Functional Assessment;Alzheimer's Disease Assessment Scale-Cognitive CDISC Version Functional Test;ADAS-Cog;ADC;ADAS-Cog CDISC Version Functional Test Question,ADCCP01;Constructional Praxis: Circle;CDISC ADAS-Cog - Constructional Praxis: Circle,Ordinal,Alzheimer's Disease Assessment Scale-Cognitive CDISC Version (ADAS-Cog CDISC Version) Constructional praxis task for copying a circle.,3,Clinical or Research Assessment Question (C91102); CDISC QRS Instruments Questions (C211913); ADAS-Cog CDISC Version Functional Test Question (C100106); CDISC ADAS-Cog - Constructional Praxis: Circle (C100227),8
CDISC ADAS-Cog - Constructional Praxis: Cube,C100230,CDISC ADAS-Cog - Constructional Praxis: Cube (C100230),C100106,QRS;Functional Assessment;Alzheimer's Disease Assessment Scale-Cognitive CDISC Version Functional Test;ADAS-Cog;ADC;ADAS-Cog CDISC Version Functional Test Question,ADCCP04;Constructional Praxis: Cube;CDISC ADAS-Cog - Constructional Praxis: Cube,Ordinal,Alzheimer's Disease Assessment Scale-Cognitive CDISC Version (ADAS-Cog CDISC Version) Constructional praxis task for copying a cube.,3,Clinical or Research Assessment Question (C91102); CDISC QRS Instruments Questions (C211913); ADAS-Cog CDISC Version Functional Test Question (C100106); CDISC ADAS-Cog - Constructional Praxis: Cube (C100230),8
CDISC ADAS-Cog - Constructional Praxis: Diamond,C100229,CDISC ADAS-Cog - Constructional Praxis: Diamond (C100229),C100106,QRS;Functional Assessment;Alzheimer's Disease Assessment Scale-Cognitive CDISC Version Functional Test;ADAS-Cog;ADC;ADAS-Cog CDISC Version Functional Test Question,ADCCP03;Constructional Praxis: Diamond;CDISC ADAS-Cog - Constructional Praxis: Diamond,Ordinal,Alzheimer's Disease Assessment Scale-Cognitive CDISC Version (ADAS-Cog CDISC Version) Constructional praxis task for copying a diamond.,3,Clinical or Research Assessment Question (C91102); CDISC QRS Instruments Questions (C211913); ADAS-Cog CDISC Version Functional Test Question (C100106); CDISC ADAS-Cog - Constructional Praxis: Diamond (C100229),8
CDISC ADAS-Cog - Delayed Word Recall Summary Score,C100215,CDISC ADAS-Cog - Delayed Word Recall Summary Score (C100215),C100106,QRS;Functional Assessment;Alzheimer's Disease Assessment Scale-Cognitive CDISC Version Functional Test;ADAS-Cog;ADC;ADAS-Cog CDISC Version Functional Test Question,ADCDRL;Delayed Word Recall;CDISC ADAS-Cog - Delayed Word Recall Summary Score,Ordinal,Alzheimer's Disease Assessment Scale-Cognitive CDISC Version (ADAS-Cog CDISC Version) Summary score for delayed word recall.,3,Clinical or Research Assessment Question (C91102); CDISC QRS Instruments Questions (C211913); ADAS-Cog CDISC Version Functional Test Question (C100106); CDISC ADAS-Cog - Delayed Word Recall Summary Score (C100215),8
CDISC ADAS-Cog - Delayed Word Recall: Word 1,C100216,CDISC ADAS-Cog - Delayed Word Recall: Word 1 (C100216),C100106,QRS;Functional Assessment;Alzheimer's Disease Assessment Scale-Cognitive CDISC Version Functional Test;ADAS-Cog;ADC;ADAS-Cog CDISC Version Functional Test Question,ADCDRL01;Delayed Word Recall: Word [1];CDISC ADAS-Cog - Delayed Word Recall: Word 1,Ordinal,Alzheimer's Disease Assessment Scale-Cognitive CDISC Version (ADAS-Cog CDISC Version) Delayed word recall task for word 1.,3,Clinical or Research Assessment Question (C91102); CDISC QRS Instruments Questions (C211913); ADAS-Cog CDISC Version Functional Test Question (C100106); CDISC ADAS-Cog - Delayed Word Recall: Word 1 (C100216),8
CDISC ADAS-Cog - Delayed Word Recall: Word 10,C100225,CDISC ADAS-Cog - Delayed Word Recall: Word 10 (C100225),C100106,QRS;Functional Assessment;Alzheimer's Disease Assessment Scale-Cognitive CDISC Version Functional Test;ADAS-Cog;ADC;ADAS-Cog CDISC Version Functional Test Question,ADCDRL10;Delayed Word Recall: Word [10];CDISC ADAS-Cog - Delayed Word Recall: Word 10,Ordinal,Alzheimer's Disease Assessment Scale-Cognitive CDISC Version (ADAS-Cog CDISC Version) Delayed word recall task for word 10.,3,Clinical or Research Assessment Question (C91102); CDISC QRS Instruments Questions (C211913); ADAS-Cog CDISC Version Functional Test Question (C100106); CDISC ADAS-Cog - Delayed Word Recall: Word 10 (C100225),8
CDISC ADAS-Cog - Delayed Word Recall: Word 2,C100217,CDISC ADAS-Cog - Delayed Word Recall: Word 2 (C100217),C100106,QRS;Functional Assessment;Alzheimer's Disease Assessment Scale-Cognitive CDISC Version Functional Test;ADAS-Cog;ADC;ADAS-Cog CDISC Version Functional Test Question,ADCDRL02;Delayed Word Recall: Word [2];CDISC ADAS-Cog - Delayed Word Recall: Word 2,Ordinal,Alzheimer's Disease Assessment Scale-Cognitive CDISC Version (ADAS-Cog CDISC Version) Delayed word recall task for word 2.,3,Clinical or Research Assessment Question (C91102); CDISC QRS Instruments Questions (C211913); ADAS-Cog CDISC Version Functional Test Question (C100106); CDISC ADAS-Cog - Delayed Word Recall: Word 2 (C100217),8
CDISC ADAS-Cog - Delayed Word Recall: Word 3,C100218,CDISC ADAS-Cog - Delayed Word Recall: Word 3 (C100218),C100106,QRS;Functional Assessment;Alzheimer's Disease Assessment Scale-Cognitive CDISC Version Functional Test;ADAS-Cog;ADC;ADAS-Cog CDISC Version Functional Test Question,ADCDRL03;Delayed Word Recall: Word [3];CDISC ADAS-Cog - Delayed Word Recall: Word 3,Ordinal,Alzheimer's Disease Assessment Scale-Cognitive CDISC Version (ADAS-Cog CDISC Version) Delayed word recall task for word 3.,3,Clinical or Research Assessment Question (C91102); CDISC QRS Instruments Questions (C211913); ADAS-Cog CDISC Version Functional Test Question (C100106); CDISC ADAS-Cog - Delayed Word Recall: Word 3 (C100218),8
CDISC ADAS-Cog - Delayed Word Recall: Word 4,C100219,CDISC ADAS-Cog - Delayed Word Recall: Word 4 (C100219),C100106,QRS;Functional Assessment;Alzheimer's Disease Assessment Scale-Cognitive CDISC Version Functional Test;ADAS-Cog;ADC;ADAS-Cog CDISC Version Functional Test Question,ADCDRL04;Delayed Word Recall: Word [4];CDISC ADAS-Cog - Delayed Word Recall: Word 4,Ordinal,Alzheimer's Disease Assessment Scale-Cognitive CDISC Version (ADAS-Cog CDISC Version) Delayed word recall task for word 4.,3,Clinical or Research Assessment Question (C91102); CDISC QRS Instruments Questions (C211913); ADAS-Cog CDISC Version Functional Test Question (C100106); CDISC ADAS-Cog - Delayed Word Recall: Word 4 (C100219),8
CDISC ADAS-Cog - Delayed Word Recall: Word 5,C100220,CDISC ADAS-Cog - Delayed Word Recall: Word 5 (C100220),C100106,QRS;Functional Assessment;Alzheimer's Disease Assessment Scale-Cognitive CDISC Version Functional Test;ADAS-Cog;ADC;ADAS-Cog CDISC Version Functional Test Question,ADCDRL05;Delayed Word Recall: Word [5];CDISC ADAS-Cog - Delayed Word Recall: Word 5,Ordinal,Alzheimer's Disease Assessment Scale-Cognitive CDISC Version (ADAS-Cog CDISC Version) Delayed word recall task for word 5.,3,Clinical or Research Assessment Question (C91102); CDISC QRS Instruments Questions (C211913); ADAS-Cog CDISC Version Functional Test Question (C100106); CDISC ADAS-Cog - Delayed Word Recall: Word 5 (C100220),8
CDISC ADAS-Cog - Delayed Word Recall: Word 6,C100221,CDISC ADAS-Cog - Delayed Word Recall: Word 6 (C100221),C100106,QRS;Functional Assessment;Alzheimer's Disease Assessment Scale-Cognitive CDISC Version Functional Test;ADAS-Cog;ADC;ADAS-Cog CDISC Version Functional Test Question,ADCDRL06;Delayed Word Recall: Word [6];CDISC ADAS-Cog - Delayed Word Recall: Word 6,Ordinal,Alzheimer's Disease Assessment Scale-Cognitive CDISC Version (ADAS-Cog CDISC Version) Delayed word recall task for word 6.,3,Clinical or Research Assessment Question (C91102); CDISC QRS Instruments Questions (C211913); ADAS-Cog CDISC Version Functional Test Question (C100106); CDISC ADAS-Cog - Delayed Word Recall: Word 6 (C100221),8
CDISC ADAS-Cog - Delayed Word Recall: Word 7,C100222,CDISC ADAS-Cog - Delayed Word Recall: Word 7 (C100222),C100106,QRS;Functional Assessment;Alzheimer's Disease Assessment Scale-Cognitive CDISC Version Functional Test;ADAS-Cog;ADC;ADAS-Cog CDISC Version Functional Test Question,ADCDRL07;Delayed Word Recall: Word [7];CDISC ADAS-Cog - Delayed Word Recall: Word 7,Ordinal,Alzheimer's Disease Assessment Scale-Cognitive CDISC Version (ADAS-Cog CDISC Version) Delayed word recall task for word 7.,3,Clinical or Research Assessment Question (C91102); CDISC QRS Instruments Questions (C211913); ADAS-Cog CDISC Version Functional Test Question (C100106); CDISC ADAS-Cog - Delayed Word Recall: Word 7 (C100222),8
CDISC ADAS-Cog - Delayed Word Recall: Word 8,C100223,CDISC ADAS-Cog - Delayed Word Recall: Word 8 (C100223),C100106,QRS;Functional Assessment;Alzheimer's Disease Assessment Scale-Cognitive CDISC Version Functional Test;ADAS-Cog;ADC;ADAS-Cog CDISC Version Functional Test Question,ADCDRL08;Delayed Word Recall: Word [8];CDISC ADAS-Cog - Delayed Word Recall: Word 8,Ordinal,Alzheimer's Disease Assessment Scale-Cognitive CDISC Version (ADAS-Cog CDISC Version) Delayed word recall task for word 8.,3,Clinical or Research Assessment Question (C91102); CDISC QRS Instruments Questions (C211913); ADAS-Cog CDISC Version Functional Test Question (C100106); CDISC ADAS-Cog - Delayed Word Recall: Word 8 (C100223),8
CDISC ADAS-Cog - Delayed Word Recall: Word 9,C100224,CDISC ADAS-Cog - Delayed Word Recall: Word 9 (C100224),C100106,QRS;Functional Assessment;Alzheimer's Disease Assessment Scale-Cognitive CDISC Version Functional Test;ADAS-Cog;ADC;ADAS-Cog CDISC Version Functional Test Question,ADCDRL09;Delayed Word Recall: Word [9];CDISC ADAS-Cog - Delayed Word Recall: Word 9,Ordinal,Alzheimer's Disease Assessment Scale-Cognitive CDISC Version (ADAS-Cog CDISC Version) Delayed word recall task for word 9.,3,Clinical or Research Assessment Question (C91102); CDISC QRS Instruments Questions (C211913); ADAS-Cog CDISC Version Functional Test Question (C100106); CDISC ADAS-Cog - Delayed Word Recall: Word 9 (C100224),8
CDISC ADAS-Cog - Executive Function Maze Summary Score,C100284,CDISC ADAS-Cog - Executive Function Maze Summary Score (C100284),C100106,QRS;Functional Assessment;Alzheimer's Disease Assessment Scale-Cognitive CDISC Version Functional Test;ADAS-Cog;ADC;ADAS-Cog CDISC Version Functional Test Question,ADCMZ;Executive Function Maze;CDISC ADAS-Cog - Executive Function Maze Summary Score,Ordinal,Alzheimer's Disease Assessment Scale-Cognitive CDISC Version (ADAS-Cog CDISC Version) Summary score for the executive function maze tasks.,3,Clinical or Research Assessment Question (C91102); CDISC QRS Instruments Questions (C211913); ADAS-Cog CDISC Version Functional Test Question (C100106); CDISC ADAS-Cog - Executive Function Maze Summary Score (C100284),8
CDISC ADAS-Cog - Executive Function Maze: Errors,C100285,CDISC ADAS-Cog - Executive Function Maze: Errors (C100285),C100106,QRS;Functional Assessment;Alzheimer's Disease Assessment Scale-Cognitive CDISC Version Functional Test;ADAS-Cog;ADC;ADAS-Cog CDISC Version Functional Test Question,ADCMZ01;Executive Function Maze: Errors;CDISC ADAS-Cog - Executive Function Maze: Errors,Ordinal,Alzheimer's Disease Assessment Scale-Cognitive CDISC Version (ADAS-Cog CDISC Version) Number of errors during the executive function maze task.,3,Clinical or Research Assessment Question (C91102); CDISC QRS Instruments Questions (C211913); ADAS-Cog CDISC Version Functional Test Question (C100106); CDISC ADAS-Cog - Executive Function Maze: Errors (C100285),8
CDISC ADAS-Cog - Executive Function Maze: Time,C100286,CDISC ADAS-Cog - Executive Function Maze: Time (C100286),C100106,QRS;Functional Assessment;Alzheimer's Disease Assessment Scale-Cognitive CDISC Version Functional Test;ADAS-Cog;ADC;ADAS-Cog CDISC Version Functional Test Question,ADCMZ02;Executive Function Maze: Time;CDISC ADAS-Cog - Executive Function Maze: Time,Temporal,Alzheimer's Disease Assessment Scale-Cognitive CDISC Version (ADAS-Cog CDISC Version) The time taken to complete the executive function maze task.,3,Clinical or Research Assessment Question (C91102); CDISC QRS Instruments Questions (C211913); ADAS-Cog CDISC Version Functional Test Question (C100106); CDISC ADAS-Cog - Executive Function Maze: Time (C100286),9
CDISC ADAS-Cog - Ideational Praxis Summary Score,C100232,CDISC ADAS-Cog - Ideational Praxis Summary Score (C100232),C100106,QRS;Functional Assessment;Alzheimer's Disease Assessment Scale-Cognitive CDISC Version Functional Test;ADAS-Cog;ADC;ADAS-Cog CDISC Version Functional Test Question,ADCIP;Ideational Praxis;CDISC ADAS-Cog - Ideational Praxis Summary Score,Ordinal,Alzheimer's Disease Assessment Scale-Cognitive CDISC Version (ADAS-Cog CDISC Version) Summary score for ideational praxis.,3,Clinical or Research Assessment Question (C91102); CDISC QRS Instruments Questions (C211913); ADAS-Cog CDISC Version Functional Test Question (C100106); CDISC ADAS-Cog - Ideational Praxis Summary Score (C100232),8
CDISC ADAS-Cog - Ideational Praxis: Address,C100236,CDISC ADAS-Cog - Ideational Praxis: Address (C100236),C100106,QRS;Functional Assessment;Alzheimer's Disease Assessment Scale-Cognitive CDISC Version Functional Test;ADAS-Cog;ADC;ADAS-Cog CDISC Version Functional Test Question,ADCIP04;Ideational Praxis: Address;CDISC ADAS-Cog - Ideational Praxis: Address,Ordinal,Alzheimer's Disease Assessment Scale-Cognitive CDISC Version (ADAS-Cog CDISC Version) Ideational praxis task for address the envelop to yourself.,3,Clinical or Research Assessment Question (C91102); CDISC QRS Instruments Questions (C211913); ADAS-Cog CDISC Version Functional Test Question (C100106); CDISC ADAS-Cog - Ideational Praxis: Address (C100236),8
CDISC ADAS-Cog - Ideational Praxis: Fold,C100233,CDISC ADAS-Cog - Ideational Praxis: Fold (C100233),C100106,QRS;Functional Assessment;Alzheimer's Disease Assessment Scale-Cognitive CDISC Version Functional Test;ADAS-Cog;ADC;ADAS-Cog CDISC Version Functional Test Question,ADCIP01;Ideational Praxis: Fold;CDISC ADAS-Cog - Ideational Praxis: Fold,Ordinal,Alzheimer's Disease Assessment Scale-Cognitive CDISC Version (ADAS-Cog CDISC Version) Ideational praxis task for folding the paper.,3,Clinical or Research Assessment Question (C91102); CDISC QRS Instruments Questions (C211913); ADAS-Cog CDISC Version Functional Test Question (C100106); CDISC ADAS-Cog - Ideational Praxis: Fold (C100233),8
CDISC ADAS-Cog - Ideational Praxis: Insert,C100234,CDISC ADAS-Cog - Ideational Praxis: Insert (C100234),C100106,QRS;Functional Assessment;Alzheimer's Disease Assessment Scale-Cognitive CDISC Version Functional Test;ADAS-Cog;ADC;ADAS-Cog CDISC Version Functional Test Question,ADCIP02;Ideational Praxis: Insert;CDISC ADAS-Cog - Ideational Praxis: Insert,Ordinal,Alzheimer's Disease Assessment Scale-Cognitive CDISC Version (ADAS-Cog CDISC Version) Ideational praxis task for put the paper in the envelop.,3,Clinical or Research Assessment Question (C91102); CDISC QRS Instruments Questions (C211913); ADAS-Cog CDISC Version Functional Test Question (C100106); CDISC ADAS-Cog - Ideational Praxis: Insert (C100234),8
CDISC ADAS-Cog - Ideational Praxis: Seal,C100235,CDISC ADAS-Cog - Ideational Praxis: Seal (C100235),C100106,QRS;Functional Assessment;Alzheimer's Disease Assessment Scale-Cognitive CDISC Version Functional Test;ADAS-Cog;ADC;ADAS-Cog CDISC Version Functional Test Question,ADCIP03;Ideational Praxis: Seal;CDISC ADAS-Cog - Ideational Praxis: Seal,Ordinal,Alzheimer's Disease Assessment Scale-Cognitive CDISC Version (ADAS-Cog CDISC Version) Ideational praxis task for seal the envelop.,3,Clinical or Research Assessment Question (C91102); CDISC QRS Instruments Questions (C211913); ADAS-Cog CDISC Version Functional Test Question (C100106); CDISC ADAS-Cog - Ideational Praxis: Seal (C100235),8
CDISC ADAS-Cog - Ideational Praxis: Stamp,C100237,CDISC ADAS-Cog - Ideational Praxis: Stamp (C100237),C100106,QRS;Functional Assessment;Alzheimer's Disease Assessment Scale-Cognitive CDISC Version Functional Test;ADAS-Cog;ADC;ADAS-Cog CDISC Version Functional Test Question,ADCIP05;Ideational Praxis: Stamp;CDISC ADAS-Cog - Ideational Praxis: Stamp,Ordinal,Alzheimer's Disease Assessment Scale-Cognitive CDISC Version (ADAS-Cog CDISC Version) Ideational praxis task for showing where the stamp goes.,3,Clinical or Research Assessment Question (C91102); CDISC QRS Instruments Questions (C211913); ADAS-Cog CDISC Version Functional Test Question (C100106); CDISC ADAS-Cog - Ideational Praxis: Stamp (C100237),8
CDISC ADAS-Cog - Naming Objects and Fingers Summary Score,C100191,CDISC ADAS-Cog - Naming Objects and Fingers Summary Score (C100191),C100106,QRS;Functional Assessment;Alzheimer's Disease Assessment Scale-Cognitive CDISC Version Functional Test;ADAS-Cog;ADC;ADAS-Cog CDISC Version Functional Test Question,ADCOF;Naming Objects and Fingers;CDISC ADAS-Cog - Naming Objects and Fingers Summary Score,Ordinal,Alzheimer's Disease Assessment Scale-Cognitive CDISC Version (ADAS-Cog CDISC Version) Naming task summary score for object and fingers.,3,Clinical or Research Assessment Question (C91102); CDISC QRS Instruments Questions (C211913); ADAS-Cog CDISC Version Functional Test Question (C100106); CDISC ADAS-Cog - Naming Objects and Fingers Summary Score (C100191),8
CDISC ADAS-Cog - Naming Objects and Fingers: 1,C100192,CDISC ADAS-Cog - Naming Objects and Fingers: 1 (C100192),C100106,QRS;Functional Assessment;Alzheimer's Disease Assessment Scale-Cognitive CDISC Version Functional Test;ADAS-Cog;ADC;ADAS-Cog CDISC Version Functional Test Question,ADCOFO01;Naming Objects and Fingers: 1;CDISC ADAS-Cog - Naming Objects and Fingers: 1,Ordinal,Alzheimer's Disease Assessment Scale-Cognitive CDISC Version (ADAS-Cog CDISC Version) Naming task for object 1.,3,Clinical or Research Assessment Question (C91102); CDISC QRS Instruments Questions (C211913); ADAS-Cog CDISC Version Functional Test Question (C100106); CDISC ADAS-Cog - Naming Objects and Fingers: 1 (C100192),8
CDISC ADAS-Cog - Naming Objects and Fingers: 10,C100201,CDISC ADAS-Cog - Naming Objects and Fingers: 10 (C100201),C100106,QRS;Functional Assessment;Alzheimer's Disease Assessment Scale-Cognitive CDISC Version Functional Test;ADAS-Cog;ADC;ADAS-Cog CDISC Version Functional Test Question,ADCOFO10;Naming Objects and Fingers: 10;CDISC ADAS-Cog - Naming Objects and Fingers: 10,Ordinal,Alzheimer's Disease Assessment Scale-Cognitive CDISC Version (ADAS-Cog CDISC Version) Naming task for object 10.,3,Clinical or Research Assessment Question (C91102); CDISC QRS Instruments Questions (C211913); ADAS-Cog CDISC Version Functional Test Question (C100106); CDISC ADAS-Cog - Naming Objects and Fingers: 10 (C100201),8
CDISC ADAS-Cog - Naming Objects and Fingers: 11,C100202,CDISC ADAS-Cog - Naming Objects and Fingers: 11 (C100202),C100106,QRS;Functional Assessment;Alzheimer's Disease Assessment Scale-Cognitive CDISC Version Functional Test;ADAS-Cog;ADC;ADAS-Cog CDISC Version Functional Test Question,ADCOFO11;Naming Objects and Fingers: 11;CDISC ADAS-Cog - Naming Objects and Fingers: 11,Ordinal,Alzheimer's Disease Assessment Scale-Cognitive CDISC Version (ADAS-Cog CDISC Version) Naming task for object 11.,3,Clinical or Research Assessment Question (C91102); CDISC QRS Instruments Questions (C211913); ADAS-Cog CDISC Version Functional Test Question (C100106); CDISC ADAS-Cog - Naming Objects and Fingers: 11 (C100202),8
CDISC ADAS-Cog - Naming Objects and Fingers: 12,C100203,CDISC ADAS-Cog - Naming Objects and Fingers: 12 (C100203),C100106,QRS;Functional Assessment;Alzheimer's Disease Assessment Scale-Cognitive CDISC Version Functional Test;ADAS-Cog;ADC;ADAS-Cog CDISC Version Functional Test Question,ADCOFO12;Naming Objects and Fingers: 12;CDISC ADAS-Cog - Naming Objects and Fingers: 12,Ordinal,Alzheimer's Disease Assessment Scale-Cognitive CDISC Version (ADAS-Cog CDISC Version) Naming task for object 12.,3,Clinical or Research Assessment Question (C91102); CDISC QRS Instruments Questions (C211913); ADAS-Cog CDISC Version Functional Test Question (C100106); CDISC ADAS-Cog - Naming Objects and Fingers: 12 (C100203),8
CDISC ADAS-Cog - Naming Objects and Fingers: 2,C100193,CDISC ADAS-Cog - Naming Objects and Fingers: 2 (C100193),C100106,QRS;Functional Assessment;Alzheimer's Disease Assessment Scale-Cognitive CDISC Version Functional Test;ADAS-Cog;ADC;ADAS-Cog CDISC Version Functional Test Question,ADCOFO02;Naming Objects and Fingers: 2;CDISC ADAS-Cog - Naming Objects and Fingers: 2,Ordinal,Alzheimer's Disease Assessment Scale-Cognitive CDISC Version (ADAS-Cog CDISC Version) Naming task for object 2.,3,Clinical or Research Assessment Question (C91102); CDISC QRS Instruments Questions (C211913); ADAS-Cog CDISC Version Functional Test Question (C100106); CDISC ADAS-Cog - Naming Objects and Fingers: 2 (C100193),8
CDISC ADAS-Cog - Naming Objects and Fingers: 3,C100194,CDISC ADAS-Cog - Naming Objects and Fingers: 3 (C100194),C100106,QRS;Functional Assessment;Alzheimer's Disease Assessment Scale-Cognitive CDISC Version Functional Test;ADAS-Cog;ADC;ADAS-Cog CDISC Version Functional Test Question,ADCOFO03;Naming Objects and Fingers: 3;CDISC ADAS-Cog - Naming Objects and Fingers: 3,Ordinal,Alzheimer's Disease Assessment Scale-Cognitive CDISC Version (ADAS-Cog CDISC Version) Naming task for object 3.,3,Clinical or Research Assessment Question (C91102); CDISC QRS Instruments Questions (C211913); ADAS-Cog CDISC Version Functional Test Question (C100106); CDISC ADAS-Cog - Naming Objects and Fingers: 3 (C100194),8
CDISC ADAS-Cog - Naming Objects and Fingers: 4,C100195,CDISC ADAS-Cog - Naming Objects and Fingers: 4 (C100195),C100106,QRS;Functional Assessment;Alzheimer's Disease Assessment Scale-Cognitive CDISC Version Functional Test;ADAS-Cog;ADC;ADAS-Cog CDISC Version Functional Test Question,ADCOFO04;Naming Objects and Fingers: 4;CDISC ADAS-Cog - Naming Objects and Fingers: 4,Ordinal,Alzheimer's Disease Assessment Scale-Cognitive CDISC Version (ADAS-Cog CDISC Version) Naming task for object 4.,3,Clinical or Research Assessment Question (C91102); CDISC QRS Instruments Questions (C211913); ADAS-Cog CDISC Version Functional Test Question (C100106); CDISC ADAS-Cog - Naming Objects and Fingers: 4 (C100195),8
CDISC ADAS-Cog - Naming Objects and Fingers: 5,C100196,CDISC ADAS-Cog - Naming Objects and Fingers: 5 (C100196),C100106,QRS;Functional Assessment;Alzheimer's Disease Assessment Scale-Cognitive CDISC Version Functional Test;ADAS-Cog;ADC;ADAS-Cog CDISC Version Functional Test Question,ADCOFO05;Naming Objects and Fingers: 5;CDISC ADAS-Cog - Naming Objects and Fingers: 5,Ordinal,Alzheimer's Disease Assessment Scale-Cognitive CDISC Version (ADAS-Cog CDISC Version) Naming task for object 5.,3,Clinical or Research Assessment Question (C91102); CDISC QRS Instruments Questions (C211913); ADAS-Cog CDISC Version Functional Test Question (C100106); CDISC ADAS-Cog - Naming Objects and Fingers: 5 (C100196),8
CDISC ADAS-Cog - Naming Objects and Fingers: 6,C100197,CDISC ADAS-Cog - Naming Objects and Fingers: 6 (C100197),C100106,QRS;Functional Assessment;Alzheimer's Disease Assessment Scale-Cognitive CDISC Version Functional Test;ADAS-Cog;ADC;ADAS-Cog CDISC Version Functional Test Question,ADCOFO06;Naming Objects and Fingers: 6;CDISC ADAS-Cog - Naming Objects and Fingers: 6,Ordinal,Alzheimer's Disease Assessment Scale-Cognitive CDISC Version (ADAS-Cog CDISC Version) Naming task for object 6.,3,Clinical or Research Assessment Question (C91102); CDISC QRS Instruments Questions (C211913); ADAS-Cog CDISC Version Functional Test Question (C100106); CDISC ADAS-Cog - Naming Objects and Fingers: 6 (C100197),8
CDISC ADAS-Cog - Naming Objects and Fingers: 7,C100198,CDISC ADAS-Cog - Naming Objects and Fingers: 7 (C100198),C100106,QRS;Functional Assessment;Alzheimer's Disease Assessment Scale-Cognitive CDISC Version Functional Test;ADAS-Cog;ADC;ADAS-Cog CDISC Version Functional Test Question,ADCOFO07;Naming Objects and Fingers: 7;CDISC ADAS-Cog - Naming Objects and Fingers: 7,Ordinal,Alzheimer's Disease Assessment Scale-Cognitive CDISC Version (ADAS-Cog CDISC Version) Naming task for object 7.,3,Clinical or Research Assessment Question (C91102); CDISC QRS Instruments Questions (C211913); ADAS-Cog CDISC Version Functional Test Question (C100106); CDISC ADAS-Cog - Naming Objects and Fingers: 7 (C100198),8
CDISC ADAS-Cog - Naming Objects and Fingers: 8,C100199,CDISC ADAS-Cog - Naming Objects and Fingers: 8 (C100199),C100106,QRS;Functional Assessment;Alzheimer's Disease Assessment Scale-Cognitive CDISC Version Functional Test;ADAS-Cog;ADC;ADAS-Cog CDISC Version Functional Test Question,ADCOFO08;Naming Objects and Fingers: 8;CDISC ADAS-Cog - Naming Objects and Fingers: 8,Ordinal,Alzheimer's Disease Assessment Scale-Cognitive CDISC Version (ADAS-Cog CDISC Version) Naming task for object 8.,3,Clinical or Research Assessment Question (C91102); CDISC QRS Instruments Questions (C211913); ADAS-Cog CDISC Version Functional Test Question (C100106); CDISC ADAS-Cog - Naming Objects and Fingers: 8 (C100199),8
CDISC ADAS-Cog - Naming Objects and Fingers: 9,C100200,CDISC ADAS-Cog - Naming Objects and Fingers: 9 (C100200),C100106,QRS;Functional Assessment;Alzheimer's Disease Assessment Scale-Cognitive CDISC Version Functional Test;ADAS-Cog;ADC;ADAS-Cog CDISC Version Functional Test Question,ADCOFO09;Naming Objects and Fingers: 9;CDISC ADAS-Cog - Naming Objects and Fingers: 9,Ordinal,Alzheimer's Disease Assessment Scale-Cognitive CDISC Version (ADAS-Cog CDISC Version) Naming task for object 9.,3,Clinical or Research Assessment Question (C91102); CDISC QRS Instruments Questions (C211913); ADAS-Cog CDISC Version Functional Test Question (C100106); CDISC ADAS-Cog - Naming Objects and Fingers: 9 (C100200),8
CDISC ADAS-Cog - Naming Objects and Fingers: Middle,C100206,CDISC ADAS-Cog - Naming Objects and Fingers: Middle (C100206),C100106,QRS;Functional Assessment;Alzheimer's Disease Assessment Scale-Cognitive CDISC Version Functional Test;ADAS-Cog;ADC;ADAS-Cog CDISC Version Functional Test Question,ADCOFF03;Naming Objects and Fingers: Middle;CDISC ADAS-Cog - Naming Objects and Fingers: Middle,Ordinal,"Alzheimer's Disease Assessment Scale-Cognitive CDISC Version (ADAS-Cog CDISC Version) Naming task for fingers of the dominant hand, middle finger.",3,Clinical or Research Assessment Question (C91102); CDISC QRS Instruments Questions (C211913); ADAS-Cog CDISC Version Functional Test Question (C100106); CDISC ADAS-Cog - Naming Objects and Fingers: Middle (C100206),8
CDISC ADAS-Cog - Naming Objects and Fingers: Pinky,C100208,CDISC ADAS-Cog - Naming Objects and Fingers: Pinky (C100208),C100106,QRS;Functional Assessment;Alzheimer's Disease Assessment Scale-Cognitive CDISC Version Functional Test;ADAS-Cog;ADC;ADAS-Cog CDISC Version Functional Test Question,ADCOFF05;Naming Objects and Fingers: Pinky;CDISC ADAS-Cog - Naming Objects and Fingers: Pinky,Ordinal,"Alzheimer's Disease Assessment Scale-Cognitive CDISC Version (ADAS-Cog CDISC Version) Naming task for fingers of the dominant hand, little finger or pinky.",3,Clinical or Research Assessment Question (C91102); CDISC QRS Instruments Questions (C211913); ADAS-Cog CDISC Version Functional Test Question (C100106); CDISC ADAS-Cog - Naming Objects and Fingers: Pinky (C100208),8
CDISC ADAS-Cog - Naming Objects and Fingers: Pointer,C100205,CDISC ADAS-Cog - Naming Objects and Fingers: Pointer (C100205),C100106,QRS;Functional Assessment;Alzheimer's Disease Assessment Scale-Cognitive CDISC Version Functional Test;ADAS-Cog;ADC;ADAS-Cog CDISC Version Functional Test Question,ADCOFF02;Naming Objects and Fingers: Pointer;CDISC ADAS-Cog - Naming Objects and Fingers: Pointer,Ordinal,"Alzheimer's Disease Assessment Scale-Cognitive CDISC Version (ADAS-Cog CDISC Version) Naming task for fingers of the dominant hand, index, or pointer finger.",3,Clinical or Research Assessment Question (C91102); CDISC QRS Instruments Questions (C211913); ADAS-Cog CDISC Version Functional Test Question (C100106); CDISC ADAS-Cog - Naming Objects and Fingers: Pointer (C100205),8
CDISC ADAS-Cog - Naming Objects and Fingers: Ring,C100207,CDISC ADAS-Cog - Naming Objects and Fingers: Ring (C100207),C100106,QRS;Functional Assessment;Alzheimer's Disease Assessment Scale-Cognitive CDISC Version Functional Test;ADAS-Cog;ADC;ADAS-Cog CDISC Version Functional Test Question,ADCOFF04;Naming Objects and Fingers: Ring;CDISC ADAS-Cog - Naming Objects and Fingers: Ring,Ordinal,"Alzheimer's Disease Assessment Scale-Cognitive CDISC Version (ADAS-Cog CDISC Version) Naming task for fingers of the dominant hand, ring finger.",3,Clinical or Research Assessment Question (C91102); CDISC QRS Instruments Questions (C211913); ADAS-Cog CDISC Version Functional Test Question (C100106); CDISC ADAS-Cog - Naming Objects and Fingers: Ring (C100207),8
CDISC ADAS-Cog - Naming Objects and Fingers: Thumb,C100204,CDISC ADAS-Cog - Naming Objects and Fingers: Thumb (C100204),C100106,QRS;Functional Assessment;Alzheimer's Disease Assessment Scale-Cognitive CDISC Version Functional Test;ADAS-Cog;ADC;ADAS-Cog CDISC Version Functional Test Question,ADCOFF01;Naming Objects and Fingers: Thumb;CDISC ADAS-Cog - Naming Objects and Fingers: Thumb,Ordinal,"Alzheimer's Disease Assessment Scale-Cognitive CDISC Version (ADAS-Cog CDISC Version) Naming task for fingers of the dominant hand, thumb.",3,Clinical or Research Assessment Question (C91102); CDISC QRS Instruments Questions (C211913); ADAS-Cog CDISC Version Functional Test Question (C100106); CDISC ADAS-Cog - Naming Objects and Fingers: Thumb (C100204),8
CDISC ADAS-Cog - Number Cancellation Summary Score,C100280,CDISC ADAS-Cog - Number Cancellation Summary Score (C100280),C100106,QRS;Functional Assessment;Alzheimer's Disease Assessment Scale-Cognitive CDISC Version Functional Test;ADAS-Cog;ADC;ADAS-Cog CDISC Version Functional Test Question,ADCNC;Number Cancellation;CDISC ADAS-Cog - Number Cancellation Summary Score,Ordinal,Alzheimer's Disease Assessment Scale-Cognitive CDISC Version (ADAS-Cog CDISC Version) Summary score for the number cancellation tasks.,3,Clinical or Research Assessment Question (C91102); CDISC QRS Instruments Questions (C211913); ADAS-Cog CDISC Version Functional Test Question (C100106); CDISC ADAS-Cog - Number Cancellation Summary Score (C100280),8
CDISC ADAS-Cog - Number Cancellation: Correct,C100281,CDISC ADAS-Cog - Number Cancellation: Correct (C100281),C100106,QRS;Functional Assessment;Alzheimer's Disease Assessment Scale-Cognitive CDISC Version Functional Test;ADAS-Cog;ADC;ADAS-Cog CDISC Version Functional Test Question,ADCNC01;Number Cancellation: Correct;CDISC ADAS-Cog - Number Cancellation: Correct,Ordinal,Alzheimer's Disease Assessment Scale-Cognitive CDISC Version (ADAS-Cog CDISC Version) Number of targets hit during the number cancellation task.,3,Clinical or Research Assessment Question (C91102); CDISC QRS Instruments Questions (C211913); ADAS-Cog CDISC Version Functional Test Question (C100106); CDISC ADAS-Cog - Number Cancellation: Correct (C100281),8
CDISC ADAS-Cog - Number Cancellation: Errors,C100282,CDISC ADAS-Cog - Number Cancellation: Errors (C100282),C100106,QRS;Functional Assessment;Alzheimer's Disease Assessment Scale-Cognitive CDISC Version Functional Test;ADAS-Cog;ADC;ADAS-Cog CDISC Version Functional Test Question,ADCNC02;Number Cancellation: Errors;CDISC ADAS-Cog - Number Cancellation: Errors,Ordinal,Alzheimer's Disease Assessment Scale-Cognitive CDISC Version (ADAS-Cog CDISC Version) Number of errors during the number cancellation task.,3,Clinical or Research Assessment Question (C91102); CDISC QRS Instruments Questions (C211913); ADAS-Cog CDISC Version Functional Test Question (C100106); CDISC ADAS-Cog - Number Cancellation: Errors (C100282),8
CDISC ADAS-Cog - Number Cancellation: Remind,C100283,CDISC ADAS-Cog - Number Cancellation: Remind (C100283),C100106,QRS;Functional Assessment;Alzheimer's Disease Assessment Scale-Cognitive CDISC Version Functional Test;ADAS-Cog;ADC;ADAS-Cog CDISC Version Functional Test Question,ADCNC03;Number Cancellation: Remind;CDISC ADAS-Cog - Number Cancellation: Remind,Ordinal,Alzheimer's Disease Assessment Scale-Cognitive CDISC Version (ADAS-Cog CDISC Version) Number of times reminded for the number cancellation task.,3,Clinical or Research Assessment Question (C91102); CDISC QRS Instruments Questions (C211913); ADAS-Cog CDISC Version Functional Test Question (C100106); CDISC ADAS-Cog - Number Cancellation: Remind (C100283),8
CDISC ADAS-Cog - Orientation Summary Score,C100238,CDISC ADAS-Cog - Orientation Summary Score (C100238),C100106,QRS;Functional Assessment;Alzheimer's Disease Assessment Scale-Cognitive CDISC Version Functional Test;ADAS-Cog;ADC;ADAS-Cog CDISC Version Functional Test Question,ADCOR;Orientation;CDISC ADAS-Cog - Orientation Summary Score,Ordinal,Alzheimer's Disease Assessment Scale-Cognitive CDISC Version (ADAS-Cog CDISC Version) Summary score for orientation.,3,Clinical or Research Assessment Question (C91102); CDISC QRS Instruments Questions (C211913); ADAS-Cog CDISC Version Functional Test Question (C100106); CDISC ADAS-Cog - Orientation Summary Score (C100238),8
CDISC ADAS-Cog - Orientation: Date,C100241,CDISC ADAS-Cog - Orientation: Date (C100241),C100106,QRS;Functional Assessment;Alzheimer's Disease Assessment Scale-Cognitive CDISC Version Functional Test;ADAS-Cog;ADC;ADAS-Cog CDISC Version Functional Test Question,ADCOR03;Orientation: Date;CDISC ADAS-Cog - Orientation: Date,Ordinal,Alzheimer's Disease Assessment Scale-Cognitive CDISC Version (ADAS-Cog CDISC Version) Orientation task for knowing the current day.,3,Clinical or Research Assessment Question (C91102); CDISC QRS Instruments Questions (C211913); ADAS-Cog CDISC Version Functional Test Question (C100106); CDISC ADAS-Cog - Orientation: Date (C100241),8
CDISC ADAS-Cog - Orientation: Day of Week,C100243,CDISC ADAS-Cog - Orientation: Day of Week (C100243),C100106,QRS;Functional Assessment;Alzheimer's Disease Assessment Scale-Cognitive CDISC Version Functional Test;ADAS-Cog;ADC;ADAS-Cog CDISC Version Functional Test Question,ADCOR05;Orientation: Day of Week;CDISC ADAS-Cog - Orientation: Day of Week,Ordinal,Alzheimer's Disease Assessment Scale-Cognitive CDISC Version (ADAS-Cog CDISC Version) Orientation task for knowing the current day of the week.,3,Clinical or Research Assessment Question (C91102); CDISC QRS Instruments Questions (C211913); ADAS-Cog CDISC Version Functional Test Question (C100106); CDISC ADAS-Cog - Orientation: Day of Week (C100243),8
CDISC ADAS-Cog - Orientation: Full Name,C100239,CDISC ADAS-Cog - Orientation: Full Name (C100239),C100106,QRS;Functional Assessment;Alzheimer's Disease Assessment Scale-Cognitive CDISC Version Functional Test;ADAS-Cog;ADC;ADAS-Cog CDISC Version Functional Test Question,ADCOR01;Orientation: Full Name;CDISC ADAS-Cog - Orientation: Full Name,Ordinal,Alzheimer's Disease Assessment Scale-Cognitive CDISC Version (ADAS-Cog CDISC Version) Orientation task for knowing one's own full name.,3,Clinical or Research Assessment Question (C91102); CDISC QRS Instruments Questions (C211913); ADAS-Cog CDISC Version Functional Test Question (C100106); CDISC ADAS-Cog - Orientation: Full Name (C100239),8
CDISC ADAS-Cog - Orientation: Month,C100240,CDISC ADAS-Cog - Orientation: Month (C100240),C100106,QRS;Functional Assessment;Alzheimer's Disease Assessment Scale-Cognitive CDISC Version Functional Test;ADAS-Cog;ADC;ADAS-Cog CDISC Version Functional Test Question,ADCOR02;Orientation: Month;CDISC ADAS-Cog - Orientation: Month,Ordinal,Alzheimer's Disease Assessment Scale-Cognitive CDISC Version (ADAS-Cog CDISC Version) Orientation task for knowing the current month.,3,Clinical or Research Assessment Question (C91102); CDISC QRS Instruments Questions (C211913); ADAS-Cog CDISC Version Functional Test Question (C100106); CDISC ADAS-Cog - Orientation: Month (C100240),8
CDISC ADAS-Cog - Orientation: Place,C100245,CDISC ADAS-Cog - Orientation: Place (C100245),C100106,QRS;Functional Assessment;Alzheimer's Disease Assessment Scale-Cognitive CDISC Version Functional Test;ADAS-Cog;ADC;ADAS-Cog CDISC Version Functional Test Question,ADCOR07;Orientation: Place;CDISC ADAS-Cog - Orientation: Place,Ordinal,Alzheimer's Disease Assessment Scale-Cognitive CDISC Version (ADAS-Cog CDISC Version) Orientation task for knowing the current place.,3,Clinical or Research Assessment Question (C91102); CDISC QRS Instruments Questions (C211913); ADAS-Cog CDISC Version Functional Test Question (C100106); CDISC ADAS-Cog - Orientation: Place (C100245),8
CDISC ADAS-Cog - Orientation: Season,C100244,CDISC ADAS-Cog - Orientation: Season (C100244),C100106,QRS;Functional Assessment;Alzheimer's Disease Assessment Scale-Cognitive CDISC Version Functional Test;ADAS-Cog;ADC;ADAS-Cog CDISC Version Functional Test Question,ADCOR06;Orientation: Season;CDISC ADAS-Cog - Orientation: Season,Ordinal,Alzheimer's Disease Assessment Scale-Cognitive CDISC Version (ADAS-Cog CDISC Version) Orientation task for knowing the current season.,3,Clinical or Research Assessment Question (C91102); CDISC QRS Instruments Questions (C211913); ADAS-Cog CDISC Version Functional Test Question (C100106); CDISC ADAS-Cog - Orientation: Season (C100244),8
CDISC ADAS-Cog - Orientation: Time,C100246,CDISC ADAS-Cog - Orientation: Time (C100246),C100106,QRS;Functional Assessment;Alzheimer's Disease Assessment Scale-Cognitive CDISC Version Functional Test;ADAS-Cog;ADC;ADAS-Cog CDISC Version Functional Test Question,ADCOR08;Orientation: Time;CDISC ADAS-Cog - Orientation: Time,Ordinal,Alzheimer's Disease Assessment Scale-Cognitive CDISC Version (ADAS-Cog CDISC Version) Orientation task for knowing the approximate current clock time.,3,Clinical or Research Assessment Question (C91102); CDISC QRS Instruments Questions (C211913); ADAS-Cog CDISC Version Functional Test Question (C100106); CDISC ADAS-Cog - Orientation: Time (C100246),8
CDISC ADAS-Cog - Orientation: Year,C100242,CDISC ADAS-Cog - Orientation: Year (C100242),C100106,QRS;Functional Assessment;Alzheimer's Disease Assessment Scale-Cognitive CDISC Version Functional Test;ADAS-Cog;ADC;ADAS-Cog CDISC Version Functional Test Question,ADCOR04;Orientation: Year;CDISC ADAS-Cog - Orientation: Year,Ordinal,Alzheimer's Disease Assessment Scale-Cognitive CDISC Version (ADAS-Cog CDISC Version) Orientation task for knowing the current year.,3,Clinical or Research Assessment Question (C91102); CDISC QRS Instruments Questions (C211913); ADAS-Cog CDISC Version Functional Test Question (C100106); CDISC ADAS-Cog - Orientation: Year (C100242),8
CDISC ADAS-Cog - Remembering Test Instructions,C100275,CDISC ADAS-Cog - Remembering Test Instructions (C100275),C100106,QRS;Functional Assessment;Alzheimer's Disease Assessment Scale-Cognitive CDISC Version Functional Test;ADAS-Cog;ADC;ADAS-Cog CDISC Version Functional Test Question,ADCRI;Remembering Test Instructions;CDISC ADAS-Cog - Remembering Test Instructions,Ordinal,Alzheimer's Disease Assessment Scale-Cognitive CDISC Version (ADAS-Cog CDISC Version) Remembering test instructions.,3,Clinical or Research Assessment Question (C91102); CDISC QRS Instruments Questions (C211913); ADAS-Cog CDISC Version Functional Test Question (C100106); CDISC ADAS-Cog - Remembering Test Instructions (C100275),8
CDISC ADAS-Cog - Spoken Language Ability,C100276,CDISC ADAS-Cog - Spoken Language Ability (C100276),C100106,QRS;Functional Assessment;Alzheimer's Disease Assessment Scale-Cognitive CDISC Version Functional Test;ADAS-Cog;ADC;ADAS-Cog CDISC Version Functional Test Question,ADCSL;Spoken Language Ability;CDISC ADAS-Cog - Spoken Language Ability,Ordinal,"Alzheimer's Disease Assessment Scale-Cognitive CDISC Version (ADAS-Cog CDISC Version) Global rating of the quality of speech, or difficulty in making oneself understood.",3,Clinical or Research Assessment Question (C91102); CDISC QRS Instruments Questions (C211913); ADAS-Cog CDISC Version Functional Test Question (C100106); CDISC ADAS-Cog - Spoken Language Ability (C100276),8
CDISC ADAS-Cog - Total Score,C208544,CDISC ADAS-Cog - Total Score (C208544),C100106,QRS;Functional Assessment;Alzheimer's Disease Assessment Scale-Cognitive CDISC Version Functional Test;ADAS-Cog;ADC;ADAS-Cog CDISC Version Functional Test Question,ADCTS;CDISC ADAS-Cog - Total Score;Total Score,Ordinal,Alzheimer's Disease Assessment Scale-Cognitive CDISC Version (ADAS-Cog CDISC Version) Total score.,3,Clinical or Research Assessment Question (C91102); CDISC QRS Instruments Questions (C211913); ADAS-Cog CDISC Version Functional Test Question (C100106); CDISC ADAS-Cog - Total Score (C208544),8
CDISC ADAS-Cog - Word Difficulty in Spontaneous Speech,C100277,CDISC ADAS-Cog - Word Difficulty in Spontaneous Speech (C100277),C100106,QRS;Functional Assessment;Alzheimer's Disease Assessment Scale-Cognitive CDISC Version Functional Test;ADAS-Cog;ADC;ADAS-Cog CDISC Version Functional Test Question,ADCDIF;Word Finding Difficulty in Spont Speech;CDISC ADAS-Cog - Word Difficulty in Spontaneous Speech,Ordinal,Alzheimer's Disease Assessment Scale-Cognitive CDISC Version (ADAS-Cog CDISC Version) Difficulty finding the desired word in spontaneous speech.,3,Clinical or Research Assessment Question (C91102); CDISC QRS Instruments Questions (C211913); ADAS-Cog CDISC Version Functional Test Question (C100106); CDISC ADAS-Cog - Word Difficulty in Spontaneous Speech (C100277),8
CDISC ADAS-Cog - Word Recall Average Score,C100177,CDISC ADAS-Cog - Word Recall Average Score (C100177),C100106,QRS;Functional Assessment;Alzheimer's Disease Assessment Scale-Cognitive CDISC Version Functional Test;ADAS-Cog;ADC;ADAS-Cog CDISC Version Functional Test Question,ADCRL;Word Recall;CDISC ADAS-Cog - Word Recall Average Score,Ordinal,"Alzheimer's Disease Assessment Scale-Cognitive CDISC Version (ADAS-Cog CDISC Version) Word recall task word average score of trials 1, 2, 3.",3,Clinical or Research Assessment Question (C91102); CDISC QRS Instruments Questions (C211913); ADAS-Cog CDISC Version Functional Test Question (C100106); CDISC ADAS-Cog - Word Recall Average Score (C100177),8
CDISC ADAS-Cog - Word Recall Trial 1 Subscore,C100178,CDISC ADAS-Cog - Word Recall Trial 1 Subscore (C100178),C100106,QRS;Functional Assessment;Alzheimer's Disease Assessment Scale-Cognitive CDISC Version Functional Test;ADAS-Cog;ADC;ADAS-Cog CDISC Version Functional Test Question,ADCRLT01;Word Recall Trial 1;CDISC ADAS-Cog - Word Recall Trial 1 Subscore,Ordinal,Alzheimer's Disease Assessment Scale-Cognitive CDISC Version (ADAS-Cog CDISC Version) Sub-score for word recall task trial 1.,3,Clinical or Research Assessment Question (C91102); CDISC QRS Instruments Questions (C211913); ADAS-Cog CDISC Version Functional Test Question (C100106); CDISC ADAS-Cog - Word Recall Trial 1 Subscore (C100178),8
CDISC ADAS-Cog - Word Recall Trial 2 Subscore,C100179,CDISC ADAS-Cog - Word Recall Trial 2 Subscore (C100179),C100106,QRS;Functional Assessment;Alzheimer's Disease Assessment Scale-Cognitive CDISC Version Functional Test;ADAS-Cog;ADC;ADAS-Cog CDISC Version Functional Test Question,ADCRLT02;Word Recall Trial 2;CDISC ADAS-Cog - Word Recall Trial 2 Subscore,Ordinal,Alzheimer's Disease Assessment Scale-Cognitive CDISC Version (ADAS-Cog CDISC Version) Sub-score for word recall task trial 2.,3,Clinical or Research Assessment Question (C91102); CDISC QRS Instruments Questions (C211913); ADAS-Cog CDISC Version Functional Test Question (C100106); CDISC ADAS-Cog - Word Recall Trial 2 Subscore (C100179),8
CDISC ADAS-Cog - Word Recall Trial 3 Subscore,C100180,CDISC ADAS-Cog - Word Recall Trial 3 Subscore (C100180),C100106,QRS;Functional Assessment;Alzheimer's Disease Assessment Scale-Cognitive CDISC Version Functional Test;ADAS-Cog;ADC;ADAS-Cog CDISC Version Functional Test Question,ADCRLT03;Word Recall Trial 3;CDISC ADAS-Cog - Word Recall Trial 3 Subscore,Ordinal,Alzheimer's Disease Assessment Scale-Cognitive CDISC Version (ADAS-Cog CDISC Version) Sub-score for word recall task trial 3.,3,Clinical or Research Assessment Question (C91102); CDISC QRS Instruments Questions (C211913); ADAS-Cog CDISC Version Functional Test Question (C100106); CDISC ADAS-Cog - Word Recall Trial 3 Subscore (C100180),8
CDISC ADAS-Cog - Word Recall: Word 1,C100181,CDISC ADAS-Cog - Word Recall: Word 1 (C100181),C100106,QRS;Functional Assessment;Alzheimer's Disease Assessment Scale-Cognitive CDISC Version Functional Test;ADAS-Cog;ADC;ADAS-Cog CDISC Version Functional Test Question,ADCRLW01;Word Recall: Word [1];CDISC ADAS-Cog - Word Recall: Word 1,Ordinal,"Alzheimer's Disease Assessment Scale-Cognitive CDISC Version (ADAS-Cog CDISC Version) Word recall task word 1 for trial 1, 2, 3.",3,Clinical or Research Assessment Question (C91102); CDISC QRS Instruments Questions (C211913); ADAS-Cog CDISC Version Functional Test Question (C100106); CDISC ADAS-Cog - Word Recall: Word 1 (C100181),8
CDISC ADAS-Cog - Word Recall: Word 10,C100190,CDISC ADAS-Cog - Word Recall: Word 10 (C100190),C100106,QRS;Functional Assessment;Alzheimer's Disease Assessment Scale-Cognitive CDISC Version Functional Test;ADAS-Cog;ADC;ADAS-Cog CDISC Version Functional Test Question,ADCRLW10;Word Recall: Word [10];CDISC ADAS-Cog - Word Recall: Word 10,Ordinal,"Alzheimer's Disease Assessment Scale-Cognitive CDISC Version (ADAS-Cog CDISC Version) Word recall task word 10 for trial 1, 2, 3.",3,Clinical or Research Assessment Question (C91102); CDISC QRS Instruments Questions (C211913); ADAS-Cog CDISC Version Functional Test Question (C100106); CDISC ADAS-Cog - Word Recall: Word 10 (C100190),8
CDISC ADAS-Cog - Word Recall: Word 2,C100182,CDISC ADAS-Cog - Word Recall: Word 2 (C100182),C100106,QRS;Functional Assessment;Alzheimer's Disease Assessment Scale-Cognitive CDISC Version Functional Test;ADAS-Cog;ADC;ADAS-Cog CDISC Version Functional Test Question,ADCRLW02;Word Recall: Word [2];CDISC ADAS-Cog - Word Recall: Word 2,Ordinal,"Alzheimer's Disease Assessment Scale-Cognitive CDISC Version (ADAS-Cog CDISC Version) Word recall task word 2 for trial 1, 2, 3.",3,Clinical or Research Assessment Question (C91102); CDISC QRS Instruments Questions (C211913); ADAS-Cog CDISC Version Functional Test Question (C100106); CDISC ADAS-Cog - Word Recall: Word 2 (C100182),8
CDISC ADAS-Cog - Word Recall: Word 3,C100183,CDISC ADAS-Cog - Word Recall: Word 3 (C100183),C100106,QRS;Functional Assessment;Alzheimer's Disease Assessment Scale-Cognitive CDISC Version Functional Test;ADAS-Cog;ADC;ADAS-Cog CDISC Version Functional Test Question,ADCRLW03;Word Recall: Word [3];CDISC ADAS-Cog - Word Recall: Word 3,Ordinal,"Alzheimer's Disease Assessment Scale-Cognitive CDISC Version (ADAS-Cog CDISC Version) Word recall task word 3 for trial 1, 2, 3.",3,Clinical or Research Assessment Question (C91102); CDISC QRS Instruments Questions (C211913); ADAS-Cog CDISC Version Functional Test Question (C100106); CDISC ADAS-Cog - Word Recall: Word 3 (C100183),8
CDISC ADAS-Cog - Word Recall: Word 4,C100184,CDISC ADAS-Cog - Word Recall: Word 4 (C100184),C100106,QRS;Functional Assessment;Alzheimer's Disease Assessment Scale-Cognitive CDISC Version Functional Test;ADAS-Cog;ADC;ADAS-Cog CDISC Version Functional Test Question,ADCRLW04;Word Recall: Word [4];CDISC ADAS-Cog - Word Recall: Word 4,Ordinal,"Alzheimer's Disease Assessment Scale-Cognitive CDISC Version (ADAS-Cog CDISC Version) Word recall task word 4 for trial 1, 2, 3.",3,Clinical or Research Assessment Question (C91102); CDISC QRS Instruments Questions (C211913); ADAS-Cog CDISC Version Functional Test Question (C100106); CDISC ADAS-Cog - Word Recall: Word 4 (C100184),8
CDISC ADAS-Cog - Word Recall: Word 5,C100185,CDISC ADAS-Cog - Word Recall: Word 5 (C100185),C100106,QRS;Functional Assessment;Alzheimer's Disease Assessment Scale-Cognitive CDISC Version Functional Test;ADAS-Cog;ADC;ADAS-Cog CDISC Version Functional Test Question,ADCRLW05;Word Recall: Word [5];CDISC ADAS-Cog - Word Recall: Word 5,Ordinal,"Alzheimer's Disease Assessment Scale-Cognitive CDISC Version (ADAS-Cog CDISC Version) Word recall task word 5 for trial 1, 2, 3.",3,Clinical or Research Assessment Question (C91102); CDISC QRS Instruments Questions (C211913); ADAS-Cog CDISC Version Functional Test Question (C100106); CDISC ADAS-Cog - Word Recall: Word 5 (C100185),8
CDISC ADAS-Cog - Word Recall: Word 6,C100186,CDISC ADAS-Cog - Word Recall: Word 6 (C100186),C100106,QRS;Functional Assessment;Alzheimer's Disease Assessment Scale-Cognitive CDISC Version Functional Test;ADAS-Cog;ADC;ADAS-Cog CDISC Version Functional Test Question,ADCRLW06;Word Recall: Word [6];CDISC ADAS-Cog - Word Recall: Word 6,Ordinal,"Alzheimer's Disease Assessment Scale-Cognitive CDISC Version (ADAS-Cog CDISC Version) Word recall task word 6 for trial 1, 2, 3.",3,Clinical or Research Assessment Question (C91102); CDISC QRS Instruments Questions (C211913); ADAS-Cog CDISC Version Functional Test Question (C100106); CDISC ADAS-Cog - Word Recall: Word 6 (C100186),8
CDISC ADAS-Cog - Word Recall: Word 7,C100187,CDISC ADAS-Cog - Word Recall: Word 7 (C100187),C100106,QRS;Functional Assessment;Alzheimer's Disease Assessment Scale-Cognitive CDISC Version Functional Test;ADAS-Cog;ADC;ADAS-Cog CDISC Version Functional Test Question,ADCRLW07;Word Recall: Word [7];CDISC ADAS-Cog - Word Recall: Word 7,Ordinal,"Alzheimer's Disease Assessment Scale-Cognitive CDISC Version (ADAS-Cog CDISC Version) Word recall task word 7 for trial 1, 2, 3.",3,Clinical or Research Assessment Question (C91102); CDISC QRS Instruments Questions (C211913); ADAS-Cog CDISC Version Functional Test Question (C100106); CDISC ADAS-Cog - Word Recall: Word 7 (C100187),8
CDISC ADAS-Cog - Word Recall: Word 8,C100188,CDISC ADAS-Cog - Word Recall: Word 8 (C100188),C100106,QRS;Functional Assessment;Alzheimer's Disease Assessment Scale-Cognitive CDISC Version Functional Test;ADAS-Cog;ADC;ADAS-Cog CDISC Version Functional Test Question,ADCRLW08;Word Recall: Word [8];CDISC ADAS-Cog - Word Recall: Word 8,Ordinal,"Alzheimer's Disease Assessment Scale-Cognitive CDISC Version (ADAS-Cog CDISC Version) Word recall task word 8 for trial 1, 2, 3.",3,Clinical or Research Assessment Question (C91102); CDISC QRS Instruments Questions (C211913); ADAS-Cog CDISC Version Functional Test Question (C100106); CDISC ADAS-Cog - Word Recall: Word 8 (C100188),8
CDISC ADAS-Cog - Word Recall: Word 9,C100189,CDISC ADAS-Cog - Word Recall: Word 9 (C100189),C100106,QRS;Functional Assessment;Alzheimer's Disease Assessment Scale-Cognitive CDISC Version Functional Test;ADAS-Cog;ADC;ADAS-Cog CDISC Version Functional Test Question,ADCRLW09;Word Recall: Word [9];CDISC ADAS-Cog - Word Recall: Word 9,Ordinal,"Alzheimer's Disease Assessment Scale-Cognitive CDISC Version (ADAS-Cog CDISC Version) Word recall task word 9 for trial 1, 2, 3.",3,Clinical or Research Assessment Question (C91102); CDISC QRS Instruments Questions (C211913); ADAS-Cog CDISC Version Functional Test Question (C100106); CDISC ADAS-Cog - Word Recall: Word 9 (C100189),8
CDISC ADAS-Cog - Word Recognition Summary Score,C100247,CDISC ADAS-Cog - Word Recognition Summary Score (C100247),C100106,QRS;Functional Assessment;Alzheimer's Disease Assessment Scale-Cognitive CDISC Version Functional Test;ADAS-Cog;ADC;ADAS-Cog CDISC Version Functional Test Question,ADCRG;Word Recognition;CDISC ADAS-Cog - Word Recognition Summary Score,Ordinal,Alzheimer's Disease Assessment Scale-Cognitive CDISC Version (ADAS-Cog CDISC Version) Summary score for word recognition across trials 1-3.,3,Clinical or Research Assessment Question (C91102); CDISC QRS Instruments Questions (C211913); ADAS-Cog CDISC Version Functional Test Question (C100106); CDISC ADAS-Cog - Word Recognition Summary Score (C100247),8
CDISC ADAS-Cog - Word Recognition Trial 1 Summary Score,C100248,CDISC ADAS-Cog - Word Recognition Trial 1 Summary Score (C100248),C100106,QRS;Functional Assessment;Alzheimer's Disease Assessment Scale-Cognitive CDISC Version Functional Test;ADAS-Cog;ADC;ADAS-Cog CDISC Version Functional Test Question,ADCRGT01;Word Recognition Trial 1;CDISC ADAS-Cog - Word Recognition Trial 1 Summary Score,Ordinal,Alzheimer's Disease Assessment Scale-Cognitive CDISC Version (ADAS-Cog CDISC Version) Sub-score for word recognition trial 1.,3,Clinical or Research Assessment Question (C91102); CDISC QRS Instruments Questions (C211913); ADAS-Cog CDISC Version Functional Test Question (C100106); CDISC ADAS-Cog - Word Recognition Trial 1 Summary Score (C100248),8
CDISC ADAS-Cog - Word Recognition Trial 2 Summary Score,C100249,CDISC ADAS-Cog - Word Recognition Trial 2 Summary Score (C100249),C100106,QRS;Functional Assessment;Alzheimer's Disease Assessment Scale-Cognitive CDISC Version Functional Test;ADAS-Cog;ADC;ADAS-Cog CDISC Version Functional Test Question,ADCRGT02;Word Recognition Trial 2;CDISC ADAS-Cog - Word Recognition Trial 2 Summary Score,Ordinal,Alzheimer's Disease Assessment Scale-Cognitive CDISC Version (ADAS-Cog CDISC Version) Sub-score for word recognition trial 2.,3,Clinical or Research Assessment Question (C91102); CDISC QRS Instruments Questions (C211913); ADAS-Cog CDISC Version Functional Test Question (C100106); CDISC ADAS-Cog - Word Recognition Trial 2 Summary Score (C100249),8
CDISC ADAS-Cog - Word Recognition Trial 3 Summary Score,C100250,CDISC ADAS-Cog - Word Recognition Trial 3 Summary Score (C100250),C100106,QRS;Functional Assessment;Alzheimer's Disease Assessment Scale-Cognitive CDISC Version Functional Test;ADAS-Cog;ADC;ADAS-Cog CDISC Version Functional Test Question,ADCRGT03;Word Recognition Trial 3;CDISC ADAS-Cog - Word Recognition Trial 3 Summary Score,Ordinal,Alzheimer's Disease Assessment Scale-Cognitive CDISC Version (ADAS-Cog CDISC Version) Sub-score for word recognition trial 3.,3,Clinical or Research Assessment Question (C91102); CDISC QRS Instruments Questions (C211913); ADAS-Cog CDISC Version Functional Test Question (C100106); CDISC ADAS-Cog - Word Recognition Trial 3 Summary Score (C100250),8
CDISC ADAS-Cog - Word Recognition: Word 1,C100251,CDISC ADAS-Cog - Word Recognition: Word 1 (C100251),C100106,QRS;Functional Assessment;Alzheimer's Disease Assessment Scale-Cognitive CDISC Version Functional Test;ADAS-Cog;ADC;ADAS-Cog CDISC Version Functional Test Question,ADCRGW01;Word Recognition: Word [1];CDISC ADAS-Cog - Word Recognition: Word 1,Ordinal,"Alzheimer's Disease Assessment Scale-Cognitive CDISC Version (ADAS-Cog CDISC Version) Word recognition task for word 1 Trials 1, 2, 3.",3,Clinical or Research Assessment Question (C91102); CDISC QRS Instruments Questions (C211913); ADAS-Cog CDISC Version Functional Test Question (C100106); CDISC ADAS-Cog - Word Recognition: Word 1 (C100251),8
CDISC ADAS-Cog - Word Recognition: Word 10,C100260,CDISC ADAS-Cog - Word Recognition: Word 10 (C100260),C100106,QRS;Functional Assessment;Alzheimer's Disease Assessment Scale-Cognitive CDISC Version Functional Test;ADAS-Cog;ADC;ADAS-Cog CDISC Version Functional Test Question,ADCRGW10;Word Recognition: Word [10];CDISC ADAS-Cog - Word Recognition: Word 10,Ordinal,"Alzheimer's Disease Assessment Scale-Cognitive CDISC Version (ADAS-Cog CDISC Version) Word recognition task for word 10 Trials 1, 2, 3.",3,Clinical or Research Assessment Question (C91102); CDISC QRS Instruments Questions (C211913); ADAS-Cog CDISC Version Functional Test Question (C100106); CDISC ADAS-Cog - Word Recognition: Word 10 (C100260),8
CDISC ADAS-Cog - Word Recognition: Word 11,C100261,CDISC ADAS-Cog - Word Recognition: Word 11 (C100261),C100106,QRS;Functional Assessment;Alzheimer's Disease Assessment Scale-Cognitive CDISC Version Functional Test;ADAS-Cog;ADC;ADAS-Cog CDISC Version Functional Test Question,ADCRGW11;Word Recognition: Word [11];CDISC ADAS-Cog - Word Recognition: Word 11,Ordinal,"Alzheimer's Disease Assessment Scale-Cognitive CDISC Version (ADAS-Cog CDISC Version) Word recognition task for word 11 Trials 1, 2, 3.",3,Clinical or Research Assessment Question (C91102); CDISC QRS Instruments Questions (C211913); ADAS-Cog CDISC Version Functional Test Question (C100106); CDISC ADAS-Cog - Word Recognition: Word 11 (C100261),8
CDISC ADAS-Cog - Word Recognition: Word 12,C100262,CDISC ADAS-Cog - Word Recognition: Word 12 (C100262),C100106,QRS;Functional Assessment;Alzheimer's Disease Assessment Scale-Cognitive CDISC Version Functional Test;ADAS-Cog;ADC;ADAS-Cog CDISC Version Functional Test Question,ADCRGW12;Word Recognition: Word [12];CDISC ADAS-Cog - Word Recognition: Word 12,Ordinal,"Alzheimer's Disease Assessment Scale-Cognitive CDISC Version (ADAS-Cog CDISC Version) Word recognition task for word 12 Trials 1, 2, 3.",3,Clinical or Research Assessment Question (C91102); CDISC QRS Instruments Questions (C211913); ADAS-Cog CDISC Version Functional Test Question (C100106); CDISC ADAS-Cog - Word Recognition: Word 12 (C100262),8
CDISC ADAS-Cog - Word Recognition: Word 13,C100263,CDISC ADAS-Cog - Word Recognition: Word 13 (C100263),C100106,QRS;Functional Assessment;Alzheimer's Disease Assessment Scale-Cognitive CDISC Version Functional Test;ADAS-Cog;ADC;ADAS-Cog CDISC Version Functional Test Question,ADCRGW13;Word Recognition: Word [13];CDISC ADAS-Cog - Word Recognition: Word 13,Ordinal,"Alzheimer's Disease Assessment Scale-Cognitive CDISC Version (ADAS-Cog CDISC Version) Word recognition task for word 13 Trials 1, 2, 3.",3,Clinical or Research Assessment Question (C91102); CDISC QRS Instruments Questions (C211913); ADAS-Cog CDISC Version Functional Test Question (C100106); CDISC ADAS-Cog - Word Recognition: Word 13 (C100263),8
CDISC ADAS-Cog - Word Recognition: Word 14,C100264,CDISC ADAS-Cog - Word Recognition: Word 14 (C100264),C100106,QRS;Functional Assessment;Alzheimer's Disease Assessment Scale-Cognitive CDISC Version Functional Test;ADAS-Cog;ADC;ADAS-Cog CDISC Version Functional Test Question,ADCRGW14;Word Recognition: Word [14];CDISC ADAS-Cog - Word Recognition: Word 14,Ordinal,"Alzheimer's Disease Assessment Scale-Cognitive CDISC Version (ADAS-Cog CDISC Version) Word recognition task for word 14 Trials 1, 2, 3.",3,Clinical or Research Assessment Question (C91102); CDISC QRS Instruments Questions (C211913); ADAS-Cog CDISC Version Functional Test Question (C100106); CDISC ADAS-Cog - Word Recognition: Word 14 (C100264),8
CDISC ADAS-Cog - Word Recognition: Word 15,C100265,CDISC ADAS-Cog - Word Recognition: Word 15 (C100265),C100106,QRS;Functional Assessment;Alzheimer's Disease Assessment Scale-Cognitive CDISC Version Functional Test;ADAS-Cog;ADC;ADAS-Cog CDISC Version Functional Test Question,ADCRGW15;Word Recognition: Word [15];CDISC ADAS-Cog - Word Recognition: Word 15,Ordinal,"Alzheimer's Disease Assessment Scale-Cognitive CDISC Version (ADAS-Cog CDISC Version) Word recognition task for word 15 Trials 1, 2, 3.",3,Clinical or Research Assessment Question (C91102); CDISC QRS Instruments Questions (C211913); ADAS-Cog CDISC Version Functional Test Question (C100106); CDISC ADAS-Cog - Word Recognition: Word 15 (C100265),8
CDISC ADAS-Cog - Word Recognition: Word 16,C100266,CDISC ADAS-Cog - Word Recognition: Word 16 (C100266),C100106,QRS;Functional Assessment;Alzheimer's Disease Assessment Scale-Cognitive CDISC Version Functional Test;ADAS-Cog;ADC;ADAS-Cog CDISC Version Functional Test Question,ADCRGW16;Word Recognition: Word [16];CDISC ADAS-Cog - Word Recognition: Word 16,Ordinal,"Alzheimer's Disease Assessment Scale-Cognitive CDISC Version (ADAS-Cog CDISC Version) Word recognition task for word 16 Trials 1, 2, 3.",3,Clinical or Research Assessment Question (C91102); CDISC QRS Instruments Questions (C211913); ADAS-Cog CDISC Version Functional Test Question (C100106); CDISC ADAS-Cog - Word Recognition: Word 16 (C100266),8
CDISC ADAS-Cog - Word Recognition: Word 17,C100267,CDISC ADAS-Cog - Word Recognition: Word 17 (C100267),C100106,QRS;Functional Assessment;Alzheimer's Disease Assessment Scale-Cognitive CDISC Version Functional Test;ADAS-Cog;ADC;ADAS-Cog CDISC Version Functional Test Question,ADCRGW17;Word Recognition: Word [17];CDISC ADAS-Cog - Word Recognition: Word 17,Ordinal,"Alzheimer's Disease Assessment Scale-Cognitive CDISC Version (ADAS-Cog CDISC Version) Word recognition task for word 17 Trials 1, 2, 3.",3,Clinical or Research Assessment Question (C91102); CDISC QRS Instruments Questions (C211913); ADAS-Cog CDISC Version Functional Test Question (C100106); CDISC ADAS-Cog - Word Recognition: Word 17 (C100267),8
CDISC ADAS-Cog - Word Recognition: Word 18,C100268,CDISC ADAS-Cog - Word Recognition: Word 18 (C100268),C100106,QRS;Functional Assessment;Alzheimer's Disease Assessment Scale-Cognitive CDISC Version Functional Test;ADAS-Cog;ADC;ADAS-Cog CDISC Version Functional Test Question,ADCRGW18;Word Recognition: Word [18];CDISC ADAS-Cog - Word Recognition: Word 18,Ordinal,"Alzheimer's Disease Assessment Scale-Cognitive CDISC Version (ADAS-Cog CDISC Version) Word recognition task for word 18 Trials 1, 2, 3.",3,Clinical or Research Assessment Question (C91102); CDISC QRS Instruments Questions (C211913); ADAS-Cog CDISC Version Functional Test Question (C100106); CDISC ADAS-Cog - Word Recognition: Word 18 (C100268),8
CDISC ADAS-Cog - Word Recognition: Word 19,C100269,CDISC ADAS-Cog - Word Recognition: Word 19 (C100269),C100106,QRS;Functional Assessment;Alzheimer's Disease Assessment Scale-Cognitive CDISC Version Functional Test;ADAS-Cog;ADC;ADAS-Cog CDISC Version Functional Test Question,ADCRGW19;Word Recognition: Word [19];CDISC ADAS-Cog - Word Recognition: Word 19,Ordinal,"Alzheimer's Disease Assessment Scale-Cognitive CDISC Version (ADAS-Cog CDISC Version) Word recognition task for word 19 Trials 1, 2, 3.",3,Clinical or Research Assessment Question (C91102); CDISC QRS Instruments Questions (C211913); ADAS-Cog CDISC Version Functional Test Question (C100106); CDISC ADAS-Cog - Word Recognition: Word 19 (C100269),8
CDISC ADAS-Cog - Word Recognition: Word 2,C100252,CDISC ADAS-Cog - Word Recognition: Word 2 (C100252),C100106,QRS;Functional Assessment;Alzheimer's Disease Assessment Scale-Cognitive CDISC Version Functional Test;ADAS-Cog;ADC;ADAS-Cog CDISC Version Functional Test Question,ADCRGW02;Word Recognition: Word [2];CDISC ADAS-Cog - Word Recognition: Word 2,Ordinal,"Alzheimer's Disease Assessment Scale-Cognitive CDISC Version (ADAS-Cog CDISC Version) Word recognition task for word 2 Trials 1, 2, 3.",3,Clinical or Research Assessment Question (C91102); CDISC QRS Instruments Questions (C211913); ADAS-Cog CDISC Version Functional Test Question (C100106); CDISC ADAS-Cog - Word Recognition: Word 2 (C100252),8
CDISC ADAS-Cog - Word Recognition: Word 20,C100270,CDISC ADAS-Cog - Word Recognition: Word 20 (C100270),C100106,QRS;Functional Assessment;Alzheimer's Disease Assessment Scale-Cognitive CDISC Version Functional Test;ADAS-Cog;ADC;ADAS-Cog CDISC Version Functional Test Question,ADCRGW20;Word Recognition: Word [20];CDISC ADAS-Cog - Word Recognition: Word 20,Ordinal,"Alzheimer's Disease Assessment Scale-Cognitive CDISC Version (ADAS-Cog CDISC Version) Word recognition task for word 20 Trials 1, 2, 3.",3,Clinical or Research Assessment Question (C91102); CDISC QRS Instruments Questions (C211913); ADAS-Cog CDISC Version Functional Test Question (C100106); CDISC ADAS-Cog - Word Recognition: Word 20 (C100270),8
CDISC ADAS-Cog - Word Recognition: Word 21,C100271,CDISC ADAS-Cog - Word Recognition: Word 21 (C100271),C100106,QRS;Functional Assessment;Alzheimer's Disease Assessment Scale-Cognitive CDISC Version Functional Test;ADAS-Cog;ADC;ADAS-Cog CDISC Version Functional Test Question,ADCRGW21;Word Recognition: Word [21];CDISC ADAS-Cog - Word Recognition: Word 21,Ordinal,"Alzheimer's Disease Assessment Scale-Cognitive CDISC Version (ADAS-Cog CDISC Version) Word recognition task for word 21 Trials 1, 2, 3.",3,Clinical or Research Assessment Question (C91102); CDISC QRS Instruments Questions (C211913); ADAS-Cog CDISC Version Functional Test Question (C100106); CDISC ADAS-Cog - Word Recognition: Word 21 (C100271),8
CDISC ADAS-Cog - Word Recognition: Word 22,C100272,CDISC ADAS-Cog - Word Recognition: Word 22 (C100272),C100106,QRS;Functional Assessment;Alzheimer's Disease Assessment Scale-Cognitive CDISC Version Functional Test;ADAS-Cog;ADC;ADAS-Cog CDISC Version Functional Test Question,ADCRGW22;Word Recognition: Word [22];CDISC ADAS-Cog - Word Recognition: Word 22,Ordinal,"Alzheimer's Disease Assessment Scale-Cognitive CDISC Version (ADAS-Cog CDISC Version) Word recognition task for word 22 Trials 1, 2, 3.",3,Clinical or Research Assessment Question (C91102); CDISC QRS Instruments Questions (C211913); ADAS-Cog CDISC Version Functional Test Question (C100106); CDISC ADAS-Cog - Word Recognition: Word 22 (C100272),8
CDISC ADAS-Cog - Word Recognition: Word 23,C100273,CDISC ADAS-Cog - Word Recognition: Word 23 (C100273),C100106,QRS;Functional Assessment;Alzheimer's Disease Assessment Scale-Cognitive CDISC Version Functional Test;ADAS-Cog;ADC;ADAS-Cog CDISC Version Functional Test Question,ADCRGW23;Word Recognition: Word [23];CDISC ADAS-Cog - Word Recognition: Word 23,Ordinal,"Alzheimer's Disease Assessment Scale-Cognitive CDISC Version (ADAS-Cog CDISC Version) Word recognition task for word 23 Trials 1, 2, 3.",3,Clinical or Research Assessment Question (C91102); CDISC QRS Instruments Questions (C211913); ADAS-Cog CDISC Version Functional Test Question (C100106); CDISC ADAS-Cog - Word Recognition: Word 23 (C100273),8
CDISC ADAS-Cog - Word Recognition: Word 24,C100274,CDISC ADAS-Cog - Word Recognition: Word 24 (C100274),C100106,QRS;Functional Assessment;Alzheimer's Disease Assessment Scale-Cognitive CDISC Version Functional Test;ADAS-Cog;ADC;ADAS-Cog CDISC Version Functional Test Question,ADCRGW24;Word Recognition: Word [24];CDISC ADAS-Cog - Word Recognition: Word 24,Ordinal,"Alzheimer's Disease Assessment Scale-Cognitive CDISC Version (ADAS-Cog CDISC Version) Word recognition task for word 24 Trials 1, 2, 3.",3,Clinical or Research Assessment Question (C91102); CDISC QRS Instruments Questions (C211913); ADAS-Cog CDISC Version Functional Test Question (C100106); CDISC ADAS-Cog - Word Recognition: Word 24 (C100274),8
CDISC ADAS-Cog - Word Recognition: Word 3,C100253,CDISC ADAS-Cog - Word Recognition: Word 3 (C100253),C100106,QRS;Functional Assessment;Alzheimer's Disease Assessment Scale-Cognitive CDISC Version Functional Test;ADAS-Cog;ADC;ADAS-Cog CDISC Version Functional Test Question,ADCRGW03;Word Recognition: Word [3];CDISC ADAS-Cog - Word Recognition: Word 3,Ordinal,"Alzheimer's Disease Assessment Scale-Cognitive CDISC Version (ADAS-Cog CDISC Version) Word recognition task for word 3 Trials 1, 2, 3.",3,Clinical or Research Assessment Question (C91102); CDISC QRS Instruments Questions (C211913); ADAS-Cog CDISC Version Functional Test Question (C100106); CDISC ADAS-Cog - Word Recognition: Word 3 (C100253),8
CDISC ADAS-Cog - Word Recognition: Word 4,C100254,CDISC ADAS-Cog - Word Recognition: Word 4 (C100254),C100106,QRS;Functional Assessment;Alzheimer's Disease Assessment Scale-Cognitive CDISC Version Functional Test;ADAS-Cog;ADC;ADAS-Cog CDISC Version Functional Test Question,ADCRGW04;Word Recognition: Word [4];CDISC ADAS-Cog - Word Recognition: Word 4,Ordinal,"Alzheimer's Disease Assessment Scale-Cognitive CDISC Version (ADAS-Cog CDISC Version) Word recognition task for word 4 Trials 1, 2, 3.",3,Clinical or Research Assessment Question (C91102); CDISC QRS Instruments Questions (C211913); ADAS-Cog CDISC Version Functional Test Question (C100106); CDISC ADAS-Cog - Word Recognition: Word 4 (C100254),8
CDISC ADAS-Cog - Word Recognition: Word 5,C100255,CDISC ADAS-Cog - Word Recognition: Word 5 (C100255),C100106,QRS;Functional Assessment;Alzheimer's Disease Assessment Scale-Cognitive CDISC Version Functional Test;ADAS-Cog;ADC;ADAS-Cog CDISC Version Functional Test Question,ADCRGW05;Word Recognition: Word [5];CDISC ADAS-Cog - Word Recognition: Word 5,Ordinal,"Alzheimer's Disease Assessment Scale-Cognitive CDISC Version (ADAS-Cog CDISC Version) Word recognition task for word 5 Trials 1, 2, 3.",3,Clinical or Research Assessment Question (C91102); CDISC QRS Instruments Questions (C211913); ADAS-Cog CDISC Version Functional Test Question (C100106); CDISC ADAS-Cog - Word Recognition: Word 5 (C100255),8
CDISC ADAS-Cog - Word Recognition: Word 6,C100256,CDISC ADAS-Cog - Word Recognition: Word 6 (C100256),C100106,QRS;Functional Assessment;Alzheimer's Disease Assessment Scale-Cognitive CDISC Version Functional Test;ADAS-Cog;ADC;ADAS-Cog CDISC Version Functional Test Question,ADCRGW06;Word Recognition: Word [6];CDISC ADAS-Cog - Word Recognition: Word 6,Ordinal,"Alzheimer's Disease Assessment Scale-Cognitive CDISC Version (ADAS-Cog CDISC Version) Word recognition task for word 6 Trials 1, 2, 3.",3,Clinical or Research Assessment Question (C91102); CDISC QRS Instruments Questions (C211913); ADAS-Cog CDISC Version Functional Test Question (C100106); CDISC ADAS-Cog - Word Recognition: Word 6 (C100256),8
CDISC ADAS-Cog - Word Recognition: Word 7,C100257,CDISC ADAS-Cog - Word Recognition: Word 7 (C100257),C100106,QRS;Functional Assessment;Alzheimer's Disease Assessment Scale-Cognitive CDISC Version Functional Test;ADAS-Cog;ADC;ADAS-Cog CDISC Version Functional Test Question,ADCRGW07;Word Recognition: Word [7];CDISC ADAS-Cog - Word Recognition: Word 7,Ordinal,"Alzheimer's Disease Assessment Scale-Cognitive CDISC Version (ADAS-Cog CDISC Version) Word recognition task for word 7 Trials 1, 2, 3.",3,Clinical or Research Assessment Question (C91102); CDISC QRS Instruments Questions (C211913); ADAS-Cog CDISC Version Functional Test Question (C100106); CDISC ADAS-Cog - Word Recognition: Word 7 (C100257),8
CDISC ADAS-Cog - Word Recognition: Word 8,C100258,CDISC ADAS-Cog - Word Recognition: Word 8 (C100258),C100106,QRS;Functional Assessment;Alzheimer's Disease Assessment Scale-Cognitive CDISC Version Functional Test;ADAS-Cog;ADC;ADAS-Cog CDISC Version Functional Test Question,ADCRGW08;Word Recognition: Word [8];CDISC ADAS-Cog - Word Recognition: Word 8,Ordinal,"Alzheimer's Disease Assessment Scale-Cognitive CDISC Version (ADAS-Cog CDISC Version) Word recognition task for word 8 Trials 1, 2, 3.",3,Clinical or Research Assessment Question (C91102); CDISC QRS Instruments Questions (C211913); ADAS-Cog CDISC Version Functional Test Question (C100106); CDISC ADAS-Cog - Word Recognition: Word 8 (C100258),8
CDISC ADAS-Cog - Word Recognition: Word 9,C100259,CDISC ADAS-Cog - Word Recognition: Word 9 (C100259),C100106,QRS;Functional Assessment;Alzheimer's Disease Assessment Scale-Cognitive CDISC Version Functional Test;ADAS-Cog;ADC;ADAS-Cog CDISC Version Functional Test Question,ADCRGW09;Word Recognition: Word [9];CDISC ADAS-Cog - Word Recognition: Word 9,Ordinal,"Alzheimer's Disease Assessment Scale-Cognitive CDISC Version (ADAS-Cog CDISC Version) Word recognition task for word 9 Trials 1, 2, 3.",3,Clinical or Research Assessment Question (C91102); CDISC QRS Instruments Questions (C211913); ADAS-Cog CDISC Version Functional Test Question (C100106); CDISC ADAS-Cog - Word Recognition: Word 9 (C100259),8
CDISC QRS Instruments Questions,C211913,CDISC QRS Instruments Questions (C211913),C91102,CDISC QRS Instruments Questions,CDISC QRS Instruments Questions,,"A header for CDISC Questionnaires, Ratings and Scales.",1,Clinical or Research Assessment Question (C91102); CDISC QRS Instruments Questions (C211913),0
CDISC Therapeutic Area User Guide Name and Version,C156602,CDISC Therapeutic Area User Guide Name and Version (C156602),C156472,Trial Summary,CDISC Therapeutic Area User Guide;CTAUG,Nominal,The name and version of the CDISC therapeutic area user guide that is being used in the study submission.,1,Name and Version (C156472); CDISC Therapeutic Area User Guide Name and Version (C156602),6
CDISC Tobacco Implementation Guide Version,C204700,CDISC Tobacco Implementation Guide Version (C204700),C156604,Trial Summary,TIGVER;Tobacco IG Version;Tobacco Implementation Guide Version,Nominal,The version of the CDISC Tobacco Study Data Tabulation Model implementation guide that is being used in the study submission.,2,Version (C25714); Study Data Tabulation Model Implementation Guide Version (C156604); CDISC Tobacco Implementation Guide Version (C204700),3
CES - Ever Combat Patrols or Dangerous Duty,C132556,CES - Ever Combat Patrols or Dangerous Duty (C132556),C132527,QRS;QRS Instrument Question;Clinical or Research Assessment Questionnaire;Combat Exposure Scale Questionnaire;CES;CES01;CES Questionnaire Question,CES01-Ever Combat Patrols/Dangerous Duty;CES0101;CES - Ever Combat Patrols or Dangerous Duty,Ordinal,Combat Exposure Scale (CES) Did you ever go on combat patrols or have other dangerous duty?,3,Clinical or Research Assessment Question (C91102); CDISC QRS Instruments Questions (C211913); CES Questionnaire Question (C132527); CES - Ever Combat Patrols or Dangerous Duty (C132556),4
CES - Ever Surrounded by the Enemy,C132558,CES - Ever Surrounded by the Enemy (C132558),C132527,QRS;QRS Instrument Question;Clinical or Research Assessment Questionnaire;Combat Exposure Scale Questionnaire;CES;CES01;CES Questionnaire Question,CES01-Ever Surrounded by the Enemy;CES0103;CES - Ever Surrounded by the Enemy,Ordinal,Combat Exposure Scale (CES) Were you ever surrounded by the enemy?,3,Clinical or Research Assessment Question (C91102); CDISC QRS Instruments Questions (C211913); CES Questionnaire Question (C132527); CES - Ever Surrounded by the Enemy (C132558),4
CES - How Often Fire Rounds at Enemy,C132560,CES - How Often Fire Rounds at Enemy (C132560),C132527,QRS;QRS Instrument Question;Clinical or Research Assessment Questionnaire;Combat Exposure Scale Questionnaire;CES;CES01;CES Questionnaire Question,CES01-How Often Fire Rounds at Enemy;CES0105;CES - How Often Fire Rounds at Enemy,Ordinal,Combat Exposure Scale (CES) How often did you fire rounds at the enemy?,3,Clinical or Research Assessment Question (C91102); CDISC QRS Instruments Questions (C211913); CES Questionnaire Question (C132527); CES - How Often Fire Rounds at Enemy (C132560),4
CES - In Danger of Being Injured or Killed,C132562,CES - In Danger of Being Injured or Killed (C132562),C132527,QRS;QRS Instrument Question;Clinical or Research Assessment Questionnaire;Combat Exposure Scale Questionnaire;CES;CES01;CES Questionnaire Question,CES01-In Danger of Being Injured/Killed;CES0107;CES - In Danger of Being Injured or Killed,Ordinal,"Combat Exposure Scale (CES) How often were you in danger of being injured or killed (i.e., being pinned down, overrun, ambushed, near miss, etc.)?",3,Clinical or Research Assessment Question (C91102); CDISC QRS Instruments Questions (C211913); CES Questionnaire Question (C132527); CES - In Danger of Being Injured or Killed (C132562),4
CES - See Someone Hit by Rounds,C132561,CES - See Someone Hit by Rounds (C132561),C132527,QRS;QRS Instrument Question;Clinical or Research Assessment Questionnaire;Combat Exposure Scale Questionnaire;CES;CES01;CES Questionnaire Question,CES01-See Someone Hit by Rounds;CES0106;CES - See Someone Hit by Rounds,Ordinal,Combat Exposure Scale (CES) How often did you see someone hit by incoming or outgoing rounds?,3,Clinical or Research Assessment Question (C91102); CDISC QRS Instruments Questions (C211913); CES Questionnaire Question (C132527); CES - See Someone Hit by Rounds (C132561),4
"CES - Soldiers in Unit Killed (KIA), Wounded, Missing (MIA)",C132559,"CES - Soldiers in Unit Killed (KIA), Wounded, Missing (MIA) (C132559)",C132527,QRS;QRS Instrument Question;Clinical or Research Assessment Questionnaire;Combat Exposure Scale Questionnaire;CES;CES01;CES Questionnaire Question,"CES01-Soldiers in Unit KIA, Wounded, MIA;CES0104;CES - Soldiers in Unit Killed (KIA), Wounded, Missing (MIA)",Ordinal,"Combat Exposure Scale (CES) What percentage of the soldiers in your unit were killed (KIA), wounded or missing in action (MIA)?",3,"Clinical or Research Assessment Question (C91102); CDISC QRS Instruments Questions (C211913); CES Questionnaire Question (C132527); CES - Soldiers in Unit Killed (KIA), Wounded, Missing (MIA) (C132559)",4
CES - Were You Ever Under Enemy Fire,C132557,CES - Were You Ever Under Enemy Fire (C132557),C132527,QRS;QRS Instrument Question;Clinical or Research Assessment Questionnaire;Combat Exposure Scale Questionnaire;CES;CES01;CES Questionnaire Question,CES01-Were You Ever Under Enemy Fire;CES0102;CES - Were You Ever Under Enemy Fire,Ordinal,Combat Exposure Scale (CES) Were you ever under enemy fire?,3,Clinical or Research Assessment Question (C91102); CDISC QRS Instruments Questions (C211913); CES Questionnaire Question (C132527); CES - Were You Ever Under Enemy Fire (C132557),4
CES Questionnaire Question,C132527,CES Questionnaire Question (C132527),C211913,QRS Instrument Questions,,,A question associated with the CES questionnaire.,2,Clinical or Research Assessment Question (C91102); CDISC QRS Instruments Questions (C211913); CES Questionnaire Question (C132527),0
CGI Generic Modification Version - Change,C135815,CGI Generic Modification Version - Change (C135815),C135705,QRS;Clinical or Research Assessment Questionnaire;Clinical Global Impression Generic Modification Version Questionnaire;CGI02;CGI;CGI Generic Modification Version Questionnaire Question,CGI02-Change;CGI0202;CGI Generic Modification Version - Change,Ordinal,"Clinical Global Impression Generic Modification Version (CGI Generic Modification Version) Rate total change whether or not, in your judgement, it is due entirely to drug treatment. Compared to the subject's condition <at previously assessed protocol specified time point>, how much has the subject changed?",3,Clinical or Research Assessment Question (C91102); CDISC QRS Instruments Questions (C211913); CGI Generic Modification Version Questionnaire Question (C135705); CGI Generic Modification Version - Change (C135815),5
CGI Generic Modification Version - Improvement,C135816,CGI Generic Modification Version - Improvement (C135816),C135705,QRS;Clinical or Research Assessment Questionnaire;Clinical Global Impression Generic Modification Version Questionnaire;CGI02;CGI;CGI Generic Modification Version Questionnaire Question,CGI02-Improvement;CGI0203;CGI Generic Modification Version - Improvement,Ordinal,"Clinical Global Impression Generic Modification Version (CGI Generic Modification Version) Rate total improvement whether or not, in your judgement, it is due entirely to drug treatment. Compared to the subject's condition <at previously assessed protocol specified time point>, how much has the subject improved?",3,Clinical or Research Assessment Question (C91102); CDISC QRS Instruments Questions (C211913); CGI Generic Modification Version Questionnaire Question (C135705); CGI Generic Modification Version - Improvement (C135816),5
CGI Generic Modification Version - Severity,C135814,CGI Generic Modification Version - Severity (C135814),C135705,QRS;Clinical or Research Assessment Questionnaire;Clinical Global Impression Generic Modification Version Questionnaire;CGI02;CGI;CGI Generic Modification Version Questionnaire Question,CGI02-Severity;CGI0201;CGI Generic Modification Version - Severity,Ordinal,"Clinical Global Impression Generic Modification Version (CGI Generic Modification Version) Considering your total clinical experience with this particular population, how severe is the subject's condition at this time?",3,Clinical or Research Assessment Question (C91102); CDISC QRS Instruments Questions (C211913); CGI Generic Modification Version Questionnaire Question (C135705); CGI Generic Modification Version - Severity (C135814),5
CGI Generic Modification Version Questionnaire Question,C135705,CGI Generic Modification Version Questionnaire Question (C135705),C211913,QRS Instrument Questions,,,A question associated with the CGI Generic Modification Version questionnaire.,2,Clinical or Research Assessment Question (C91102); CDISC QRS Instruments Questions (C211913); CGI Generic Modification Version Questionnaire Question (C135705),0
CNS Stimulant Drug Measurement,C75342,CNS Stimulant Drug Measurement (C75342),C74675,Laboratory Tests;Chemistry Tests;Drug Class Measurements,,,The determination of the amount of any drug that stimulates the central nervous system (CNS) present in a sample.,2,Chemistry Test (C49237); Drug Class Measurement (C74675); CNS Stimulant Drug Measurement (C75342),0
Caffeine Use History,C201990,Caffeine Use History (C201990),,Substance Use;Personal Medical History;Medical History,Caffeine History;Caffeine Use,Nominal,A description of an individual's current or previous caffeine consumption.,0,Caffeine Use History (C201990),18
Calcium Measurement,C64488,Calcium Measurement (C64488),C49237,Laboratory Tests;Chemistry Tests,Calcium;CA,Quantitative;Ordinal,A quantitative measurement of the amount of calcium present in a sample.,1,Chemistry Test (C49237); Calcium Measurement (C64488),5
Calf Circumference,C178060,Calf Circumference (C178060),C172255,Vital Signs;Body Measurements,CALFCIR,Quantitative,A circumferential measurement of the lower leg in the region of the calf at the widest point.,1,Anatomical Circumference (C172255); Calf Circumference (C178060),3
Capillary Refill Test,C168125,Capillary Refill Test (C168125),C122008,Vital Signs;Cardiovascular Examination,Capillary Refill Time;CPLRFLT,Quantitative,An assessment performed to estimate peripheral perfusion and hydration status. The test is most often conducted by applying constant manual pressure for a set time on a patient's nail bed and then releasing while observing the length of time it takes for color to return to the tissue. A prolonged return to baseline coloring may indicate compromise of peripheral blood flow.,1,Cardiovascular Examination (C122008); Capillary Refill Test (C168125),3
Carbon Dioxide Measurement,C64545,Carbon Dioxide Measurement (C64545),C82624,Laboratory Tests;Chemistry Tests;Gas Measurements,Carbon Dioxide;CO2,Quantitative,A quantitative measurement of the gas carbon dioxide present in a sample.,2,Chemistry Test (C49237); Gas Measurement (C82624); Carbon Dioxide Measurement (C64545),5
Carbon Monoxide Diffusing Capability Test,C38083,Carbon Monoxide Diffusing Capability Test (C38083),C38081,Respiratory System Findings;Pulmonary Function Test,Diffusion Capacity of Lung for CO;DLCO;TLCO;Transfer Factor of Lung for CO;Diffusion Capacity of the Lung for Carbon Monoxide;PFT/DLCO;Pulmonary Function Test/Carbon Monoxide Diffusing Capability,Quantitative,"A measurement of carbon monoxide (CO) transfer from inspired gas to pulmonary capillary blood. During the test, the subject inspires a gas containing CO and one or more tracer gases to allow determination of the gas exchanging capability of the lungs.",1,Pulmonary Function Test (C38081); Carbon Monoxide Diffusing Capability Test (C38083),3
Carbon Monoxide Measurement,C139084,Carbon Monoxide Measurement (C139084),C82624,Laboratory Tests;Chemistry Tests;Gas Measurements,Carbon Monoxide;CO,Quantitative,The determination of the amount of carbon monoxide present in a sample.,2,Chemistry Test (C49237); Gas Measurement (C82624); Carbon Monoxide Measurement (C139084),4
Carboxyhemoglobin Measurement,C96591,Carboxyhemoglobin Measurement (C96591),C64848,Laboratory Tests;Chemistry Tests;Hemoglobin Measurements,Carboxyhemoglobin,Quantitative,The determination of the amount of carboxyhemoglobin present in a sample.,2,Hematology Test (C49286); Hemoglobin Measurement (C64848); Carboxyhemoglobin Measurement (C96591),4
Carboxyhemoglobin to Total Hemoglobin Ratio Measurement,C147355,Carboxyhemoglobin to Total Hemoglobin Ratio Measurement (C147355),C64848,Laboratory Tests;Chemistry Tests;Hemoglobin Measurements,,Quantitative,The determination of the ratio of carboxyhemoglobin compared to total hemoglobin present in a sample. The measurement may be expressed as a ratio or percentage.,2,Hematology Test (C49286); Hemoglobin Measurement (C64848); Carboxyhemoglobin to Total Hemoglobin Ratio Measurement (C147355),4
Carcinogenic Nitrosamine,C45398,Carcinogenic Nitrosamine (C45398),,Laboratory Tests;Nitroso Carcinogens,,,"An organic N-nitroso compound with possible carcinogenic activity characterized by the group -NNO or -NHNO in its structure, formed by combining nitrates with amines. These compounds are found in various foods and many are carcinogenic or are suspected carcinogens. Cured meats can contain nitrosamines because meats contain amines and can react during cooking with sodium nitrite that is added as a preservative. (NCI05)",0,Carcinogenic Nitrosamine (C45398),0
Cardiac Function Study,C16094,Cardiac Function Study (C16094),,Cardiac Function Study,,,"The study and analysis of the normal or abnormal functioning of the heart using methods such as echocardiography, exercise stress cardiography, 24-hour Holter EKG and magnetic resonance imaging.",0,Cardiac Function Study (C16094),0
Cardiovascular Examination,C122008,Cardiovascular Examination (C122008),,Cardiovascular Examination,Cardiac Examination,,Tests and assessments pertaining to the cardiovascular system.,0,Cardiovascular Examination (C122008),0
Cardiovascular System Finding,C35552,Cardiovascular System Finding (C35552),,Cardiovascular System Finding,,,"Symptoms, physical examination results, and/or laboratory test results related to the cardiovascular system.",0,Cardiovascular System Finding (C35552),0
Cause of Death,C81239,Cause of Death (C81239),,Death,,,The circumstance or condition that results in the death of a living being.,0,Cause of Death (C81239),0
Cell Count,C48938,Cell Count (C48938),,Laboratory Tests,,,A procedure to determine the number of cells in a sample.,0,Cell Count (C48938),0
Cellularity Measurement,C111153,Cellularity Measurement (C111153),C48938,Tumor Results;Tumor Measurements,CELLULAR;Cellularity Grade;Cellularity Index;Percent Cellularity,Quantitative,"The determination of the amount of degree, quality or condition of cells present in a sample.",1,Cell Count (C48938); Cellularity Measurement (C111153),7
Challenge Agent Name,C214750,Challenge Agent Name (C214750),C42614,Trial Summary,CAGTNAM,Nominal,The name of the non-investigational medicinal product (NIMP) given to trial subjects to produce a physiological response that is necessary before the pharmacological action of the investigational medicinal product can be assessed. [After Recommendations from the expert group on clinical trials for the implementation of Regulation (EU) No 536/2014' dd 28 June 2017],1,Name (C42614); Challenge Agent Name (C214750),5
Chamber Hypertrophy or Enlargement ECG Assessment,C111155,Chamber Hypertrophy or Enlargement ECG Assessment (C111155),C83146,Electrocardiogram Findings;Electrocardiogram Abnormalities;ECG Findings;ECG Abnormalities,CHYPTENL;Chamber Hypertrophy or Enlargement,Nominal,An electrocardiographic assessment of chamber hypertrophy or enlargement.,1,Electrocardiogram Test (C83146); Chamber Hypertrophy or Enlargement ECG Assessment (C111155),7
Character,C68805,Character (C68805),,Clinical Trial Attribute;Trial Summary,,,"Any single letter, number, or symbol.",0,Character (C68805),0
Characteristic,C25447,Characteristic (C25447),,Musculoskeletal Finding;Characteristic,,,"The distinguishing qualities or prominent aspect of a person, object, action, process, or substance.",0,Characteristic (C25447),0
Chemistry Test,C49237,Chemistry Test (C49237),,Laboratory Tests,Chemistry Measurement;Chemistry Procedure;Chemistry Technique,,A laboratory test designed for the quantification of an organic or inorganic chemical within a biological specimen.,0,Chemistry Test (C49237),0
Chest Circumference,C156606,Chest Circumference (C156606),C172255,Vital Signs;Body Measurements,CHESTCIR,Quantitative,A circumferential measurement of the chest.,1,Anatomical Circumference (C172255); Chest Circumference (C156606),3
Child-Pugh - Ascites,C121069,Child-Pugh - Ascites (C121069),C120996,QRS;Clinical or Research Assessment Classification;Child-Pugh Clinical Classification;CHILD-PUGH CLASSIFICATION;Child-Pugh;CPS01;Child-Pugh Clinical Classification Question,CPS01-Ascites;CPS0102;Child-Pugh - Ascites,Ordinal,Child-Pugh Classification (Child-Pugh) Ascites.,3,Clinical or Research Assessment Question (C91102); CDISC QRS Instruments Questions (C211913); Child-Pugh Clinical Classification Question (C120996); Child-Pugh - Ascites (C121069),5
Child-Pugh - Encephalopathy Grade,C121068,Child-Pugh - Encephalopathy Grade (C121068),C120996,QRS;Clinical or Research Assessment Classification;Child-Pugh Clinical Classification;CHILD-PUGH CLASSIFICATION;Child-Pugh;CPS01;Child-Pugh Clinical Classification Question,CPS01-Encephalopathy Grade;CPS0101;Child-Pugh - Encephalopathy Grade,Ordinal,Child-Pugh Classification (Child-Pugh) Encephalopathy grade.,3,Clinical or Research Assessment Question (C91102); CDISC QRS Instruments Questions (C211913); Child-Pugh Clinical Classification Question (C120996); Child-Pugh - Encephalopathy Grade (C121068),5
Child-Pugh - Grade,C121075,Child-Pugh - Grade (C121075),C120996,QRS;Clinical or Research Assessment Classification;Child-Pugh Clinical Classification;CHILD-PUGH CLASSIFICATION;Child-Pugh;CPS01;Child-Pugh Clinical Classification Question,CPS01-Grade;CPS0107;Child-Pugh - Grade,Ordinal,Child-Pugh Classification (Child-Pugh) Child-Pugh grade.,3,Clinical or Research Assessment Question (C91102); CDISC QRS Instruments Questions (C211913); Child-Pugh Clinical Classification Question (C120996); Child-Pugh - Grade (C121075),4
"Child-Pugh - PT, INR",C121073,"Child-Pugh - PT, INR (C121073)",C120996,QRS;Clinical or Research Assessment Classification;Child-Pugh Clinical Classification;CHILD-PUGH CLASSIFICATION;Child-Pugh;CPS01;Child-Pugh Clinical Classification Question,"CPS01-PT, INR;CPS0105B;Child-Pugh - PT, INR",Ordinal,"Child-Pugh Classification (Child-Pugh) Prothrombin time, international normalized ratio (INR).",3,"Clinical or Research Assessment Question (C91102); CDISC QRS Instruments Questions (C211913); Child-Pugh Clinical Classification Question (C120996); Child-Pugh - PT, INR (C121073)",5
"Child-Pugh - PT, Sec Prolonged",C121072,"Child-Pugh - PT, Sec Prolonged (C121072)",C120996,QRS;Clinical or Research Assessment Classification;Child-Pugh Clinical Classification;CHILD-PUGH CLASSIFICATION;Child-Pugh;CPS01;Child-Pugh Clinical Classification Question,"CPS01-PT, Sec Prolonged;CPS0105A;Child-Pugh - PT, Sec Prolonged",Ordinal,"Child-Pugh Classification (Child-Pugh) Prothrombin time, sec prolonged.",3,"Clinical or Research Assessment Question (C91102); CDISC QRS Instruments Questions (C211913); Child-Pugh Clinical Classification Question (C120996); Child-Pugh - PT, Sec Prolonged (C121072)",6
Child-Pugh - Serum Albumin,C121071,Child-Pugh - Serum Albumin (C121071),C120996,QRS;Clinical or Research Assessment Classification;Child-Pugh Clinical Classification;CHILD-PUGH CLASSIFICATION;Child-Pugh;CPS01;Child-Pugh Clinical Classification Question,CPS01-Serum Albumin;CPS0104;Child-Pugh - Serum Albumin,Ordinal,"Child-Pugh Classification (Child-Pugh) Serum albumin, g/dL.",3,Clinical or Research Assessment Question (C91102); CDISC QRS Instruments Questions (C211913); Child-Pugh Clinical Classification Question (C120996); Child-Pugh - Serum Albumin (C121071),6
Child-Pugh - Serum Bilirubin,C121070,Child-Pugh - Serum Bilirubin (C121070),C120996,QRS;Clinical or Research Assessment Classification;Child-Pugh Clinical Classification;CHILD-PUGH CLASSIFICATION;Child-Pugh;CPS01;Child-Pugh Clinical Classification Question,CPS01-Serum Bilirubin;CPS0103;Child-Pugh - Serum Bilirubin,Ordinal,"Child-Pugh Classification (Child-Pugh) Serum bilirubin, mg/dL.",3,Clinical or Research Assessment Question (C91102); CDISC QRS Instruments Questions (C211913); Child-Pugh Clinical Classification Question (C120996); Child-Pugh - Serum Bilirubin (C121070),6
Child-Pugh - Total Score,C121074,Child-Pugh - Total Score (C121074),C120996,QRS;Clinical or Research Assessment Classification;Child-Pugh Clinical Classification;CHILD-PUGH CLASSIFICATION;Child-Pugh;CPS01;Child-Pugh Clinical Classification Question,CPS01-Total Score;CPS0106;Child-Pugh - Total Score,Ordinal,Child-Pugh Classification (Child-Pugh) Child-Pugh total score.,3,Clinical or Research Assessment Question (C91102); CDISC QRS Instruments Questions (C211913); Child-Pugh Clinical Classification Question (C120996); Child-Pugh - Total Score (C121074),5
Child-Pugh Clinical Classification,C121007,Child-Pugh Clinical Classification (C121007),C118969,QRS;Clinical or Research Assessment Classification;Child-Pugh Clinical Classification;CHILD-PUGH CLASSIFICATION;Child-Pugh;CPS01;Child-Pugh Clinical Classification Question,Child-Pugh;CHILD-PUGH CLASSIFICATION;Child-Pugh Classification;Child-Pugh Score;CPS01,,"A standardized rating scale used to assess the severity of liver cirrhosis and determine the prognosis, the required strength of treatment, and the necessity of liver transplantation. This instrument uses the following clinical and lab criteria: encephalopathy grade, ascites, bilirubin, albumin, and prothrombin index.",1,Clinical or Research Assessment Classification (C118969); Child-Pugh Clinical Classification (C121007),4
Child-Pugh Clinical Classification Question,C120996,Child-Pugh Clinical Classification Question (C120996),C211913,QRS Instrument Questions,,,A question associated with the Child-Pugh clinical classification.,2,Clinical or Research Assessment Question (C91102); CDISC QRS Instruments Questions (C211913); Child-Pugh Clinical Classification Question (C120996),0
Childbearing Potential,C106508,Childbearing Potential (C106508),C19332,Reproductive Findings,CHILDPOT,Nominal,An indicator as to whether the female subject has the potential to become pregnant.,1,Personal Attribute (C19332); Childbearing Potential (C106508),2
Chloride Measurement,C64495,Chloride Measurement (C64495),C74946,Laboratory Tests;Chemistry Tests;Electrolyte Measurements,Chloride;CL,Quantitative,A quantitative measurement of the amount of chloride present in a sample.,2,Chemistry Test (C49237); Electrolyte Measurement (C74946); Chloride Measurement (C64495),5
Cholesterol Measurement,C105586,Cholesterol Measurement (C105586),C74949,Laboratory Tests;Chemistry Tests;Lipid Measurements,CHOL;Cholesterol;Total Cholesterol,Quantitative,The determination of the amount of total cholesterol present in a sample.,2,Chemistry Test (C49237); Lipid Measurement (C74949); Cholesterol Measurement (C105586),5
Choriogonadotropin Beta Measurement,C64851,Choriogonadotropin Beta Measurement (C64851),C147128,Laboratory Tests;Chemistry Tests;Hormone Measurements;Choriogonadotropin Measurements;HCG Measurements,beta-hCG;Choriogonadotropin Beta;Pregnancy Test;HCG,Quantitative;Ordinal,A determination of the presence of Choriogonadotropin Beta protein.,1,Choriogonadotropin Measurement (C147128); Choriogonadotropin Beta Measurement (C64851),3
Choriogonadotropin Measurement,C147128,Choriogonadotropin Measurement (C147128),,Laboratory Tests;Chemistry Tests;Hormone Measurements;Choriogonadotropin Measurements;HCG Measurements,Choriogonadotropin;Human Chorionic Gonadotropin;HCGND,,The determination of the amount of choriogonadotropin present in a sample.,0,Choriogonadotropin Measurement (C147128),0
Circulating Tumor Cells Positive,C146691,Circulating Tumor Cells Positive (C146691),,Diagnostic Procedures;Genetic Testing;Laboratory Tests;Blood Cell Counts;Tumor Results,CTC Positive;Circulating Tumor Cells Present,Ordinal,An indication that tumor cells have been detected in a peripheral blood sample.,0,Circulating Tumor Cells Positive (C146691),6
Circulating Tumor-Derived DNA Positive,C183130,Circulating Tumor-Derived DNA Positive (C183130),,Diagnostic Procedures;Genetic Testing;Laboratory Tests;Blood Cell Counts;Tumor Results,Cell-Free Circulating Tumor DNA;Circulating Tumor DNA;Circulating Tumor-Derived DNA;ctDNA;ctdDNA,Ordinal,An indication that circulating tumor-derived DNA has been detected in a sample.,0,Circulating Tumor-Derived DNA Positive (C183130),6
Citation Description,C93531,Citation Description (C93531),,Clinical Trial Attribute;Trial Summary,,,A bibliographical reference in an acceptable format.,0,Citation Description (C93531),0
Class of Trial Agent,C90372,Class of Trial Agent (C90372),,Clinical Trial Attribute;Trial Summary,,,A classification of the type of trial agent.,0,Class of Trial Agent (C90372),0
Clinical Change by Non-Invasive Imaging Procedure,C123443,Clinical Change by Non-Invasive Imaging Procedure (C123443),C77140,Clinical Test Result,NINVIMGC;Non-Invasive Imaging Change,Ordinal,Any clinical change to a subject as determined by a non-invasive imaging procedure.,1,Clinical Test Result (C77140); Clinical Change by Non-Invasive Imaging Procedure (C123443),8
Clinical Course of Disease,C35461,Clinical Course of Disease (C35461),,Findings;Clinical Courses,,,"A term that refers to the nature and/or clinical outcome of a disease (e.g., acute or chronic disease, aggressive or indolent disease, recurrent disease, etc.).",0,Clinical Course of Disease (C35461),0
Clinical Findings Indicator,C181043,Clinical Findings Indicator (C181043),,Respiratory System Findings;Oncology Standards;Disease Response;Disease Response Criteria;Disease Response and Clinical Classification;RS,Clinical Finding Indicator,,Specifies whether a clinical finding was observed.,0,Clinical Findings Indicator (C181043),0
Clinical Global Impression Generic Modification Version Questionnaire,C135738,Clinical Global Impression Generic Modification Version Questionnaire (C135738),C91105,QRS;Clinical or Research Assessment Questionnaire;Clinical Global Impression Generic Modification Version Questionnaire;CGI02;CGI,CGI;CGI02,,A modified version of a standardized questionnaire published in 1976 by Guy et al. that was initially created to provide a clinician-determined summary measure of a patient's global functioning prior to and after initiating a study medication. It has been modified for use in any disease/condition concept use case.,1,Clinical or Research Assessment Questionnaire (C91105); Clinical Global Impression Generic Modification Version Questionnaire (C135738),4
Clinical Interpretation,C125009,Clinical Interpretation (C125009),,Clinical Interpretation,,,The determination of the meaning of a clinical result.,0,Clinical Interpretation (C125009),0
Clinical Intervention or Procedure,C25218,Clinical Intervention or Procedure (C25218),,Procedures;Interventions,Procedure;Intervention,,"An activity that produces an effect, or that is intended to alter the course of a disease in a patient or population. This is a general term that encompasses the medical, social, behavioral, and environmental acts that can have preventive, therapeutic, or palliative effects.",0,Clinical Intervention or Procedure (C25218),0
Clinical Observations Category,C119797,Clinical Observations Category (C119797),,Clinical Observations,CLCAT,,A classification of clinical observation data.,0,Clinical Observations Category (C119797),0
Clinical Performance Status,C135478,Clinical Performance Status (C135478),C171082,Oncology Standards;Disease Response;Disease Response Criteria;Disease Response and Clinical Classification;RS;RANO;iRANO,CPRFSTAT,Ordinal,"An assessment of the clinical performance, as measured by a rating or scale, as a condition of disease response to therapy.",1,Medical Status (C171082); Clinical Performance Status (C135478),5
Clinical Study,C15206,Clinical Study (C15206),,Clinical Trial Attribute;Trial Summary,study;Clinical Research;Clinical Studies;Study,,"Research conducted with human subjects or on material of human origin in which an investigator directly interacts with human subjects; includes development of new technologies, study of mechanisms of human diseases, therapy, clinical trials, epidemiologic, behavior, and health services research.",0,Clinical Study (C15206),0
Clinical Study Citation,C127788,Clinical Study Citation (C127788),C93531,Trial Summary,Citation Used in Study;CITNSTDY,Nominal,A bibliographical reference to a particular study.,1,Citation Description (C93531); Clinical Study Citation (C127788),6
Clinical Study End Date,C90462,Clinical Study End Date (C90462),C68617,Trial Summary,SENDTC;Study End Date,Temporal,The date on which the study concludes.,1,End Date (C68617); Clinical Study End Date (C90462),4
Clinical Study Functional Role,C142438,Clinical Study Functional Role (C142438),,Clinical Trial Attribute;Trial Summary,functional roles (in a study),,The responsibility assumed by a person administering any activities within a clinical study.,0,Clinical Study Functional Role (C142438),0
Clinical Study Report Archive Date,C139273,Clinical Study Report Archive Date (C139273),C25164,Trial Summary,CSRARDTC,Temporal,The date when the clinical study report was archived.,1,Date (C25164); Clinical Study Report Archive Date (C139273),4
Clinical Study Sponsor,C70793,Clinical Study Sponsor (C70793),C48355,Trial Summary,Sponsor;sponsor;CLINICAL STUDY SPONSOR;SPONSOR;Study Sponsor,Nominal,"An entity such as an individual, company, institution, group, or organization which takes responsibility for the initiation, management, and/or financing of a clinical study. The sponsor does not actually conduct the investigation unless the sponsor is a sponsor-investigator. A person other than an individual (e.g., corporation or agency) that uses one or more of its own employees to conduct research it has initiated is considered to be a sponsor, and the employees are considered to be investigators. [21 CFR P.50.3(k)] [21 CFR P.50.102(j)] [21 CFR P.312.3]",1,Sponsor (C48355); Clinical Study Sponsor (C70793),5
Clinical Study by Intent,C49652,Clinical Study by Intent (C49652),C15206,Trial Summary,TINDTP;Trial Intent;Trial Intent Type;Clinical Study Intent;Study Intent;Trial Indication Type,Nominal,"The planned purpose of the therapy, device, or agent under study in the clinical study.",1,Clinical Study (C15206); Clinical Study by Intent (C49652),6
Clinical Test Result,C77140,Clinical Test Result (C77140),,Clinical Test Result,,,"The result of a laboratory, radiologic, or other clinical test performed to determine the presence, absence, or degree of a condition.",0,Clinical Test Result (C77140),0
Clinical Trial Eligibility Criteria,C16112,Clinical Trial Eligibility Criteria (C16112),,Eligibility Criteria;Clinical Trial Design,Eligibility Criteria;Study Eligibility Criteria,,"Characteristics which are necessary to allow a subject to participate in a clinical study, as outlined in the study protocol. The concept covers inclusion and exclusion criteria.",0,Clinical Trial Eligibility Criteria (C16112),0
Clinical Trial Objective,C142450,Clinical Trial Objective (C142450),,Clinical Trial Attribute;Trial Summary,objective;Study Objective,,The main purpose of an investigation that can be measured objectively to determine whether the treatment or intervention being studied is beneficial.,0,Clinical Trial Objective (C142450),0
Clinical Trial Registry Identifier,C98714,Clinical Trial Registry Identifier (C98714),C70663,Trial Summary,REGID;Registry Identifier,Nominal,"A sequence of letters, numbers, or other characters that uniquely identifies a clinical trial within a clinical trial registry.",1,Unique Identifier (C70663); Clinical Trial Registry Identifier (C98714),4
Clinical Trials Design,C15787,Clinical Trials Design (C15787),,Clinical Trial Attribute;Trial Summary,Trial Design,,"The detailed planning of studies of the safety, efficacy, or optimum dosage schedule (if appropriate) of one or more diagnostic, therapeutic, or prophylactic drugs, devices, or techniques selected according to predetermined criteria of eligibility and observed for predefined evidence of favorable and unfavorable effects.",0,Clinical Trials Design (C15787),0
Clinical or Research Assessment Classification,C118969,Clinical or Research Assessment Classification (C118969),,Research or Clinical Assessmnet Tools,CC,,"A named instrument whose output is an ordinal or categorical score that serves as a surrogate for, or ranking of, disease status or other physiological or biological status.",0,Clinical or Research Assessment Classification (C118969),0
Clinical or Research Assessment Question,C91102,Clinical or Research Assessment Question (C91102),,QRS Instrument Questions,Clinical or Research Assessment Question,,A question pertaining to a clinical or research assessment.,0,Clinical or Research Assessment Question (C91102),0
Clinical or Research Assessment Questionnaire,C91105,Clinical or Research Assessment Questionnaire (C91105),,Research or Clinical Assessment Tools,QS,,An instrument consisting of a predetermined set of questions for a clinical or research assessment.,0,Clinical or Research Assessment Questionnaire (C91105),0
Clinical or Research Functional Assessment Tool,C222260,Clinical or Research Functional Assessment Tool (C222260),,QRS;Functional Assessment,,,Any evaluation or assessment tool used to ascertain the physical capacities or deficits of an individual.,0,Clinical or Research Functional Assessment Tool (C222260),0
Clinicaltrials.gov Identifier,C172240,Clinicaltrials.gov Identifier (C172240),,Clinical Trial Attribute;Trial Summary,clinical trial id;clinical_trial_id;Trial ID;Clinicaltrials.gov ID;Clinicaltrials.gov NCT Identifier;Clinicaltrials.gov NCT Number;NCT ID;NCT Number,,The unique alphanumeric identifier for a trial as assigned by the Clinicaltrials.gov Protocol Registration and Results System (PRS).,0,Clinicaltrials.gov Identifier (C172240),0
Clinicaltrials.gov NCT Number for the Expanded Access Record,C127792,Clinicaltrials.gov NCT Number for the Expanded Access Record (C127792),C172240,Trial Summary,Expanded Access Record NCT Number;EXPARECN,Nominal,"The unique alphanumeric identifier for a study with associated expanded access record, as assigned by the clinicaltrials.gov PRS system.",1,Clinicaltrials.gov Identifier (C172240); Clinicaltrials.gov NCT Number for the Expanded Access Record (C127792),4
Clot Detection,C111095,Clot Detection (C111095),,Clot Detection,,,Any of several methods used to detect the presence of or quantify the formation of a thrombus in a specimen.,0,Clot Detection (C111095),0
Cognitive Assessment Tool,C222259,Cognitive Assessment Tool (C222259),,QRS;Functional Assessment,,,Any evaluation or assessment tool used to ascertain the cognitive capacities or deficits of an individual.,0,Cognitive Assessment Tool (C222259),0
Color Assessment,C64546,Color Assessment (C64546),,Laboratory Tests;Urinalysis;Urinary System Findings;Ophthalmic Examination,COLOR;Color,Nominal,A qualitative assessment of the color of a biological specimen.,0,Color Assessment (C64546),4
Combat Exposure Scale Questionnaire,C132532,Combat Exposure Scale Questionnaire (C132532),C91105,QRS;Clinical or Research Assessment Questionnaire;Combat Exposure Scale Questionnaire;CES;CES01,CES;CES01,,"A standardized 7-item self-report scale that was developed by Keane et al in 1989 to measure combat exposure. The instrument is derived from Figley's combat scale (1980), with additional items included by consensus of a group of clinical psychologists with experience in the assessment and treatment of combat-related PTSD. The items are weighted according to the severity of the combat experience.",1,Clinical or Research Assessment Questionnaire (C91105); Combat Exposure Scale Questionnaire (C132532),4
Complete [RETIRED],C25250,Complete [RETIRED] (C25250),,Subject Disposition,,,To possess every necessary or normal part or component or step; having come or been brought to a conclusion. [RETIRED],0,Complete [RETIRED] (C25250),0
Component of Study Protocol,C70705,Component of Study Protocol (C70705),,Clinical Trial Attribute;Trial Summary,Protocol Component,,A component of a plan on which a study is based.,0,Component of Study Protocol (C70705),0
Computed Tomography,C17204,Computed Tomography (C17204),C38093,Diagnostic Imaging;Medical Imaging;Tomography,CAT Scan;Computed Axial Tomography;Computed Tomography;Computerized Tomography;CT,Nominal,A method of examining structures within the body by scanning them with X rays and using a computer to construct a series of cross-sectional scans along a single axis.,1,Tomography (C38093); Computed Tomography (C17204),10
Concomitant Medication Yes No Indicator,C83056,Concomitant Medication Yes No Indicator (C83056),C82438,Event Occurrence Indicators;Concomitant Medication,CMYN,Nominal,An indication of whether concomitant medication usage has occurred.,1,Event Occurrence Indicator (C82438); Concomitant Medication Yes No Indicator (C83056),2
Concomitant Therapy,C53630,Concomitant Therapy (C53630),C49236,Interventions;Substance Administration;Medication Administration;Concomitant Medication,Concomitant Medication,Nominal,"Any pharmaceutical agent, other than the primary therapy, that is administered to or used by the subject prior to or during a specified time period.",1,Therapeutic Procedure (C49236); Concomitant Therapy (C53630),24
Condom Use Frequency,C181527,Condom Use Frequency (C181527),,Reproductive Findings,CNDUFRQD;Condom Use Frequency Desc;Condom Use Frequency Description,Narrative,The reported frequency of condom use.,0,Condom Use Frequency (C181527),2
Condom Use for Most Recent Sexual Intercourse Indicator,C181526,Condom Use for Most Recent Sexual Intercourse Indicator (C181526),C25180,Reproductive Findings;Clinical Findings Indicator;Indicator,CNDMIND;Condom Use Most Recent Sex Interc Ind,Nominal,An indication as to whether a condom was used during the most recent occurrence of sexual intercourse.,1,Indicator (C25180); Condom Use for Most Recent Sexual Intercourse Indicator (C181526),2
Confirmed Response Minimum Duration,C98715,Confirmed Response Minimum Duration (C98715),C25330,Trial Summary,CRMDUR,Temporal,The minimum amount of time required to meet the criteria for a confirmed response to treatment.,1,Duration (C25330); Confirmed Response Minimum Duration (C98715),4
Confluent Tumor Masses Assessment,C225437,Confluent Tumor Masses Assessment (C225437),C90479,Oncology Standards;Tumor/Lesion Identification;TU;RECIST 1.1,TUMERGE;Tumor Merged,Nominal,An assessment as to whether multiple tumors have coalesced into one tumor.,1,Tumor Examination (C90479); Confluent Tumor Masses Assessment (C225437),10
Congenital Abnormality Indicator,C122187,Congenital Abnormality Indicator (C122187),C93491,Reproductive Findings;Clinical Findings Indicator;Indicator,CABNIND;Abnormal Indicator,Nominal,Specifies whether any abnormality was present at birth or during the neonatal period.,1,Abnormal Indicator (C93491); Congenital Abnormality Indicator (C122187),2
Contact Name,C176230,Contact Name (C176230),,Clinical Trial Attribute;Trial Summary,,,The name of the person acting as a channel for communication between groups or on behalf of a group.,0,Contact Name (C176230),0
Control Type,C49647,Control Type (C49647),C70705,Trial Summary,TCNTRL,Nominal,A characteristic of a treatment regimen employed as a comparator against which the study treatment is evaluated.,1,Component of Study Protocol (C70705); Control Type (C49647),6
Coombs Test,C25163,Coombs Test (C25163),,Laboratory Tests;Hematology Tests;Immunohematology Tests;Autoantibody Measurements;Antibody Measurements;Immunology Tests,Antiglobulin test;Coombs,Ordinal;Quantitative,"A hemagglutination test using anti-human globulin (antiglobulin, Coombs reagent) to detect antibodies that react with a subject's red blood cells. The test takes two forms: the direct test is used to diagnose autoimmune hemolytic anemia; the indirect test is used for prenatal Rhesus factor compatibility, blood and tissue typing, and transplant cross-matching.",0,Coombs Test (C25163),0
Copy Number Variation Assessment,C181330,Copy Number Variation Assessment (C181330),C18302,Genomics Findings;Genetic Variation Analysis,CPNUMVAR;Gene Copy Number Variation;Copy Number Variation Assessment,Quantitative;Ordinal,An assessment of the variability in the number of replicas of a gene within the genome.,1,Genetic Variation Analysis (C18302); Copy Number Variation Assessment (C181330),17
Core Body Temperature,C174370,Core Body Temperature (C174370),C164325,Vital Signs;Temperature,TEMPCB,Quantitative,A measurement of the temperature within the deep tissues of the body.,2,Physical Examination Finding (C83119); Body Temperature Measurement (C164325); Core Body Temperature (C174370),4
Coronary Artery Thrombosis Method of Identification,C119229,Coronary Artery Thrombosis Method of Identification (C119229),C111095,Findings About Cardiovascular Events;Cardiovascular System Finding;Clot Detection,CATMTHID;Coronary Artery Thrombosis Method Ident,Nominal,The method used to detect a coronary artery thrombus.,1,Clot Detection (C111095); Coronary Artery Thrombosis Method of Identification (C119229),6
Coronaviridae Measurement,C171456,Coronaviridae Measurement (C171456),C49188,Laboratory Tests;Microbiology Tests;Virology Tests;COVID-19 Tests;SARS-CoV-2 Tests,,,The determination of the amount of coronaviridae in a sample.,1,Microbiology Test (C49188); Coronaviridae Measurement (C171456),0
Cotinine Measurement,C92249,Cotinine Measurement (C92249),C49237,Laboratory Tests;Chemistry Tests,Cotinine,Quantitative;Ordinal,The determination of the amount of cotinine present in a sample.,1,Chemistry Test (C49237); Cotinine Measurement (C92249),4
Country of Manufacture,C124455,Country of Manufacture (C124455),C16632,Trial Summary,MNFCNTRY,Nominal,The name of the country within which the product under study is made.,1,Geographic Area (C16632); Country of Manufacture (C124455),5
Country of Permanent Address,C176365,Country of Permanent Address (C176365),C16632,Subject Characteristics,CTRYPAD;Country of Permanent Address,Nominal,The country in which an individual permanently resides.,1,Geographic Area (C16632); Country of Permanent Address (C176365),3
Country of Potential Disease Exposure,C102612,Country of Potential Disease Exposure (C102612),C16632,Subject Characteristics,CTRYDEXP;Country of Potential Disease Exposure,Nominal,"System of classification based on the nation in which an individual was exposed to a disease, regardless of the nation in which he/she currently resides.",1,Geographic Area (C16632); Country of Potential Disease Exposure (C102612),3
County of Permanent Address,C176362,County of Permanent Address (C176362),,Subject Characteristics,CNTYPAD;County of Permanent Address,Nominal,The county in which an individual permanently resides.,0,County of Permanent Address (C176362),3
Creatine Kinase Measurement,C64489,Creatine Kinase Measurement (C64489),C64430,Laboratory Tests;Chemistry Tests;Protein or Enzyme Type Measurements,CK;CPK;Creatine Kinase;Creatine Phosphokinase,Quantitative;Ordinal,A quantitative measurement of the amount of creatine kinase present in a sample.,1,Protein or Enzyme Type Measurement (C64430); Creatine Kinase Measurement (C64489),5
Creatinine Clearance,C25747,Creatinine Clearance (C25747),C64547,Laboratory Tests;Chemistry Tests;Clearance Rates;Creatinine Measurements,CREATCLR,Quantitative,"The determination of the clearance of endogenous creatinine, used for evaluating the glomerular filtration rate.",2,Chemistry Test (C49237); Creatinine Measurement (C64547); Creatinine Clearance (C25747),6
Creatinine Measurement,C64547,Creatinine Measurement (C64547),C49237,Laboratory Tests;Chemistry Tests;Renal Function Tests,Creatinine,Quantitative;Nominal,A quantitative measurement of the amount of creatinine present in a sample.,1,Chemistry Test (C49237); Creatinine Measurement (C64547),5
Criterion,C25466,Criterion (C25466),,Clinical Trial Attribute;Trial Summary,Criteria,,"That which constitutes a standard from which a judgment can be established, a reference point against which other things can be evaluated, or a basis for comparison.",0,Criterion (C25466),0
Crown to Heel Length,C170639,Crown to Heel Length (C170639),C25334,Vital Signs;Body Measurements,Crown-to-Heel Length;CRWNHEEL,Quantitative,A measurement of the length of the body from the crown of the head to the bottom of the heel.,1,Length (C25334); Crown to Heel Length (C170639),3
Current Therapy,C85582,Current Therapy (C85582),C49236,Trial Summary,Background Treatment;Current Therapy or Treatment;CURTRT;Current Treatment,Nominal,The name of the therapy that is currently being administered.,1,Therapeutic Procedure (C49236); Current Therapy (C85582),5
Cystatin C Measurement,C92290,Cystatin C Measurement (C92290),C64430,Laboratory Tests;Chemistry Tests;Protein or Enzyme Type Measurements,Cystatin C;CYSTATC,Quantitative,The determination of the amount of cystatin C present in a sample.,1,Protein or Enzyme Type Measurement (C64430); Cystatin C Measurement (C92290),5
Cytokine Measurement,C74804,Cytokine Measurement (C74804),,Laboratory Tests;Chemistry Tests,,,The determination of type and amount of cytokines in a sample.,0,Cytokine Measurement (C74804),0
D-Dimer Measurement,C82621,D-Dimer Measurement (C82621),C49237,Laboratory Tests;Chemistry Tests;Protein or Enzyme Measurements;Fibrin Degragation Products,D-Dimer;DDIMER;FDP;Fibrin Degragation Products,Quantitative,The determination of the amount of d-dimers present in a sample.,1,Chemistry Test (C49237); D-Dimer Measurement (C82621),5
Data Cutoff Date,C98717,Data Cutoff Date (C98717),C25164,Trial Summary,DCUTDTC,Temporal,The date on which subsequently collected data will not be considered as part of the analysis.,1,Date (C25164); Data Cutoff Date (C98717),4
Data Cutoff Date Description,C98718,Data Cutoff Date Description (C98718),C70705,Trial Summary,Data Cutoff Description;DCUTDESC,Nominal,A textual description of the data cutoff date.,1,Component of Study Protocol (C70705); Data Cutoff Date Description (C98718),3
Data Monitoring Committee Indicator,C127790,Data Monitoring Committee Indicator (C127790),C25180,Trial Summary,DMCIND,Nominal,An indication as to whether a clinical trial has an appointed data monitoring committee.,1,Indicator (C25180); Data Monitoring Committee Indicator (C127790),6
Date,C25164,Date (C25164),,Clinical Trial Attribute;Trial Summary,Date (MM/DD/YYYY);Dated,,"The particular day, month and year an event has happened or will happen.",0,Date (C25164),0
Date and Time,C37939,Date and Time (C37939),,Termporal Qualifiers,,,An expression of both date and time that an event has happened or will happen.,0,Date and Time (C37939),0
Date of Last Sexual Intercourse,C181524,Date of Last Sexual Intercourse (C181524),,Reproductive Findings,MRSXIDTC;Date of Most Recent Sexual Intercourse,Temporal,The date on which the most recent sexual intercourse occurred.,0,Date of Last Sexual Intercourse (C181524),2
Dead [RETIRED],C28554,Dead [RETIRED] (C28554),,Subject Disposition,,,The cessation of life. [RETIRED],0,Dead [RETIRED] (C28554),0
Death Certification Indicator,C135385,Death Certification Indicator (C135385),C25180,Death Diagnosis and Details;Indicator,DTHCOIND;Death Certificate Obtained Indicator,Nominal,An indication as to whether a death certificate was obtained.,1,Indicator (C25180); Death Certification Indicator (C135385),2
Death Expected Indicator,C184505,Death Expected Indicator (C184505),C93565,Death Diagnosis and Details;Expected Indicator,DTHEXIND,Nominal,An indication as to whether the death was expected.,1,Expected Indicator (C93565); Death Expected Indicator (C184505),2
Death Indicator,C93546,Death Indicator (C93546),,Death Indicator,,,Specifies whether the life of an entity has ceased.,0,Death Indicator (C93546),0
Death Witnessed Indicator,C170571,Death Witnessed Indicator (C170571),C25180,Death Diagnosis and Details;Indicator,DTHWIND,Nominal,An indication as to whether the death event was witnessed by another individual.,1,Indicator (C25180); Death Witnessed Indicator (C170571),2
Deceased Donor Donation Condition,C139270,Deceased Donor Donation Condition (C139270),,Subject Characteristics,DDDTYPE;Deceased Donor Donation Condition;Deceased Donor Donation Type,Nominal,"The conditions under which an organ is harvested from a dead donor, including the condition of the donor and the environment.",0,Deceased Donor Donation Condition (C139270),3
Delayed Graft Function Diagnostic Criteria Name,C135514,Delayed Graft Function Diagnostic Criteria Name (C135514),C117960,Trial Summary,Delayed Graft Function Diagnostic Criteria;Delayed Graft Function Dx Criteria;DGFCRIT,Nominal,The name of a standard criterion from which a judgment concerning an occurrence of a delayed graft function (DGF) can be established.,2,Criterion (C25466); Diagnostic Criteria (C117960); Delayed Graft Function Diagnostic Criteria Name (C135514),3
Delivery Procedure,C81179,Delivery Procedure (C81179),C89340,Reproductive Findings,DLVRMODE;Mode of Delivery;Birth Method of Delivery,Nominal,Description of the method by which a fetus is delivered.,1,Obstetric Procedure (C89340); Delivery Procedure (C81179),2
Deoxyribonucleic Acid Measurement,C135409,Deoxyribonucleic Acid Measurement (C135409),,Laboratory Tests;Chemistry Tests;Microbiology Tests,,,The determination of the amount of deoxyribonucleic acid (DNA) in a biological sample.,0,Deoxyribonucleic Acid Measurement (C135409),0
Description,C25365,Description (C25365),,Clinical Trial Attribute;Trial Summary;Respiratory System Findings,DESCR;Desc;Descriptive,,"A written or verbal account, representation, statement, or explanation of something.",0,Description (C25365),0
Diagnosis Group,C49650,Diagnosis Group (C49650),C199141,Trial Summary,TDIGRP,Nominal,"A grouping of individuals on the basis of a shared procedure or disease, or lack thereof (e.g. healthy volunteers, type 2 diabetic subjects, subjects with renal cell cancer).  Standardized naming systems are available that define the groups within which a subject should be placed.",1,Health Issue Related Group (C199141); Diagnosis Group (C49650),5
Diagnostic Criteria,C117960,Diagnostic Criteria (C117960),C25466,Clinical Trial Attribute;Trial Summary,DXCRIT,Nominal,A standard from which a judgment concerning a medical diagnosis can be established.,1,Criterion (C25466); Diagnostic Criteria (C117960),3
Diagnostic Factor,C19591,Diagnostic Factor (C19591),,Diagnostic Factor,Diagnostic Marker,,"A biological, physiological, behavioral, or molecular indicator of the presence or predisposition towards development of a specific disease.",0,Diagnostic Factor (C19591),0
Diagnostic Imaging Testing,C16502,Diagnostic Imaging Testing (C16502),,Diagnostic Imaging;Medical Imaging,Medical Imaging,,Any method that uses a visual display of structural or functional patterns of organs or tissues for diagnostic evaluation.,0,Diagnostic Imaging Testing (C16502),0
Diagnostic Mammography,C79416,Diagnostic Mammography (C79416),C16818,Diagnostic Imaging;Medical Imaging;Breast Cancer Diagnostic Procedures,Diagnostic Mammogram,Nominal,Mammography done after suspicious results on a screening mammogram or after other signs of possible breast cancer.,2,Diagnostic Imaging Testing (C16502); Mammography (C16818); Diagnostic Mammography (C79416),11
Diagnostic Procedure,C18020,Diagnostic Procedure (C18020),,Procedures,Diagnostic Tests,,Any procedure or test to diagnose a disease or disorder.,0,Diagnostic Procedure (C18020),0
Diagnostic Ultrasound,C19337,Diagnostic Ultrasound (C19337),C17230,Diagnostic Imaging;Medical Imaging;Diagnostic Procedures,Diagnostic Ultrasonography;Diagnosis (US);Ultrasound,Nominal,Use of ultrasound for imaging for diagnostic purposes.,2,Imaging Procedure (C17369); Ultrasound Imaging (C17230); Diagnostic Ultrasound (C19337),11
"Diagnostic, Therapeutic, or Research Equipment",C19238,"Diagnostic, Therapeutic, or Research Equipment (C19238)",,Clinical Trial Attribute;Trial Summary,"Diagnostic, Therapeutic, and Research Equipment;Equipment;Hardware",,"A manufactured object that is used to perform diagnostic, therapeutic or research activities.",0,"Diagnostic, Therapeutic, or Research Equipment (C19238)",0
Diameter,C25285,Diameter (C25285),,Properties;Quantitative Concepts,,,The length of a straight line passing through the center of a circle or sphere and connecting two points on the circumference.,0,Diameter (C25285),0
Diastolic Blood Pressure,C25299,Diastolic Blood Pressure (C25299),C54706,Vital Signs;Blood Pressure,DIABP,Quantitative,The minimum pressure exerted into the systemic arterial circulation during cardiac ventricular relaxation and filling.,2,Vital Signs Measurement (C49672); Blood Pressure (C54706); Diastolic Blood Pressure (C25299),7
Diastolic Blood Pressure-for-Age Percentile,C172610,Diastolic Blood Pressure-for-Age Percentile (C172610),,Vital Signs;Blood Pressure,DBPAPCTL;Diastolic BP-for-Age Percentile,Quantitative,"A measurement of an individual's diastolic blood pressure in relationship to age, in comparison to a reference percentile curve.",0,Diastolic Blood Pressure-for-Age Percentile (C172610),2
Diastolic Blood Pressure-for-Height Percentile,C172609,Diastolic Blood Pressure-for-Height Percentile (C172609),,Vital Signs;Blood Pressure,DBPHPCTL;Diastolic BP-for-Height Percentile,Quantitative,"A measurement of an individual's diastolic blood pressure in relationship to height, in comparison to a reference percentile curve.",0,Diastolic Blood Pressure-for-Height Percentile (C172609),2
Dietary Mineral Measurement,C184335,Dietary Mineral Measurement (C184335),,Laboratory Tests;Chemistry Tests,,,"A determination of the total minerals in a nutritional product or meal, or a portion thereof.",0,Dietary Mineral Measurement (C184335),0
Dietary Phosphorus Measurement,C184481,Dietary Phosphorus Measurement (C184481),C184335,Laboratory Tests;Chemistry Tests;Dietary Mineral Measurements,DP;Dietary Phosphorus,Quantitative,"A determination of the phosphorus in a nutritional product or meal, or a portion thereof.",1,Dietary Mineral Measurement (C184335); Dietary Phosphorus Measurement (C184481),3
Diffusion Capacity of the Lung for Carbon Monoxide/Alveolar Volume Ratio,C120830,Diffusion Capacity of the Lung for Carbon Monoxide/Alveolar Volume Ratio (C120830),C38081,Respiratory System Findings;Pulmonary Function Test,DLCO/VA;DLCOVA,Quantitative,The calculated ratio of the lung's alveolar volume with respect to its diffusion capacity for carbon monoxide.,1,Pulmonary Function Test (C38081); Diffusion Capacity of the Lung for Carbon Monoxide/Alveolar Volume Ratio (C120830),3
Direct Antiglobulin Test,C81974,Direct Antiglobulin Test (C81974),C25163,Laboratory Tests;Hematology Tests;Immunohematology Tests;Autoantibody Measurements;Antibody Measurements;Immunology Tests;Coombs Tests,"ANGLOBDR;Antiglobulin Test Polyspecific, Direct;Antiglobulin Test, Direct;DAT;Direct Anti-human Globulin Test;Direct Antiglobulin Test;Direct Coombs Test",Ordinal,A measurement of the antibody or complement-coated erythrocytes in a blood specimen in vivo.,1,Coombs Test (C25163); Direct Antiglobulin Test (C81974),4
Direct Bilirubin Measurement,C64481,Direct Bilirubin Measurement (C64481),C74954,Laboratory Tests;Chemistry Tests;Liver Function Tests,BILDIR;Conjugated Bilirubin + Albumin-Bound Bilirubin;Conjugated Bilirubin + Delta Bilirubin;Direct Bilirubin,Quantitative;Ordinal,The bilirubin is bound to glucuronide to form conjugated bilirubin (direct bilirubin). Direct Bilirubin measurement is accomplished by a colorimetric method. Direct Bilirubin in biological fluids reacts with sulfanilic acid at acidic pH to produce a red colored complex. The optical density of produced color has a direct relationship with Direct Bilirubin concentration in the solution.,2,Chemistry Test (C49237); Liver Function Test (C74954); Direct Bilirubin Measurement (C64481),5
Discharge Indicator,C154888,Discharge Indicator (C154888),C25180,Reproductive Findings;Clinical Findings Indicator;Indicator,DSCHGIND,Nominal,An indication as to whether there is the presence of discharge.,1,Indicator (C25180); Discharge Indicator (C154888),4
Disease Contact Investigation Indicator,C202576,Disease Contact Investigation Indicator (C202576),C25180,Subject Characteristics,CINVIND;Contact Investigation Indicator;Disease Contact Investigation Indicator,Nominal,An indication as to whether a contact investigation (a public health activity whereby individuals who have been exposed to a person with a suspected or confirmed contagious illness are identified for contact tracing) has been carried out for the subject.,1,Indicator (C25180); Disease Contact Investigation Indicator (C202576),3
Disease Indication Under Study Contributed to Death Indicator,C199843,Disease Indication Under Study Contributed to Death Indicator (C199843),C25180,Death Diagnosis and Details;Indicator,CUSCDIND;Cond Under Study Contrib to Death Ind;Condition Under Study Contributed to Death Indicator,Nominal,An indication as to whether the disease or condition under study contributed to the cause of death.,1,Indicator (C25180); Disease Indication Under Study Contributed to Death Indicator (C199843),2
Disease Recurrence Indicator,C123621,Disease Recurrence Indicator (C123621),C93645,Oncology Standards;Disease Response;RS,DRCRIND,Nominal,An indication as to whether disease recurrence occurred.,2,Indicator (C25180); Recurrence Indicator (C93645); Disease Recurrence Indicator (C123621),4
Disease Recurrence Relative Location,C123633,Disease Recurrence Relative Location (C123633),C25341,Oncology Standards;Tumor/Lesion Identification;TU,DRCRLTLC,Nominal,A description of the region or relative location for the disease recurrence.,1,Location (C25341); Disease Recurrence Relative Location (C123633),4
Disease Response,C50995,Disease Response (C50995),,Oncology Standards;Disease Response;Disease Response Criteria;Disease Response and Clinical Classification;RS,,,"The molecular/pathological and/or clinical changes that result from treatment. The changes may include eradication of detectable disease, stabilization of disease, or disease progression.",0,Disease Response (C50995),0
Disease Response in Spleen,C135482,Disease Response in Spleen (C135482),C50995,Oncology Standards;Disease Response;Disease Response Criteria;Disease Response and Clinical Classification;RS;LUGANO CLASSIFICATION;IWC HALLEK CLL 2018,SPLNRESP;Spleen Response,Ordinal,An assessment of the disease response to therapy within the involved spleen.,1,Disease Response (C50995); Disease Response in Spleen (C135482),5
Disease-Free Survival,C17751,Disease-Free Survival (C17751),,Disease Response;Disease Response Criteria;Survival,Disease Free;Disease-Free Survival;DFS,Temporal,The length of time after treatment for a specific disease during which a patient survives with no sign of recurrence of the disease.,0,Disease-Free Survival (C17751),5
District of Permanent Address,C176363,District of Permanent Address (C176363),,Subject Characteristics,DISTPAD;District of Permanent Address,Nominal,The district in which an individual permanently resides.,0,District of Permanent Address (C176363),3
District of Potential Disease Exposure,C174364,District of Potential Disease Exposure (C174364),C16632,Subject Characteristics,DISTDEXP;District of Potential Disease Exposure,Nominal,The district in which the an individual was potentially exposed to a disease.,1,Geographic Area (C16632); District of Potential Disease Exposure (C174364),3
Dominant Hand,C114182,Dominant Hand (C114182),C19332,Subject Characteristics,HANDDOM;Dominant Hand,Nominal,The preferred hand of use for controlled and efficient performance of motor tasks.,1,Personal Attribute (C19332); Dominant Hand (C114182),3
Dominant Lung Pattern Assessment,C189632,Dominant Lung Pattern Assessment (C189632),C18190,Respiratory System Findings,Dominant Lung Pattern;DOMLGPT,Nominal;Narrative,"A subjective assessment of the primary lung abnormality pattern, generally based on size, distribution, and/or amount.",1,Histopathologic Examination (C18190); Dominant Lung Pattern Assessment (C189632),2
Dominant Lung Pattern Distribution Assessment,C189633,Dominant Lung Pattern Distribution Assessment (C189633),C18190,Respiratory System Findings,Dominant Lung Pattern Distribution;DOMLGPTD,Nominal;Narrative,A subjective assessment of the distribution of the primary lung abnormality pattern.,1,Histopathologic Examination (C18190); Dominant Lung Pattern Distribution Assessment (C189633),2
Donor Status,C159525,Donor Status (C159525),,Person Status,,,Vital information about a donor at the time of donation.,0,Donor Status (C159525),0
Donor Status at Time of Organ Donation,C139269,Donor Status at Time of Organ Donation (C139269),C159525,Subject Characteristics,DSTATTOD;Donor Status at Time of Organ Donation,Nominal,The donor's state or condition of being either living or brain dead at the time of organ harvesting.,1,Donor Status (C159525); Donor Status at Time of Organ Donation (C139269),3
Dosage Form Unit,C73558,Dosage Form Unit (C73558),C48470,Trial Summary,Dose Units;DOSU;TRTDOSU;DF;Dosage Form,Nominal,The unit of measure for the dosage form.,1,Potency Unit (C48470); Dosage Form Unit (C73558),6
Dose,C25488,Dose (C25488),C20189,Trial Summary,dose;DOSE;Dose Level;Dose per Administration;TRTDOS;Dosage;Doses;{Dose},Quantitative,"A quantity of an agent (such as substance or energy) administered, taken, or absorbed at one time.",1,Property or Attribute (C20189); Dose (C25488),3
Dose Frequency,C89081,Dose Frequency (C89081),C15697,Trial Summary,DOSFRQ;Dosing Frequency,Quantitative,The number of times a substance is administered within a specific time period.,1,Treatment Regimen (C15697); Dose Frequency (C89081),6
Dose Modification,C54346,Dose Modification (C54346),,Clinical Trial Attribute;Trial Summary,,,"Change, alteration, or adjustment of a dose specified in a treatment plan or/and administered to a patient.",0,Dose Modification (C54346),0
Dose Regimen,C71137,Dose Regimen (C71137),C15697,Trial Summary,DOSRGM,Nominal,"A treatment plan that specifies the amount, schedule, and the duration of intervention(s).",1,Treatment Regimen (C15697); Dose Regimen (C71137),3
Drug Class Measurement,C74675,Drug Class Measurement (C74675),C49237,Laboratory Tests;Chemistry Tests,,,The determination of the levels of all members of a specific drug class present in a sample.,1,Chemistry Test (C49237); Drug Class Measurement (C74675),0
Duration,C25330,Duration (C25330),,Clinical Trial Attribute;Trial Summary;Temporal Qualifier,Time;TIME;Time Duration,,The period of time during which something continues.,0,Duration (C25330),0
Duration of Sexual Abstinence,C189357,Duration of Sexual Abstinence (C189357),C25330,Reproductive Findings,SEXABDUR,Quantitative,The length of time during which the individual abstained from sexual activity.,1,Duration (C25330); Duration of Sexual Abstinence (C189357),3
E-mail Address,C42775,E-mail Address (C42775),,Clinical Trial Attribute;Trial Summary,Email Address;E-mail;Electronic Mail Address;Email,,A text string identifier for a location to which e-mail can be delivered.,0,E-mail Address (C42775),0
E-mail Address for XML File Feedback,C127791,E-mail Address for XML File Feedback (C127791),C42775,Trial Summary,Email Address for XML File;EMAILXML,Nominal,The E-mail address to which copies of the XML format of the CT application should be sent.,1,E-mail Address (C42775); E-mail Address for XML File Feedback (C127791),3
ECG Continuous Monitoring Indicator,C119561,ECG Continuous Monitoring Indicator (C119561),C25180,Trial Summary,ECG Continuous Monitoring;EGCTMON,Nominal,An indication as to whether the 10-second ECGs for this study were extracted from a continuous recording.,1,Indicator (C25180); ECG Continuous Monitoring Indicator (C119561),6
ECG Evaluator Blinding Parameters,C119560,ECG Evaluator Blinding Parameters (C119560),C93518,Trial Summary,ECG Reading Blinded;EGBLIND,Nominal,A description of the parameters to which the ECG assessors were blinded to within the study.,1,Blinded Description (C93518); ECG Evaluator Blinding Parameters (C119560),6
ECG Measurement,C62085,ECG Measurement (C62085),,Clinical Trial Attribute;Trial Summary;Electrocardiogram Findings,EKG Measurement,,Measurements or calculations on measurements obtained from electrocardiographic tracings.,0,ECG Measurement (C62085),0
ECG Planned Primary Lead for Study,C119562,ECG Planned Primary Lead for Study (C119562),C50282,Trial Summary,ECG Planned Primary Lead;EGLEADPR,Nominal,"A description of the ECG lead that is planned to be used as the planned, primary lead for the study.",1,Lead Device (C50282); ECG Planned Primary Lead for Study (C119562),6
ECG Read Method Degree of Automation,C119564,ECG Read Method Degree of Automation (C119564),C62085,Trial Summary,ECG Read Method;EGRDMETH,Nominal,The degree of automation of the method by which the ECG output is read by the evaluator.,1,ECG Measurement (C62085); ECG Read Method Degree of Automation (C119564),6
ECG Replicates On-Treatment Indicator,C119566,ECG Replicates On-Treatment Indicator (C119566),C25180,Trial Summary,ECG Replicates On-Treatment;EGREPLTR,Nominal,An indication as to whether replicate ECGs for time points during the on-treatment portion of the study were included.,1,Indicator (C25180); ECG Replicates On-Treatment Indicator (C119566),6
ECG Replicates at Baseline Indicator,C119565,ECG Replicates at Baseline Indicator (C119565),C25180,Trial Summary,ECG Replicates at Baseline;EGREPLBL,Nominal,An indication as to whether replicate ECGs for time points during the baseline portion of the study were included.,1,Indicator (C25180); ECG Replicates at Baseline Indicator (C119565),6
ECG T Wave Algorithm,C119582,ECG T Wave Algorithm (C119582),C16275,Trial Summary,ECG Twave Algorithm;EGTWVALG,Nominal,The defined procedure used to identify the end of the T wave.,1,Algorithm (C16275); ECG T Wave Algorithm (C119582),3
ECG Technical Quality,C117807,ECG Technical Quality (C117807),C62085,Electrocardiogram Findings;ECG Technical Quality,TECHQUAL,Nominal,"A statement about an electrocardiographic recording describing technical issues or interference during the recording, processing, or transmission of the data. This does not represent an electrocardiographic diagnosis. (CDISC)",1,ECG Measurement (C62085); ECG Technical Quality (C117807),5
ECG Used Same Lead Indicator,C119563,ECG Used Same Lead Indicator (C119563),C25180,Trial Summary,ECG Used Same Lead;EGLEADSM,Nominal,An indication as to whether ECG interval measurements were based on the same lead.,1,Indicator (C25180); ECG Used Same Lead Indicator (C119563),6
ECOG - Performance Status,C102408,ECOG - Performance Status (C102408),C101874,QRS;Clinical or Research Assessment Classification;Eastern Cooperative Oncology Group Performance Status Clinical Classification;ECOG;ECOG1;ECOG Clinical Classification Question,ECOG1-Performance Status;ECOG101;ECOG - Performance Status,Ordinal,Eastern Cooperative Oncology Group (ECOG) Performance status.,3,Clinical or Research Assessment Question (C91102); CDISC QRS Instruments Questions (C211913); ECOG Clinical Classification Question (C101874); ECOG - Performance Status (C102408),4
ECOG Clinical Classification Question,C101874,ECOG Clinical Classification Question (C101874),C211913,QRS Instrument Questions,,,A question associated with the ECOG performance status questionnaire.,2,Clinical or Research Assessment Question (C91102); CDISC QRS Instruments Questions (C211913); ECOG Clinical Classification Question (C101874),0
EMA Decision Number for Pediatric Investigation Plan,C126059,EMA Decision Number for Pediatric Investigation Plan (C126059),C25337,Trial Summary,EMA Decision Number for PIP;EMPIPDCN,Nominal,An alphnumeric code assigned by the European Medicines Agency (EMA) to an EMA regulatory decision.,1,Number (C25337); EMA Decision Number for Pediatric Investigation Plan (C126059),4
EQ-5D-5L - Anxiety or Depression,C102071,EQ-5D-5L - Anxiety or Depression (C102071),C101875,QRS;Clinical or Research Assessment Questionnaire;European Quality of Life Five Dimension Five Level Scale Questionnaire;EQ-5D-5L;EQ5D02;EQ-5D-5L Questionnaire Question,EQ5D02-Anxiety/Depression;EQ5D0205,Ordinal,The EuroQol (European Quality of Life) Five Dimension Five Level Scale (EQ-5D-5L) Check the one box that best describes your health today: Anxiety or depression.,3,Clinical or Research Assessment Question (C91102); CDISC QRS Instruments Questions (C211913); EQ-5D-5L Questionnaire Question (C101875); EQ-5D-5L - Anxiety or Depression (C102071),5
EQ-5D-5L - EQ VAS Score,C102072,EQ-5D-5L - EQ VAS Score (C102072),C101875,QRS;Clinical or Research Assessment Questionnaire;European Quality of Life Five Dimension Five Level Scale Questionnaire;EQ-5D-5L;EQ5D02;EQ-5D-5L Questionnaire Question,EQ5D02-EQ VAS Score;EQ5D0206,Ordinal,The EuroQol (European Quality of Life) Five Dimension Five Level Scale (EQ-5D-5L) Mark an X on the scale to indicate how your health is today and write the number you marked on the scale in the box below.,3,Clinical or Research Assessment Question (C91102); CDISC QRS Instruments Questions (C211913); EQ-5D-5L Questionnaire Question (C101875); EQ-5D-5L - EQ VAS Score (C102072),10
EQ-5D-5L - Mobility,C102067,EQ-5D-5L - Mobility (C102067),C101875,QRS;Clinical or Research Assessment Questionnaire;European Quality of Life Five Dimension Five Level Scale Questionnaire;EQ-5D-5L;EQ5D02;EQ-5D-5L Questionnaire Question,EQ5D02-Mobility;EQ5D0201,Ordinal,The EuroQol (European Quality of Life) Five Dimension Five Level Scale (EQ-5D-5L) Check the one box that best describes your health today: Mobility.,3,Clinical or Research Assessment Question (C91102); CDISC QRS Instruments Questions (C211913); EQ-5D-5L Questionnaire Question (C101875); EQ-5D-5L - Mobility (C102067),5
EQ-5D-5L - Pain or Discomfort,C102070,EQ-5D-5L - Pain or Discomfort (C102070),C101875,QRS;Clinical or Research Assessment Questionnaire;European Quality of Life Five Dimension Five Level Scale Questionnaire;EQ-5D-5L;EQ5D02;EQ-5D-5L Questionnaire Question,EQ5D02-Pain/Discomfort;EQ5D0204,Ordinal,The EuroQol (European Quality of Life) Five Dimension Five Level Scale (EQ-5D-5L) Check the one box that best describes your health today: Pain or discomfort.,3,Clinical or Research Assessment Question (C91102); CDISC QRS Instruments Questions (C211913); EQ-5D-5L Questionnaire Question (C101875); EQ-5D-5L - Pain or Discomfort (C102070),5
EQ-5D-5L - Self-Care,C102068,EQ-5D-5L - Self-Care (C102068),C101875,QRS;Clinical or Research Assessment Questionnaire;European Quality of Life Five Dimension Five Level Scale Questionnaire;EQ-5D-5L;EQ5D02;EQ-5D-5L Questionnaire Question,EQ5D02-Self-Care;EQ5D0202,Ordinal,The EuroQol (European Quality of Life) Five Dimension Five Level Scale (EQ-5D-5L) Check the one box that best describes your health today: Self-care.,3,Clinical or Research Assessment Question (C91102); CDISC QRS Instruments Questions (C211913); EQ-5D-5L Questionnaire Question (C101875); EQ-5D-5L - Self-Care (C102068),5
EQ-5D-5L - Usual Activities,C102069,EQ-5D-5L - Usual Activities (C102069),C101875,QRS;Clinical or Research Assessment Questionnaire;European Quality of Life Five Dimension Five Level Scale Questionnaire;EQ-5D-5L;EQ5D02;EQ-5D-5L Questionnaire Question,EQ5D02-Usual Activities;EQ5D0203,Ordinal,The EuroQol (European Quality of Life) Five Dimension Five Level Scale (EQ-5D-5L) Check the one box that best describes your health today: Usual activities.,3,Clinical or Research Assessment Question (C91102); CDISC QRS Instruments Questions (C211913); EQ-5D-5L Questionnaire Question (C101875); EQ-5D-5L - Usual Activities (C102069),5
EQ-5D-5L Questionnaire Question,C101875,EQ-5D-5L Questionnaire Question (C101875),C211913,QRS Instrument Questions,EQ-5D-5L Questionnaire Question,,A question associated with the EQ-5D-5L questionnaire.,2,Clinical or Research Assessment Question (C91102); CDISC QRS Instruments Questions (C211913); EQ-5D-5L Questionnaire Question (C101875),0
Eastern Cooperative Oncology Group Performance Status Clinical Classification,C102116,Eastern Cooperative Oncology Group Performance Status Clinical Classification (C102116),C118969,QRS;Clinical or Research Assessment Classification;Eastern Cooperative Oncology Group Performance Status Clinical Classification;ECOG;ECOG1,ECOG,,"A standardized classification scale, published by Oken et al. in 1982 for the Eastern Cooperative Oncology Group (ECOG), that utilizes a six point rating scale to assess a patient's functional status.",1,Clinical or Research Assessment Classification (C118969); Eastern Cooperative Oncology Group Performance Status Clinical Classification (C102116),4
Ecchymosis Indicator,C154884,Ecchymosis Indicator (C154884),C119241,Reproductive Findings;Clinical Findings Indicator;Indicator,ECCHYIND,Nominal,An indication as to whether ecchymosis is present.,1,Symptom Indicator (C119241); Ecchymosis Indicator (C154884),4
Edema Indicator,C154885,Edema Indicator (C154885),C119241,Reproductive Findings;Clinical Findings Indicator;Indicator,EDEMAIND,Nominal,An indication as to whether edema is present.,1,Symptom Indicator (C119241); Edema Indicator (C154885),4
Education Level,C17953,Education Level (C17953),C17468,Subject Characteristics,EDULEVEL;Education;Education Level;Education Level Completed;education_level;Educational Attainment;Educational Level;Level of Education Attained,Ordinal,"An indication of the years of schooling completed in graded public, private, or parochial schools, and in colleges, universities, or professional schools.",1,Socioeconomic Factors (C17468); Education Level (C17953),3
Effusion Indicator,C161422,Effusion Indicator (C161422),C119241,Respiratory System Findings,EFFIND,Nominal,An indication as to whether effusion is present.,1,Symptom Indicator (C119241); Effusion Indicator (C161422),2
Effusion Volume Measurement,C161424,Effusion Volume Measurement (C161424),C74720,Respiratory System Findings,Effusion Volume;EFFVOL,Quantitative,The amount of three dimensional space occupied by the effusion fluid.,1,Volume Measurement (C74720); Effusion Volume Measurement (C161424),3
Elapsed Time,C82572,Elapsed Time (C82572),,Time,,,The interval between two reference points in time.,0,Elapsed Time (C82572),0
Elapsed Time Since Last Menstrual Period,C191351,Elapsed Time Since Last Menstrual Period (C191351),C82572,Reproductive Findings,LMPELTM;Elapsed Time Since LMP,Temporal,The interval of time since the individual's last menstrual period.,1,Elapsed Time (C82572); Elapsed Time Since Last Menstrual Period (C191351),3
Elastance,C135493,Elastance (C135493),C38081,Respiratory System Findings;Pulmonary Function Test,ELSTNCE,Quantitative,"A measure of the resistance of a system to expand, i.e. the pressure change that is required to elicit a unit volume change in the lungs; elastance is the reciprocal of compliance.",1,Pulmonary Function Test (C38081); Elastance (C135493),3
Electrocardiogram Analysis,C181655,Electrocardiogram Analysis (C181655),C25391,Electrocardiogram Findings;Electrocardiogram Interpretation;ECG Findings;ECG Interpretation,ECG Analysis;EKG Analysis;Electrocardiogram Interpretation;ECG Interpretation;EKG Interpretation,Nominal,The examination and interpretation of electrocardiogram data.,1,Analysis (C25391); Electrocardiogram Analysis (C181655),7
Electrocardiogram Test,C83146,Electrocardiogram Test (C83146),,Test Names,EGTEST,,A character or string that represents the full name of the ECG assessment.,0,Electrocardiogram Test (C83146),0
Electrolyte Measurement,C74946,Electrolyte Measurement (C74946),C49237,Laboratory Tests,,Quantitative,A quantitative measurement of the amount of an electrolyte present in a sample.,1,Chemistry Test (C49237); Electrolyte Measurement (C74946),0
Eligibility Criteria Met By Subject,C132447,Eligibility Criteria Met By Subject (C132447),,Subject Disposition;Protocol Milestones,Eligibility Criteria Met,Nominal,An indication that the subject has fulfilled the criteria needed to continue to the next study period.,0,Eligibility Criteria Met By Subject (C132447),5
Employee Salary Type,C74566,Employee Salary Type (C74566),,Subject Characteristics,SALTYP;Employee Salary Type,Nominal,A coding scheme used to describe the possible methods of compensation in an occupation.,0,Employee Salary Type (C74566),3
Employer Based Health Insurance Indicator,C209683,Employer Based Health Insurance Indicator (C209683),C209446,Subject Characteristics,HIEMPIND;Employer Based Health Insurance Ind;Employer Based Health Insurance Indicator,Nominal,An indication as to whether the subject is covered by their own or a family member's employer-based health insurance.,2,Indicator (C25180); Health Insurance Indicator (C209446); Employer Based Health Insurance Indicator (C209683),3
Employment Status,C179143,Employment Status (C179143),C171086,Subject Characteristics,EMPSTAT;Employment Status,Nominal,The state of a person with regard to earning wages or salary.,1,Person Status (C171086); Employment Status (C179143),3
End Date,C68617,End Date (C68617),,Clinical Trial Attribute;Trial Summary;Date,ENDAT;Stop;Stopping Date,,The calendar date on which something is to terminate or did terminate.,0,End Date (C68617),0
Endocrine System Finding,C36285,Endocrine System Finding (C36285),,Endocrine Tests;Hormone Measurements,,,"Symptoms, physical examination results, and/or laboratory test results related to the endocrine system.",0,Endocrine System Finding (C36285),0
Energy Expenditure,C147491,Energy Expenditure (C147491),C19332,Vital Signs;Energy Expenditure,ENRGEXP,Quantitative,A measurement of the amount of energy used to carry out a physiological or physical function.,1,Personal Attribute (C19332); Energy Expenditure (C147491),3
Enrolled in Daycare Indicator,C198362,Enrolled in Daycare Indicator (C198362),C25180,Subject Characteristics,DAYCRIND;Day Care Indicator;Daycare Indicator;Enrolled in Daycare Indicator,Nominal,An indication as to whether the individual is enrolled at a daycare facility.,1,Indicator (C25180); Enrolled in Daycare Indicator (C198362),3
Entry Date from Country of Potential Disease Exposure,C102631,Entry Date from Country of Potential Disease Exposure (C102631),C25164,Subject Characteristics,CTRYDDTC;Entry Date from Country of Potential Disease Exposure;Entry Date from Ptntl Cntry Disease Exp,Temporal,The date on which the subject arrived in the reporting country from the country of potential disease exposure.,1,Date (C25164); Entry Date from Country of Potential Disease Exposure (C102631),3
Eosinophil Count,C64550,Eosinophil Count (C64550),C51948,Laboratory Tests;Hematology Tests;Blood Cell Counts;White Blood Cell Counts,Eosinophils,Quantitative,The determination of the number of eosinophils in a blood sample.,3,Hematology Test (C49286); Blood Cell Count (C28133); Leukocyte Count (C51948); Eosinophil Count (C64550),5
Epidemic or Pandemic Related Disruption Indicator,C171505,Epidemic or Pandemic Related Disruption Indicator (C171505),C25180,Trial Summary,EPDISIND;Epi/Pandemic Related Disruption Ind;Epidemic Related Disruption Indicator,Nominal,An indication as to whether the study disruption was caused by the epidemic or pandemic.,1,Indicator (C25180); Epidemic or Pandemic Related Disruption Indicator (C171505),6
Erythema Indicator,C154877,Erythema Indicator (C154877),C119241,Reproductive Findings;Clinical Findings Indicator;Indicator,ERYTHIND;Redness Indicator,Nominal,An indication as to whether erythema is present.,1,Symptom Indicator (C119241); Erythema Indicator (C154877),4
Erythrocyte Count,C51946,Erythrocyte Count (C51946),C28133,Laboratory Tests;Hematology Tests;Blood Cell Counts,RBC;Red Blood Cells,Quantitative,The determination of the number of erythrocytes in a biospecimen.,2,Hematology Test (C49286); Blood Cell Count (C28133); Erythrocyte Count (C51946),6
Erythrocyte Mean Corpuscular Hemoglobin,C64797,Erythrocyte Mean Corpuscular Hemoglobin (C64797),C49286,Laboratory Tests;Hematology Tests,RBC Mean Corpuscular Hemoglobin;MCH,Quantitative,"The mean cell hemoglobin (MCH), which is the average amount of hemoglobin in the average red cell. The MCH is a calculated value derived from the measurement of hemoglobin and the red cell count.",1,Hematology Test (C49286); Erythrocyte Mean Corpuscular Hemoglobin (C64797),5
Erythrocyte Mean Corpuscular Hemoglobin Concentration,C64798,Erythrocyte Mean Corpuscular Hemoglobin Concentration (C64798),C49286,Laboratory Tests;Hematology Tests,RBC Mean Corpuscular Hemoglobin Concentration;MCHC,Quantitative,"The mean cell hemoglobin concentration (MCHC), which is the average concentration of hemoglobin in a given volume of blood. The MCHC is a calculated value derived from the measurement of hemoglobin and the hematocrit.",1,Hematology Test (C49286); Erythrocyte Mean Corpuscular Hemoglobin Concentration (C64798),5
Erythrocyte Mean Corpuscular Volume,C64799,Erythrocyte Mean Corpuscular Volume (C64799),C49286,Laboratory Tests;Hematology Tests,RBC Mean Corpuscular Volume;MCV,Quantitative,The mean cell volume is the average volume of a red blood cell. This is a calculated value derived from the hematocrit and the red cell count.,1,Hematology Test (C49286); Erythrocyte Mean Corpuscular Volume (C64799),5
Estimated Body Weight,C132482,Estimated Body Weight (C132482),C81328,Vital Signs;Body Measurements,Estimated Weight;EWEIGHT,Quantitative,An approximate determination of the weight of a body.,2,Weight (C25208); Body Weight (C81328); Estimated Body Weight (C132482),3
Estimated Date of Conception,C120833,Estimated Date of Conception (C120833),,Reproductive Findings,EDCDTC,Temporal,An approximate calculated date at which the conception event took place.,0,Estimated Date of Conception (C120833),2
Estimated Gestational Age,C122188,Estimated Gestational Age (C122188),C25150,Subject Characteristics,EGESTAGE;Estimated Gestational Age,Quantitative,An approximate calculation of the gestational age of the fetus.,1,Age (C25150); Estimated Gestational Age (C122188),4
Estimated Next Menstrual Period Start Date,C158276,Estimated Next Menstrual Period Start Date (C158276),C68616,Reproductive Findings;Start Date,ENMPSDTC;Est Next Menstrual Period Start Date,Temporal,The approximate date of the first day of the next menstrual cycle.,1,Start Date (C68616); Estimated Next Menstrual Period Start Date (C158276),2
Estimation Method,C81307,Estimation Method (C81307),,Musculoskeletal Finding;Estimation Method,,,A description of the technique for the approximate calculation of a value.,0,Estimation Method (C81307),0
Estrogen Receptor Measurement,C112274,Estrogen Receptor Measurement (C112274),C64430,Laboratory Tests;Chemistry Tests;Protein or Enzyme Type Measurements;Endocrine Tests;Hormone Measurements,ESTRCPT;ESR;ER;Estrogen Receptor;Oestrogen Receptor,Nominal;Quantitative,The determination of the amount of estrogen receptor present in a sample.,1,Protein or Enzyme Type Measurement (C64430); Estrogen Receptor Measurement (C112274),6
Estrogen Receptor Positive,C15492,Estrogen Receptor Positive (C15492),C16150,Laboratory Tests;Chemistry Tests;Protein or Enzyme Type Measurements;Endocrine Tests;Hormone Measurements,ER Alpha Positive;ER Positive;ER-Alpha Positive;ER +;ERA Positive;Positive Estrogen Receptor;ERS1 Positive,Ordinal,An indication that estrogen receptor alpha expression has been detected in a sample.,3,Receptor Status (C94299); Hormone Receptor Status (C188928); Estrogen Receptor Status (C16150); Estrogen Receptor Positive (C15492),7
Estrogen Receptor Status,C16150,Estrogen Receptor Status (C16150),C188928,Laboratory Tests;Chemistry Tests;Protein or Enzyme Type Measurements;Endocrine Tests;Hormone Measurements,ER Alpha Status;ER Status;ERA Status;ESR Status;ESR1 Status;ESRA Status;Estrogen Receptor 1 Status;Estrogen Receptor Alpha Status;ESTRR Status;NR3A1 Status;Nuclear Receptor Subfamily 3 Group A Member 1 Status,Ordinal,"The estrogen receptor level measured in a primary tumor or in metastases.  There are essentially two distinct forms of breast cancer, one that tends to have an early onset and is characterized by an ER- status, and one that tends to have a late onset and is characterized by an ER+ status.  However, these two variants tend to overlap with respect to age, so it is possible for a young woman to have a ""late-onset"" form of breast cancer and for an older woman to have an ""early-onset"" variant of the disease.",2,Receptor Status (C94299); Hormone Receptor Status (C188928); Estrogen Receptor Status (C16150),7
Ethnic Group,C16564,Ethnic Group (C16564),,Demographic Data;Demographics;Ethnicity,Ethnicity;Ethnic Origin,Nominal,A social group characterized by a distinctive social and cultural tradition that is maintained from generation to generation. Members share a common history and origin and a sense of identification with the group. They have similar and distinctive features in their lifestyle habits and shared experiences. They often have a common genetic heritage which may be reflected in their experience of health and disease.,0,Ethnic Group (C16564),2
EudraCT Resubmission Indicator,C126060,EudraCT Resubmission Indicator (C126060),C25180,Trial Summary,EURSBIND,Nominal,An indication as to whether the trial being submitted to the EudraCT is a trial that has been previously submitted to the EudraCT system and withdrawn.,1,Indicator (C25180); EudraCT Resubmission Indicator (C126060),6
EudraVigilance Sender Identifier,C126061,EudraVigilance Sender Identifier (C126061),C25364,Trial Summary,EudraVigilance Sender ID;EVSNDID,Nominal,A unique identifier assigned to the organization that is transmitting an adverse drug reaction report to the EudraVigilance system.,1,Identifier (C25364); EudraVigilance Sender Identifier (C126061),3
EudraVigilance Sender Organization Name,C126090,EudraVigilance Sender Organization Name (C126090),C93874,Trial Summary,EVSNDORG,Nominal,The name of the group or institution that is transmitting an adverse drug reaction report to the EudraVigilance system.,1,Organization Name (C93874); EudraVigilance Sender Organization Name (C126090),4
European Quality of Life Five Dimension Five Level Scale Questionnaire,C102117,European Quality of Life Five Dimension Five Level Scale Questionnaire (C102117),C91105,QRS;Clinical or Research Assessment Questionnaire;European Quality of Life Five Dimension Five Level Scale Questionnaire;EQ-5D-5L;EQ5D02,EQ5D02;EQ-5D-5L;European Quality of Life Five Dimension Five Level Scale Questionnaire,,"A standardized rating scale which is used as a measure of health outcome. This instrument is a descriptive system consisting of 5 dimensions: mobility, self-care, usual activity, pain/discomfort, and anxiety/depression. Each dimension has 5 levels ranging from no problem to extreme problem or incapable, which are assessed by the patient.",1,Clinical or Research Assessment Questionnaire (C91105); European Quality of Life Five Dimension Five Level Scale Questionnaire (C102117),5
Event Occurrence Indicator,C82438,Event Occurrence Indicator (C82438),,Indicators,,,An indication of whether or not an event has taken place.,0,Event Occurrence Indicator (C82438),0
Evidence of Malignant Disease Description,C161312,Evidence of Malignant Disease Description (C161312),C25365,Respiratory System Findings,MALEVDES;Malignancy Evidence Description,Nominal;Narrative,A description of the basis for the determination that a malignancy is present.,1,Description (C25365); Evidence of Malignant Disease Description (C161312),2
Exclusion Criteria,C25370,Exclusion Criteria (C25370),C16112,Eligibility Criteria;Inclusion Exclusion Criteria,Exclusion,Ordinal,"Medical and/or social characteristics that prevent a subject from being allowed to participate in a clinical study, as outlined in the study protocol.",1,Clinical Trial Eligibility Criteria (C16112); Exclusion Criteria (C25370),5
Excretion Rate,C85534,Excretion Rate (C85534),,Laboratory Tests;Biological Clearance Rates;Clearance Rates;Excreation Rates,,,The speed relative to time that an exogenous compound is removed from a body system.,0,Excretion Rate (C85534),0
Expected Date of Confinement,C81247,Expected Date of Confinement (C81247),C25164,Subject Characteristics,Due Date;EDC;EDD;EDLVRDTC;Estimated Date of Confinement;Estimated Date of Delivery;Estimated Due Date;Expected Date of Confinement,Temporal,"The best estimated due date is determined by: last menstrual period (LMP) if confirmed by early ultrasound or no ultrasound performed, or early ultrasound if no known LMP or the ultrasound is not consistent with LMP, or known date of fertilization (e.g. Assisted Reproductive Technology (ART), Intrauterine Insemination (IUI)). Notes: 1. Ultrasound margin of error and ""early"" to be defined by SMFM/ACOG/NICHD workshop. 2. Pregnancy should not be re-dated by a later ultrasound after a best obstetrical estimate of EDD has been established. (adapted from reVITALize)",1,Date (C25164); Expected Date of Confinement (C81247),3
Expected Indicator,C93565,Expected Indicator (C93565),,Expected Indicator,,,"Specifies whether the entity, event or activity is considered probable or likely.",0,Expected Indicator (C93565),0
Expiration Relaxation Time,C120931,Expiration Relaxation Time (C120931),C38081,Respiratory System Findings;Pulmonary Function Test,EXPRELTM,Quantitative,The amount of time required to reach a specific tidal volume as measured from the start of exhalation.,1,Pulmonary Function Test (C38081); Expiration Relaxation Time (C120931),3
Expiratory Reserve Volume,C111200,Expiratory Reserve Volume (C111200),C38081,Respiratory System Findings;Pulmonary Function Test,ERV,Quantitative,The maximum volume of air a subject can exhale from the lungs after a tidal exhalation.,1,Pulmonary Function Test (C38081); Expiratory Reserve Volume (C111200),3
Expiratory Time,C120932,Expiratory Time (C120932),,Respiratory System Findings,Expiration Time;EXPTIME,,The recorded time interval between the initiation of exhalation and the time at which no further lung volume reduction occurs.,0,Expiratory Time (C120932),0
Expiratory Vital Capacity,C147484,Expiratory Vital Capacity (C147484),C38081,Respiratory System Findings;Pulmonary Function Test,EVC,Quantitative,The maximum volume of air an individual can exhale from the point of maximal inhalation.,1,Pulmonary Function Test (C38081); Expiratory Vital Capacity (C147484),3
Exploratory Outcome Measure,C98724,Exploratory Outcome Measure (C98724),C70705,Trial Summary,EXPLORATORY OUTCOME MEASURE;OUTMSEXP,Nominal,Exploratory measures that are used to evaluate and/or form hypotheses about the intervention outcome(s).,1,Component of Study Protocol (C70705); Exploratory Outcome Measure (C98724),3
Exposure Yes No Indicator,C87885,Exposure Yes No Indicator (C87885),C25180,Event Occurrence Indicators;Exposure,EXYN,Nominal,An indication of whether an exposure occurrence has taken place.,1,Indicator (C25180); Exposure Yes No Indicator (C87885),2
Exposure as Collected Domain,C117466,Exposure as Collected Domain (C117466),,Exposure as Collected,EC;Exposure as Collected,Nominal,"This interventions domain model reflects protocol-specified study treatment administrations, as collected.",0,Exposure as Collected Domain (C117466),14
Expression Positive,C177692,Expression Positive (C177692),,Laboratory Tests;Immunology Tests;Genetic Testing;Gene Expression Analysis;Gene Products;Genetic Variation;Genetic Variation Analysis,,Ordinal,"An indication that the expression of a gene, transcript or protein has been detected in a sample.",0,Expression Positive (C177692),7
Extension Trial Indicator,C139274,Extension Trial Indicator (C139274),C25180,Trial Summary,EXTTIND,Nominal,An indication as to whether the clinical trial is an extension trial.,1,Indicator (C25180); Extension Trial Indicator (C139274),6
Extracellular Water Measurement,C191364,Extracellular Water Measurement (C191364),C49237,Vital Signs;Body Water Measurement,ECW;Extracellular Body Water;Extracellular Water,Quantitative,A measurement of the quantity of water in the extracellular compartments within the body.,1,Chemistry Test (C49237); Extracellular Water Measurement (C191364),3
Extracellular Water to Total Body Water Ratio Measurement,C191363,Extracellular Water to Total Body Water Ratio Measurement (C191363),C49237,Vital Signs;Body Water Measurement,ECW/TBW;ECWTBW;Extracellular Water/Total Body Water,Quantitative,The determination of the ratio of extracellular water to total body water present in a sample. The measurement may be expressed as a ratio or percentage.,1,Chemistry Test (C49237); Extracellular Water to Total Body Water Ratio Measurement (C191363),3
FDA Technical Specification Name and Version,C156603,FDA Technical Specification Name and Version (C156603),C156472,Trial Summary,FDA Technical Specification;FDATCHSP,Nominal,The name and version of the FDA technical specification that is being used in the study submission.,1,Name and Version (C156472); FDA Technical Specification Name and Version (C156603),6
FDA-Regulated Device Study Indicator,C123629,FDA-Regulated Device Study Indicator (C123629),C25180,Trial Summary,FDADEIND,Nominal,An indication as to whether the study involves an FDA-regulated device.,1,Indicator (C25180); FDA-Regulated Device Study Indicator (C123629),6
FDA-Regulated Drug Study Indicator,C123630,FDA-Regulated Drug Study Indicator (C123630),C25180,Trial Summary,FDADRIND,Nominal,An indication as to whether the study involves an FDA-regulated drug.,1,Indicator (C25180); FDA-Regulated Drug Study Indicator (C123630),6
Factor III Measurement,C81959,Factor III Measurement (C81959),,Laboratory Tests;Chemistry Tests;Hematology Tests;Coagulation Study;Blood Protein Measurements,Factor III;FACTIII;Soluble CD142;Tissue Factor CD142,,The determination of the amount of factor III present in a sample.,0,Factor III Measurement (C81959),0
Failure To Meet Continuation Criteria [RETIRED],C139236,Failure To Meet Continuation Criteria [RETIRED] (C139236),,Subject Disposition,,,An indication that the subject has not been able to meet protocol-defined continuation criteria and will not continue to participate in the clinical trial. [RETIRED],0,Failure To Meet Continuation Criteria [RETIRED] (C139236),0
Failure to Meet Randomization Criteria [RETIRED],C105448,Failure to Meet Randomization Criteria [RETIRED] (C105448),,Subject Disposition,,,An indication that the subject has been unable to fulfill the criteria required for assignment into a randomized group. [RETIRED],0,Failure to Meet Randomization Criteria [RETIRED] (C105448),0
Fanconi Anemia Complementation Group Gene Mutation,C159204,Fanconi Anemia Complementation Group Gene Mutation (C159204),,Genetic Testing;Gene Expression Analysis;Molecular Analysis;Molecular Genetic Variation;Gene Abnormality,BRCA2 and FANC Gene Mutations;Fanconi Anemia Group Gene Mutation,,A change in the nucleotide sequence for a gene that is a member of the Fanconi anemia complementation group.,0,Fanconi Anemia Complementation Group Gene Mutation (C159204),0
Fat Mass,C158256,Fat Mass (C158256),C171083,Musculoskeletal Finding;Characteristic,FATMASS,Quantitative,The weight of the body fat associated with either a particular body part or the whole body.,2,Characteristic (C25447); Organism Characteristic (C171083); Fat Mass (C158256),6
Fat Measurement,C96648,Fat Measurement (C96648),,Findings;Clinical Test Result,,,The determination of the amount of fat present in a sample.,0,Fat Measurement (C96648),0
Female Reproductive System Finding,C117720,Female Reproductive System Finding (C117720),,Reproductive Findings,,,"Symptoms, physical examination results, and/or laboratory test results related to the female reproductive system.",0,Female Reproductive System Finding (C117720),0
Ferritin Measurement,C74737,Ferritin Measurement (C74737),C49237,Laboratory Tests;Chemistry Tests;Protein or Enzyme Measurements,Ferritin,Quantitative;Nominal,The determination of the amount of ferritin present in a sample.,1,Chemistry Test (C49237); Ferritin Measurement (C74737),5
Fertility Status,C186214,Fertility Status (C186214),C16669,Subject Characteristics,FRTLSTAT;Fertility Status,Nominal,The status of an individual with respect to their ability to produce offspring.,1,Health Status (C16669); Fertility Status (C186214),3
Fetal Body Weight,C124479,Fetal Body Weight (C124479),C81328,Vital Signs;Body Measurements;Fetal Body Measurements,BWFETAL,,An estimate or direct measurement of the heaviness of a fetus.,2,Weight (C25208); Body Weight (C81328); Fetal Body Weight (C124479),0
Fetal Estimated Weight,C174372,Fetal Estimated Weight (C174372),C124479,Vital Signs;Body Measurements;Fetal Body Measurements,FTEWT,Quantitative,An approximate determination of the weight of the fetus.,3,Weight (C25208); Body Weight (C81328); Fetal Body Weight (C124479); Fetal Estimated Weight (C174372),3
Fetal Head Circumference,C158297,Fetal Head Circumference (C158297),C81255,Vital Signs;Body Measurements;Fetal Body Measurements,FTHDCIRC,Quantitative,A circumferential measurement of the fetal head at the widest point.,2,Anatomical Circumference (C172255); Head Circumference (C81255); Fetal Head Circumference (C158297),3
Fetal Heart Finding,C92715,Fetal Heart Finding (C92715),C35552,Vital Signs;Heart Findings;Fetal Heart Findings,,,An observation of the fetal heart that may or may not be abnormal.,1,Cardiovascular System Finding (C35552); Fetal Heart Finding (C92715),0
Fetal Heart Rate,C92716,Fetal Heart Rate (C92716),C92715,Vital Signs;Heart Findings;Fetal Heart Findings,Fetal HR;FTHR,Quantitative,The number of fetal cardiac beats per minute.,2,Cardiovascular System Finding (C35552); Fetal Heart Finding (C92715); Fetal Heart Rate (C92716),3
Fetal Mandibular Length,C174375,Fetal Mandibular Length (C174375),C174233,Vital Signs;Body Measurements;Fetal Body Measurements,FTMANDL,Quantitative,A measurement of the length of the fetal mandible.,1,Mandibular Length (C174233); Fetal Mandibular Length (C174375),3
Fetal Sagittal Abdominal Diameter,C174373,Fetal Sagittal Abdominal Diameter (C174373),C87054,Vital Signs;Body Measurements;Fetal Body Measurements,Fetal SAD;FTSAD,Quantitative,A measurement of the sagittal abdominal diameter of the fetus.,2,Diameter (C25285); Sagittal Abdominal Diameter (C87054); Fetal Sagittal Abdominal Diameter (C174373),3
Fetal Size-for-Gestational Age Category,C214762,Fetal Size-for-Gestational Age Category (C214762),C119797,Vital Signs;Body Measurements;Fetal Body Measurements,FTSZGAC,Ordinal,"An assessed relationship of the fetal size and gestational age to that of a reference population, expressed as a category.",1,Clinical Observations Category (C119797); Fetal Size-for-Gestational Age Category (C214762),2
Fetal Weight-for-Gestational Age Percentile,C174374,Fetal Weight-for-Gestational Age Percentile (C174374),C163569,Vital Signs;Body Measurements;Fetal Body Measurements,Fetal Weight-for-Gest Age Percentile;FTWTGAPL,Quantitative,"An assessed relationship of the fetus' weight and gestational age to that of a reference population, expressed as a percentile.",1,Weight-for-Age Percentile (C163569); Fetal Weight-for-Gestational Age Percentile (C174374),2
Finding by Cause,C36291,Finding by Cause (C36291),,Findings;Respiratory System Findings,,,A term that refers to the classification of a clinical or laboratory finding according to the underlying factors.,0,Finding by Cause (C36291),0
First Menstrual Period Start Date,C198357,First Menstrual Period Start Date (C198357),C68616,Reproductive Findings;Start Date,FMPSTDTC,Temporal,The date of the first day of the first menstrual cycle.,1,Start Date (C68616); First Menstrual Period Start Date (C198357),2
First Ventilatory Threshold,C202446,First Ventilatory Threshold (C202446),C123909,Respiratory System Findings,Ventilatory Threshold 1;VT1,Quantitative,The point during activity or exercise at which ventilation begins to increase at a faster rate than oxygen consumption. This threshold is characterized by aerobic metabolism.,1,Ventilatory Threshold (C123909); First Ventilatory Threshold (C202446),3
Fitzpatrick Classification Scale,C74563,Fitzpatrick Classification Scale (C74563),C74562,Subject Characteristics,SKINCLAS;Fitzpatrick Classification Scale;Fitzpatrick Skin Classification;Fitzpatrick Skin Phototype;Fitzpatrick Skin Type System;Skin Classification,Ordinal,"A classification system used by dermatologists to determine a person's risk for sunburn. The classification is based on the skin complexion and the degree of tolerance to sun exposure and it relates to the amount of melanin pigment in the skin. It was developed by Dr. Thomas Fitzpatrick in 1975 to determine patient's skin reaction to laser and light therapy treatments. According to this system, there are six skin varieties classified from I to VI.",1,Skin Classification Scheme (C74562); Fitzpatrick Classification Scale (C74563),3
Flow Rate,C82554,Flow Rate (C82554),,Findings;Clinical Test Result;Respiratory System Findings,flowRate;FLRT,,The speed of movement of a liquid.,0,Flow Rate (C82554),0
Folic Acid Measurement,C74676,Folic Acid Measurement (C74676),C74803,Laboratory Tests;Chemistry Tests;Vitamin Measurements,Folate;Folic Acid;Vitamin B9;VITB9,Quantitative;Ordinal,The determination of the amount of folic acid present in a sample.,2,Chemistry Test (C49237); Vitamin Measurement (C74803); Folic Acid Measurement (C74676),5
Fontanelle Closure Indicator,C154909,Fontanelle Closure Indicator (C154909),C181043,Musculoskeletal Finding;Clinical Findings Indicator,FOCLOIND,Nominal,An indication as to whether the fontanelle is closed.,1,Clinical Findings Indicator (C181043); Fontanelle Closure Indicator (C154909),4
Forced Expiratory Flow at 25-75 Percent,C119545,Forced Expiratory Flow at 25-75 Percent (C119545),C38081,Respiratory System Findings;Pulmonary Function Test,FEF2575;Forced Expiratory Flow 25-75%,Quantitative,The mean forced expiratory flow rate at 25-75% of the forced vital capacity.,1,Pulmonary Function Test (C38081); Forced Expiratory Flow at 25-75 Percent (C119545),3
Forced Expiratory Flow at 50 Percent Forced Vital Capacity,C139253,Forced Expiratory Flow at 50 Percent Forced Vital Capacity (C139253),C38081,Respiratory System Findings;Pulmonary Function Test,FEF50;Forced Expiratory Flow 50%,Quantitative,The mean forced expiratory flow rate at 50% of the forced vital capacity.,1,Pulmonary Function Test (C38081); Forced Expiratory Flow at 50 Percent Forced Vital Capacity (C139253),3
Forced Expiratory Flow in 0.05 Second,C139250,Forced Expiratory Flow in 0.05 Second (C139250),C38081,Respiratory System Findings;Pulmonary Function Test,FEF_05;FEF 0.05s,Quantitative,The forced expiratory flow rate during the first 0.05 seconds of a forced exhalation.,1,Pulmonary Function Test (C38081); Forced Expiratory Flow in 0.05 Second (C139250),3
Forced Expiratory Flow in 0.1 Second,C139251,Forced Expiratory Flow in 0.1 Second (C139251),C38081,Respiratory System Findings;Pulmonary Function Test,FEF_1;FEF 0.1s,Quantitative,The forced expiratory flow rate during the first 0.1 seconds of a forced exhalation.,1,Pulmonary Function Test (C38081); Forced Expiratory Flow in 0.1 Second (C139251),3
Forced Expiratory Flow in 0.2 Second,C139252,Forced Expiratory Flow in 0.2 Second (C139252),C38081,Respiratory System Findings;Pulmonary Function Test,FEF_2;FEF 0.2s,Quantitative,The forced expiratory flow rate during the first 0.2 seconds of a forced exhalation.,1,Pulmonary Function Test (C38081); Forced Expiratory Flow in 0.2 Second (C139252),3
Forced Expiratory Time,C201471,Forced Expiratory Time (C201471),C120932,Respiratory System Findings,FET,Quantitative,The time taken to fully expirate air from the lungs.,1,Expiratory Time (C120932); Forced Expiratory Time (C201471),3
Forced Expiratory Volume,C120933,Forced Expiratory Volume (C120933),,Respiratory System Findings,FEV,,The volume of gas an individual can forcible exhale from the lungs in one breath.,0,Forced Expiratory Volume (C120933),0
Forced Expiratory Volume at Peak Expiratory Flow,C139249,Forced Expiratory Volume at Peak Expiratory Flow (C139249),C38081,Respiratory System Findings;Pulmonary Function Test,FEV at PEF;FEV_PEF,Quantitative,The volume of gas that is forcibly exhaled at the peak of expiratory flow.,1,Pulmonary Function Test (C38081); Forced Expiratory Volume at Peak Expiratory Flow (C139249),3
Forced Expiratory Volume in 0.05 Second,C139246,Forced Expiratory Volume in 0.05 Second (C139246),C38081,Respiratory System Findings;Pulmonary Function Test,FEV_05;FEV 0.05s,Quantitative,The volume of air that can be forcibly exhaled during the first 0.05 second following maximal inhalation.,1,Pulmonary Function Test (C38081); Forced Expiratory Volume in 0.05 Second (C139246),3
Forced Expiratory Volume in 0.05 Second to FVC Ratio Measurement,C139243,Forced Expiratory Volume in 0.05 Second to FVC Ratio Measurement (C139243),C38081,Respiratory System Findings;Pulmonary Function Test,EV_05FVC;Forced Expiratory Volume in 0.05 S/FVC;Forced Expiratory Volume in 0.05 Seconds over FVC,Quantitative,The ratio of the volume of gas that is forcibly exhaled during the first 0.05 seconds following maximal inhalation to that of the forced vital capacity.,1,Pulmonary Function Test (C38081); Forced Expiratory Volume in 0.05 Second to FVC Ratio Measurement (C139243),3
Forced Expiratory Volume in 0.1 Second,C139247,Forced Expiratory Volume in 0.1 Second (C139247),C38081,Respiratory System Findings;Pulmonary Function Test,FEV_1;FEV 0.1s,Quantitative,The volume of air that can be forcibly exhaled during the first 0.1 second following maximal inhalation.,1,Pulmonary Function Test (C38081); Forced Expiratory Volume in 0.1 Second (C139247),3
Forced Expiratory Volume in 0.1 Second to FVC Ratio Measurement,C139244,Forced Expiratory Volume in 0.1 Second to FVC Ratio Measurement (C139244),C38081,Respiratory System Findings;Pulmonary Function Test,EV_1FVC;Forced Expiratory Volume in 0.1 S/FVC;Forced Expiratory Volume in 0.1 Seconds over FVC,Quantitative,The ratio of the volume of gas that is forcibly exhaled during the first 0.1 seconds following maximal inhalation to that of the forced vital capacity.,1,Pulmonary Function Test (C38081); Forced Expiratory Volume in 0.1 Second to FVC Ratio Measurement (C139244),3
Forced Expiratory Volume in 0.2 Second,C139248,Forced Expiratory Volume in 0.2 Second (C139248),C38081,Respiratory System Findings;Pulmonary Function Test,FEV_2;FEV 0.2s,Quantitative,The volume of air that can be forcibly exhaled during the first 0.2 second following maximal inhalation.,1,Pulmonary Function Test (C38081); Forced Expiratory Volume in 0.2 Second (C139248),3
Forced Expiratory Volume in 0.2 Second to FVC Ratio Measurement,C139245,Forced Expiratory Volume in 0.2 Second to FVC Ratio Measurement (C139245),C38081,Respiratory System Findings;Pulmonary Function Test,EV_2FVC;Forced Expiratory Volume in 0.2 S/FVC;Forced Expiratory Volume in 0.2 Seconds over FVC,Quantitative,The ratio of the volume of gas that is forcibly exhaled during the first 0.2 seconds following maximal inhalation to that of the forced vital capacity.,1,Pulmonary Function Test (C38081); Forced Expiratory Volume in 0.2 Second to FVC Ratio Measurement (C139245),3
Forced Expiratory Volume in 0.5 Second,C139262,Forced Expiratory Volume in 0.5 Second (C139262),C38081,Respiratory System Findings;Pulmonary Function Test,FEV_5;FEV 0.5s,Quantitative,The volume of air that can be forcibly exhaled during the first half second following maximal inhalation.,1,Pulmonary Function Test (C38081); Forced Expiratory Volume in 0.5 Second (C139262),3
Forced Expiratory Volume in 0.75 Second,C174362,Forced Expiratory Volume in 0.75 Second (C174362),C120933,Respiratory System Findings,FEV_75;FEV 0.75s,Quantitative,The volume of air that can be forcibly exhaled during the first 3/4 second following maximal inhalation.,1,Forced Expiratory Volume (C120933); Forced Expiratory Volume in 0.75 Second (C174362),3
Forced Expiratory Volume in 1 Second,C38084,Forced Expiratory Volume in 1 Second (C38084),C38081,Respiratory System Findings;Pulmonary Function Test,FEV1;FEV1%VC;Forced Expiratory Volume 1 Test;PFT/FEV1;Pulmonary Function Test/Forced Expiratory Volume 1,Quantitative,"A test of lung function, the FEV1 is the volume exhaled during the first second of a forced expiratory maneuver started from the level of total lung capacity. It is the most frequently used index for assessing bronchoconstriction or bronchodilatation.",1,Pulmonary Function Test (C38081); Forced Expiratory Volume in 1 Second (C38084),3
Forced Expiratory Volume in 1 Second Reversibility,C112285,Forced Expiratory Volume in 1 Second Reversibility (C112285),C38081,Respiratory System Findings;Pulmonary Function Test,FEV1 Reversibility;FEV1REV,Quantitative,The change in FEV1 following administration of a bronchodilator relative to the pre-treatment FEV1 value. (CDISC),1,Pulmonary Function Test (C38081); Forced Expiratory Volume in 1 Second Reversibility (C112285),2
Forced Expiratory Volume in 1 Second to Forced Vital Capacity Ratio Measurement,C111359,Forced Expiratory Volume in 1 Second to Forced Vital Capacity Ratio Measurement (C111359),C38081,Respiratory System Findings;Pulmonary Function Test,FEV1/FVC;FEV1FVC,Quantitative,The proportion of total forced vital capacity that is expelled during the first second of a forced exhalation.,1,Pulmonary Function Test (C38081); Forced Expiratory Volume in 1 Second to Forced Vital Capacity Ratio Measurement (C111359),3
Forced Expiratory Volume in 1 Second to Forced Vital Capacity in 6 Seconds,C123565,Forced Expiratory Volume in 1 Second to Forced Vital Capacity in 6 Seconds (C123565),C38081,Respiratory System Findings;Pulmonary Function Test,FEV1/FVC6;FEV1FVC6,Quantitative,A calculated ratio of the forced expiratory volume in one second to the largest observed expired volume during the first six seconds of a forced vital capacity (FVC) maneuver.,1,Pulmonary Function Test (C38081); Forced Expiratory Volume in 1 Second to Forced Vital Capacity in 6 Seconds (C123565),3
Forced Expiratory Volume in 1 Second to Slow Vital Capacity Ratio Measurement,C170626,Forced Expiratory Volume in 1 Second to Slow Vital Capacity Ratio Measurement (C170626),C38081,Respiratory System Findings;Pulmonary Function Test,FEV1/SVC;FEV1SVC,Quantitative,A relative measurement (ratio or percentage) of the forced expiratory volume during the first second of exhalation to the largest observed expired volume during a slow vital capacity maneuver.,1,Pulmonary Function Test (C38081); Forced Expiratory Volume in 1 Second to Slow Vital Capacity Ratio Measurement (C170626),3
Forced Expiratory Volume in 3 Seconds,C132453,Forced Expiratory Volume in 3 Seconds (C132453),C38081,Respiratory System Findings;Pulmonary Function Test,FEV3,Quantitative,The volume exhaled during the first three seconds of a forced expiratory maneuver that is started from the level of total lung capacity.,1,Pulmonary Function Test (C38081); Forced Expiratory Volume in 3 Seconds (C132453),3
Forced Expiratory Volume in 3 Seconds to Forced Vital Capacity Ratio Measurement,C170625,Forced Expiratory Volume in 3 Seconds to Forced Vital Capacity Ratio Measurement (C170625),C38081,Respiratory System Findings;Pulmonary Function Test,FEV3/FVC;FEV3FVC,Quantitative,A relative measurement (ratio or percentage) of the forced expiratory volume during the first three seconds of exhalation to the largest observed expired volume during a forced vital capacity maneuver.,1,Pulmonary Function Test (C38081); Forced Expiratory Volume in 3 Seconds to Forced Vital Capacity Ratio Measurement (C170625),3
Forced Expiratory Volume in 6 Seconds,C47843,Forced Expiratory Volume in 6 Seconds (C47843),C38081,Respiratory System Findings;Pulmonary Function Test,FEV6;Forced Expiratory Volume 6;Forced Expiratory Volume 6 Test,Quantitative,"A test of lung function, the FEV6 is the volume exhaled during six seconds of a forced expiratory maneuver started from the level of total lung capacity.",1,Pulmonary Function Test (C38081); Forced Expiratory Volume in 6 Seconds (C47843),3
Forced Inspiratory Flow at 25%,C124418,Forced Inspiratory Flow at 25% (C124418),C38081,Respiratory System Findings;Pulmonary Function Test,FIF25,Quantitative,The forced inspiratory flow rate at the point on the inspiratory flow-volume curve where 25 percent of the total volume of gas has been inhaled.,1,Pulmonary Function Test (C38081); Forced Inspiratory Flow at 25% (C124418),3
Forced Inspiratory Flow at 50%,C124419,Forced Inspiratory Flow at 50% (C124419),C38081,Respiratory System Findings;Pulmonary Function Test,FIF50,Quantitative,The forced inspiratory flow rate at the point on the inspiratory flow-volume curve where 50 percent of the total volume of gas has been inhaled.,1,Pulmonary Function Test (C38081); Forced Inspiratory Flow at 50% (C124419),3
Forced Inspiratory Flow at 75%,C124420,Forced Inspiratory Flow at 75% (C124420),C38081,Respiratory System Findings;Pulmonary Function Test,FIF75,Quantitative,The forced inspiratory flow rate at the point on the inspiratory flow-volume curve where 75 percent of the total volume of gas has been inhaled.,1,Pulmonary Function Test (C38081); Forced Inspiratory Flow at 75% (C124420),3
Forced Inspiratory Vital Capacity,C139263,Forced Inspiratory Vital Capacity (C139263),C38081,Respiratory System Findings;Pulmonary Function Test,FIVC,Quantitative,The difference in lung volume between maximal expiration to residual volume followed immediately by full inspiration to total lung capacity during forceful inhalation.,1,Pulmonary Function Test (C38081); Forced Inspiratory Vital Capacity (C139263),3
Forced Inspiratory Volume in 1 Second,C111360,Forced Inspiratory Volume in 1 Second (C111360),C38081,Respiratory System Findings;Pulmonary Function Test,FIV1,Quantitative,The volume of air that a subject can breathe in during the first second of inhalation after maximum exhalation.,1,Pulmonary Function Test (C38081); Forced Inspiratory Volume in 1 Second (C111360),3
Forced Vital Capacity,C111361,Forced Vital Capacity (C111361),C38081,Respiratory System Findings;Pulmonary Function Test,FVC,Quantitative,The maximum volume of air that can be exhaled after forced maximum inhalation.,1,Pulmonary Function Test (C38081); Forced Vital Capacity (C111361),3
Forced Vital Capacity in 6 Seconds,C124421,Forced Vital Capacity in 6 Seconds (C124421),C38081,Respiratory System Findings;Pulmonary Function Test,FVC6,Quantitative,The volume of gas a subject can forcefully exhale during the first six seconds following maximum inhalation.,1,Pulmonary Function Test (C38081); Forced Vital Capacity in 6 Seconds (C124421),3
Forearm Circumference,C100946,Forearm Circumference (C100946),C172255,Vital Signs;Body Measurements,FARMCIR,Quantitative,A circumferential measurement of the largest part of the forearm.,1,Anatomical Circumference (C172255); Forearm Circumference (C100946),3
Fraction of Inspired Oxygen,C38082,Fraction of Inspired Oxygen (C38082),C38081,Respiratory System Findings;Pulmonary Function Test;Vital Signs,Maximum fraction of inspired oxygen (FiO2);Inhaled oxygen concentration;FIO2;FiO2,Quantitative,The molar fraction of oxygen in an inhaled gas.,1,Pulmonary Function Test (C38081); Fraction of Inspired Oxygen (C38082),3
Free Thyroxine Index,C170598,Free Thyroxine Index (C170598),C74786,Laboratory Tests;Chemistry Tests;Endocrine Tests;Hormone Measurements,T4FRIDX,Quantitative,"A measurement of the thyroid status (function, disease diagnosis, or therapy effectiveness) in a biological specimen. This is calculated by a mathematical formula that takes into account the total thyroxine and unbound thyroxine binding globulins.",2,Hormone Measurement (C74742); Free Thyroxine Measurement (C74786); Free Thyroxine Index (C170598),4
Free Thyroxine Measurement,C74786,Free Thyroxine Measurement (C74786),C74742,Laboratory Tests;Chemistry Tests;Endocrine Tests;Hormone Measurements,Free T4;T4FR,Quantitative,The determination of the amount of free thyroxine present in a sample.,1,Hormone Measurement (C74742); Free Thyroxine Measurement (C74786),5
Full-Time Student Indicator,C209682,Full-Time Student Indicator (C209682),C147485,Subject Characteristics,FTSTUIND;Full-Time Student Indicator,Nominal,An indication as to whether the subject is a full-time student.,2,Indicator (C25180); Student Indicator (C147485); Full-Time Student Indicator (C209682),3
Functional Assessment,C81250,Functional Assessment (C81250),,Research or Clinical Assessment Tools,FT,,An appraisal of the operation and performance of an object of interest.,0,Functional Assessment (C81250),0
Functional Residual Capacity,C89800,Functional Residual Capacity (C89800),C38081,Respiratory System Findings;Pulmonary Function Test,FRC,Quantitative,The volume of air remaining in the lungs after a normal exhalation.,1,Pulmonary Function Test (C38081); Functional Residual Capacity (C89800),3
Fundal Height,C154876,Fundal Height (C154876),C25347,Reproductive Findings;Height,FUNDHT,Quantitative,A measurement of the distance between the pubic symphysis and the top of the palpable uterus.,1,Height (C25347); Fundal Height (C154876),3
GPS Coordinates of Potential Disease Exposure,C174365,GPS Coordinates of Potential Disease Exposure (C174365),,Subject Characteristics,GPSDEXP;GPS Coord of Potential Disease Exposure;GPS Coordinates of Potential Disease Exposure,Quantitative,The global position system (GPS) coordinates for the location at which the an individual was potentially exposed to a disease.,0,GPS Coordinates of Potential Disease Exposure (C174365),3
Gamma Glutamyl Transpeptidase Measurement,C64847,Gamma Glutamyl Transpeptidase Measurement (C64847),C74954,Laboratory Tests;Chemistry Tests;Liver Function Tests;Protein or Enzyme Type Measurements;Drug-Induced Liver Injury;DILI,Gamma Glutamyl Transferase;GGT;GGTP,Quantitative,A quantitative measurement of the amount of gamma glutamyl transpeptidase present in a sample.,2,Chemistry Test (C49237); Liver Function Test (C74954); Gamma Glutamyl Transpeptidase Measurement (C64847),5
Gas Measurement,C82624,Gas Measurement (C82624),C49237,Laboratory Tests;Chemistry Tests;Gas Measurements;Respiratory System Findings,Gas,,A measurement of the gas in a sample.,1,Chemistry Test (C49237); Gas Measurement (C82624),0
Gender Identity,C158277,Gender Identity (C158277),,Subject Characteristics,GENIDENT;Gender Identity,Nominal,"A person's internally held sense of their gender, which may or may not correspond to the individual's genotypic or phenotypic sex. IMPORTANT NOTICE: The NCI Thesaurus contains biomedical terminologies that NCI does not own or control. This concept contains gender-related content that does not comply with Executive Order 14168.",0,Gender Identity (C158277),3
Gene Expression Analysis,C63479,Gene Expression Analysis (C63479),,Genomic Findings;Gene Expression Analysis,,,"Procedures that examine how genes are transcribed to produce functional products. These analyses can include the study of factors that influence gene transcription or the determination of the presence, absence or level of expression for one more genes.",0,Gene Expression Analysis (C63479),0
Gene Expression Process,C21049,Gene Expression Process (C21049),,Biochemical Process,Gene Expression,,"Any subcellular or molecular event or process specifically, primarily, and directly designed for and involved in the production of mature functional biomolecular products encoded by a gene.",0,Gene Expression Process (C21049),0
Gene Signature Assessment,C181333,Gene Signature Assessment (C181333),C63479,Genomic Findings;Gene Expression Analysis,GENESIG;Gene Expression Profile;Gene Expression Signature,Quantitative;Ordinal,An assessment of the unique pattern of gene expression of one to many genes associated with a normal or abnormal biological process.,1,Gene Expression Analysis (C63479); Gene Signature Assessment (C181333),17
Genetic Testing,C15709,Genetic Testing (C15709),C19770,Molecular Analysis;Genetic Variation Analysis;Gene Expression Analysis;Oncology Standards,Genetic Analysis;Genetic Examination,Narrative;Ordinal;Nominal,The process of isolating and testing the DNA of an embryo or a person to detect the presence of genetic alterations or defects that may predispose to the future development of a disease or disorder.,1,Molecular Analysis (C19770); Genetic Testing (C15709),6
Genetic Variation,C17248,Genetic Variation (C17248),,Genomics Findings;Genetic Variation,Genetic Diversity;Sequence Variant;Sequence Variation;Variant Classification,,"Genetic Variation consists of deviation(s) in the nucleotide sequence of the genetic material of an individual from that typical of the group to which the individual belongs, or deviation(s) in the nucleotide sequence of the genetic material of offspring from that of its parents.",0,Genetic Variation (C17248),0
Genetic Variation Analysis,C18302,Genetic Variation Analysis (C18302),,Genomics Findings;Genetic Variation Analysis;Oncology Standards;Genetic Testing;Gene Expression Analysis;Molecular Analysis;Laboratory Procedures,Mutation Analysis,,The identification of genetic variation in a biological sample.,0,Genetic Variation Analysis (C18302),0
Genomic Profile,C94411,Genomic Profile (C94411),C19770,Genetic Testing;Gene Expression Analysis;Genetic Variation;Genetic Variation Analysis,Genomic Profiling;Genomic Test;Genomic Testing,Narrative,"An analysis of all the genes in an organism or cell type; this includes assays that identify variants, examine gene expression and determine the interactions of genes with each other and with the environment.",1,Molecular Analysis (C19770); Genomic Profile (C94411),6
Geographic Area,C16632,Geographic Area (C16632),,Clinical Trial Attribute;Trial Summary,Geographic Region;Area;Geographic Location;Region,,Any demarcated area of the Earth; may be determined by both natural and human boundaries.,0,Geographic Area (C16632),0
Gestational Age at Birth,C124435,Gestational Age at Birth (C124435),,Subject Characteristics,GSTABRTH;Gestational Age at Birth;weeks gestation at birth;weeks_gestation_at_birth,Quantitative,The gestational age of the subject at birth.,0,Gestational Age at Birth (C124435),4
Glucose Measurement,C105585,Glucose Measurement (C105585),C49237,Laboratory Tests;Chemistry Tests,Glucose,Quantitative;Ordinal,The determination of the amount of glucose present in a sample.,1,Chemistry Test (C49237); Glucose Measurement (C105585),7
Grade,C48309,Grade (C48309),,Grade,,,A position on a scale of intensity or amount or quality.,0,Grade (C48309),0
Graft Status,C135522,Graft Status (C135522),C135508,Findings;Clinical Test Result;Renal Function Tests;Urinary System Findings;Organ Transplant Status,Graft Status;GRFTSTAT,Nominal,The condition of the donated organ or tissue.,1,Organ State (C135508); Graft Status (C135522),5
Gram Negative Bacteria Measurement,C154812,Gram Negative Bacteria Measurement (C154812),C49188,Laboratory Tests;Microbiology Tests,,,The determination of the gram-negative bacteria present in a sample.,1,Microbiology Test (C49188); Gram Negative Bacteria Measurement (C154812),0
Gravida,C73435,Gravida (C73435),C19332,Reproductive Findings,GRAVIND;PREGNANT;Gravida Indicator,Nominal,"A woman who currently is pregnant or has been in the past, irrespective of the pregnancy outcome.",1,Personal Attribute (C19332); Gravida (C73435),2
Greulich and Pyle Bone Age Estimation,C181502,Greulich and Pyle Bone Age Estimation (C181502),C81307,Musculoskeletal Finding;Estimation Method,GPBAEST;Greulich and Pyle Skeletal Maturity Estimation,Quantitative,"An estimated assessment of an individual's skeletal maturity (bone age) based on comparison of standard radiographic images of the bones of the hand and wrist. (Greulich WW, Pyle SI. Radiographic atlas of skeletal development of the hand and wrist. The American Journal of the Medical Sciences. 1959;238(3):393.)",1,Estimation Method (C81307); Greulich and Pyle Bone Age Estimation (C181502),6
Grip Strength,C139210,Grip Strength (C139210),C87802,Musculoskeletal Finding;Physical Strength,GRIPSTR,Quantitative,An assessment of hand muscle strength that measures that force with which one holds or grasps.,1,Physical Strength (C87802); Grip Strength (C139210),6
Group Affiliation,C18823,Group Affiliation (C18823),,Social Circumstances,,,Inclusion of an individual in a peer or minority group,0,Group Affiliation (C18823),0
HAMA - Anxious Mood,C102073,HAMA - Anxious Mood (C102073),C101876,QRS;Clinical or Research Assessment Classification;Hamilton Anxiety Rating Scale Clinical Classification;HAM-A;HAMA;HAMA1;HAMA Questionnaire Question,HAMA1-Anxious Mood;HAMA101;HAMA - Anxious Mood,Ordinal,"Hamilton Anxiety Rating Scale (HAMA) Anxious mood; worries, anticipation of the worst, fearful anticipation, irritability.",3,Clinical or Research Assessment Question (C91102); CDISC QRS Instruments Questions (C211913); HAMA Questionnaire Question (C101876); HAMA - Anxious Mood (C102073),4
HAMA - Autonomic Symptoms,C102085,HAMA - Autonomic Symptoms (C102085),C101876,QRS;Clinical or Research Assessment Classification;Hamilton Anxiety Rating Scale Clinical Classification;HAM-A;HAMA;HAMA1;HAMA Questionnaire Question,HAMA1-Autonomic Symptoms;HAMA113;HAMA - Autonomic Symptoms,Ordinal,"Hamilton Anxiety Rating Scale (HAMA) Autonomic symptoms; dry mouth, flushing, pallor, tendency to sweat, giddiness, tension, headache, raising of hair.",3,Clinical or Research Assessment Question (C91102); CDISC QRS Instruments Questions (C211913); HAMA Questionnaire Question (C101876); HAMA - Autonomic Symptoms (C102085),4
HAMA - Behavior at Interview,C102086,HAMA - Behavior at Interview (C102086),C101876,QRS;Clinical or Research Assessment Classification;Hamilton Anxiety Rating Scale Clinical Classification;HAM-A;HAMA;HAMA1;HAMA Questionnaire Question,HAMA1-Behavior at Interview;HAMA114;HAMA - Behavior at Interview,Ordinal,"Hamilton Anxiety Rating Scale (HAMA) Behavior at interview; fidgeting, restlessness or pacing, tremor of hands, furrowed brow, strained face, sighing or rapid respiration, facial pallor, swallowing, etc.",3,Clinical or Research Assessment Question (C91102); CDISC QRS Instruments Questions (C211913); HAMA Questionnaire Question (C101876); HAMA - Behavior at Interview (C102086),4
HAMA - Cardiovascular Symptoms,C102081,HAMA - Cardiovascular Symptoms (C102081),C101876,QRS;Clinical or Research Assessment Classification;Hamilton Anxiety Rating Scale Clinical Classification;HAM-A;HAMA;HAMA1;HAMA Questionnaire Question,HAMA1-Cardiovascular Symptoms;HAMA109;HAMA - Cardiovascular Symptoms,Ordinal,"Hamilton Anxiety Rating Scale (HAMA) Cardiovascular symptoms; tachycardia, palpitations, pain in chest, throbbing of vessels, fainting feelings, missing beat.",3,Clinical or Research Assessment Question (C91102); CDISC QRS Instruments Questions (C211913); HAMA Questionnaire Question (C101876); HAMA - Cardiovascular Symptoms (C102081),4
HAMA - Depressed Mood,C102078,HAMA - Depressed Mood (C102078),C101876,QRS;Clinical or Research Assessment Classification;Hamilton Anxiety Rating Scale Clinical Classification;HAM-A;HAMA;HAMA1;HAMA Questionnaire Question,HAMA1-Depressed Mood;HAMA106;HAMA - Depressed Mood,Ordinal,"Hamilton Anxiety Rating Scale (HAMA) Depressed mood; loss of interest, lack of pleasure in hobbies, depression, early waking, diurnal swing.",3,Clinical or Research Assessment Question (C91102); CDISC QRS Instruments Questions (C211913); HAMA Questionnaire Question (C101876); HAMA - Depressed Mood (C102078),4
HAMA - Fears,C102075,HAMA - Fears (C102075),C101876,QRS;Clinical or Research Assessment Classification;Hamilton Anxiety Rating Scale Clinical Classification;HAM-A;HAMA;HAMA1;HAMA Questionnaire Question,HAMA1-Fears;HAMA103;HAMA - Fears,Ordinal,"Hamilton Anxiety Rating Scale (HAMA) Fears; of dark, of strangers, of being left alone, of animals, of traffic, of crowds.",3,Clinical or Research Assessment Question (C91102); CDISC QRS Instruments Questions (C211913); HAMA Questionnaire Question (C101876); HAMA - Fears (C102075),4
HAMA - Gastrointestinal Symptoms,C102083,HAMA - Gastrointestinal Symptoms (C102083),C101876,QRS;Clinical or Research Assessment Classification;Hamilton Anxiety Rating Scale Clinical Classification;HAM-A;HAMA;HAMA1;HAMA Questionnaire Question,HAMA1-Gastrointestinal Symptoms;HAMA111;HAMA - Gastrointestinal Symptoms,Ordinal,"Hamilton Anxiety Rating Scale (HAMA) Gastrointestinal symptoms; difficulty swallowing, wind abdominal pain, burning sensations, abdominal fullness, nausea, vomiting, borborygmi, looseness of bowels, loss of weight, constipation.",3,Clinical or Research Assessment Question (C91102); CDISC QRS Instruments Questions (C211913); HAMA Questionnaire Question (C101876); HAMA - Gastrointestinal Symptoms (C102083),4
HAMA - Genitourinary Symptoms,C102084,HAMA - Genitourinary Symptoms (C102084),C101876,QRS;Clinical or Research Assessment Classification;Hamilton Anxiety Rating Scale Clinical Classification;HAM-A;HAMA;HAMA1;HAMA Questionnaire Question,HAMA1-Genitourinary Symptoms;HAMA112;HAMA - Genitourinary Symptoms,Ordinal,"Hamilton Anxiety Rating Scale (HAMA) Genitourinary symptoms; frequency of micturition, urgency of micturition, amenorrhea, menorrhagia, development of frigidity, premature ejaculation, loss of libido, impotence.",3,Clinical or Research Assessment Question (C91102); CDISC QRS Instruments Questions (C211913); HAMA Questionnaire Question (C101876); HAMA - Genitourinary Symptoms (C102084),4
HAMA - Insomnia,C102076,HAMA - Insomnia (C102076),C101876,QRS;Clinical or Research Assessment Classification;Hamilton Anxiety Rating Scale Clinical Classification;HAM-A;HAMA;HAMA1;HAMA Questionnaire Question,HAMA1-Insomnia;HAMA104;HAMA - Insomnia,Ordinal,"Hamilton Anxiety Rating Scale (HAMA) Insomnia; difficulty falling asleep, broken sleep, unsatisfying sleep and fatigue on waking, dreams, nightmares, night terrors.",3,Clinical or Research Assessment Question (C91102); CDISC QRS Instruments Questions (C211913); HAMA Questionnaire Question (C101876); HAMA - Insomnia (C102076),4
HAMA - Intellectual,C102077,HAMA - Intellectual (C102077),C101876,QRS;Clinical or Research Assessment Classification;Hamilton Anxiety Rating Scale Clinical Classification;HAM-A;HAMA;HAMA1;HAMA Questionnaire Question,HAMA1-Intellectual;HAMA105;HAMA - Intellectual,Ordinal,"Hamilton Anxiety Rating Scale (HAMA) Intellectual; difficulty in concentration, poor memory.",3,Clinical or Research Assessment Question (C91102); CDISC QRS Instruments Questions (C211913); HAMA Questionnaire Question (C101876); HAMA - Intellectual (C102077),4
HAMA - Respiratory Symptoms,C102082,HAMA - Respiratory Symptoms (C102082),C101876,QRS;Clinical or Research Assessment Classification;Hamilton Anxiety Rating Scale Clinical Classification;HAM-A;HAMA;HAMA1;HAMA Questionnaire Question,HAMA1-Respiratory Symptoms;HAMA110;HAMA - Respiratory Symptoms,Ordinal,"Hamilton Anxiety Rating Scale (HAMA) Respiratory symptoms; pressure or constriction in chest, choking feelings, sighing, dyspnea.",3,Clinical or Research Assessment Question (C91102); CDISC QRS Instruments Questions (C211913); HAMA Questionnaire Question (C101876); HAMA - Respiratory Symptoms (C102082),4
HAMA - Somatic (Muscular),C102079,HAMA - Somatic (Muscular) (C102079),C101876,QRS;Clinical or Research Assessment Classification;Hamilton Anxiety Rating Scale Clinical Classification;HAM-A;HAMA;HAMA1;HAMA Questionnaire Question,HAMA1-Somatic (Muscular);HAMA107;HAMA - Somatic (Muscular),Ordinal,"Hamilton Anxiety Rating Scale (HAMA) Somatic (muscular); pains and aches, twitching, stiffness, myoclonic jerks, grinding of teeth, unsteady voice, increased muscular tone.",3,Clinical or Research Assessment Question (C91102); CDISC QRS Instruments Questions (C211913); HAMA Questionnaire Question (C101876); HAMA - Somatic (Muscular) (C102079),4
HAMA - Somatic (Sensory),C102080,HAMA - Somatic (Sensory) (C102080),C101876,QRS;Clinical or Research Assessment Classification;Hamilton Anxiety Rating Scale Clinical Classification;HAM-A;HAMA;HAMA1;HAMA Questionnaire Question,HAMA1-Somatic (Sensory);HAMA108;HAMA - Somatic (Sensory),Ordinal,"Hamilton Anxiety Rating Scale (HAMA) Somatic (sensory); tinnitus, blurring of vision, hot and cold flushes, feelings of weakness, pricking sensation.",3,Clinical or Research Assessment Question (C91102); CDISC QRS Instruments Questions (C211913); HAMA Questionnaire Question (C101876); HAMA - Somatic (Sensory) (C102080),4
HAMA - Tension,C102074,HAMA - Tension (C102074),C101876,QRS;Clinical or Research Assessment Classification;Hamilton Anxiety Rating Scale Clinical Classification;HAM-A;HAMA;HAMA1;HAMA Questionnaire Question,HAMA1-Tension;HAMA102;HAMA - Tension,Ordinal,"Hamilton Anxiety Rating Scale (HAMA) Tension; feelings of tension, fatigability, startle response, moved to tears easily, trembling, feelings of restlessness, inability to relax.",3,Clinical or Research Assessment Question (C91102); CDISC QRS Instruments Questions (C211913); HAMA Questionnaire Question (C101876); HAMA - Tension (C102074),4
HAMA - Total Score,C155646,HAMA - Total Score (C155646),C101876,QRS;Clinical or Research Assessment Classification;Hamilton Anxiety Rating Scale Clinical Classification;HAM-A;HAMA;HAMA1;HAMA Questionnaire Question,HAMA1-Total Score;HAMA115;HAMA - Total Score,Ordinal,Hamilton Anxiety Rating Scale (HAMA) Total score.,3,Clinical or Research Assessment Question (C91102); CDISC QRS Instruments Questions (C211913); HAMA Questionnaire Question (C101876); HAMA - Total Score (C155646),4
HAMA Questionnaire Question,C101876,HAMA Questionnaire Question (C101876),C211913,QRS Instrument Questions,,,A question associated with the HAMA questionnaire.,2,Clinical or Research Assessment Question (C91102); CDISC QRS Instruments Questions (C211913); HAMA Questionnaire Question (C101876),0
HBI - Abdominal Mass,C191047,HBI - Abdominal Mass (C191047),C190943,QRS;Clinical or Research Assessment Classification;Harvey-Bradshaw Index Clinical Classification;HBI;HBI01;Harvey-Bradshaw Index Clinical Classification Question,HBI01-Abdominal Mass;HBI0104;HBI - Abdominal Mass,Ordinal,Harvey-Bradshaw Index (HBI) Abdominal mass.,3,Clinical or Research Assessment Question (C91102); CDISC QRS Instruments Questions (C211913); Harvey-Bradshaw Index Clinical Classification Question (C190943); HBI - Abdominal Mass (C191047),4
HBI - Abdominal Pain,C191045,HBI - Abdominal Pain (C191045),C190943,QRS;Clinical or Research Assessment Classification;Harvey-Bradshaw Index Clinical Classification;HBI;HBI01;Harvey-Bradshaw Index Clinical Classification Question,HBI01-Abdominal Pain;HBI0102;HBI - Abdominal Pain,Ordinal,Harvey-Bradshaw Index (HBI) Abdominal pain (for the previous day).,3,Clinical or Research Assessment Question (C91102); CDISC QRS Instruments Questions (C211913); Harvey-Bradshaw Index Clinical Classification Question (C190943); HBI - Abdominal Pain (C191045),5
HBI - Complication: Abscess,C191055,HBI - Complication: Abscess (C191055),C190943,QRS;Clinical or Research Assessment Classification;Harvey-Bradshaw Index Clinical Classification;HBI;HBI01;Harvey-Bradshaw Index Clinical Classification Question,HBI01-Complication: Abscess;HBI0105H;HBI - Complication: Abscess,Ordinal,Harvey-Bradshaw Index (HBI) Complication: Abscess.,3,Clinical or Research Assessment Question (C91102); CDISC QRS Instruments Questions (C211913); Harvey-Bradshaw Index Clinical Classification Question (C190943); HBI - Complication: Abscess (C191055),4
HBI - Complication: Anal Fissures,C191053,HBI - Complication: Anal Fissures (C191053),C190943,QRS;Clinical or Research Assessment Classification;Harvey-Bradshaw Index Clinical Classification;HBI;HBI01;Harvey-Bradshaw Index Clinical Classification Question,HBI - Complication: Anal Fissures;HBI01-Complication: Anal Fissures;HBI0105F,Ordinal,Harvey-Bradshaw Index (HBI) Complication: Anal fissures.,3,Clinical or Research Assessment Question (C91102); CDISC QRS Instruments Questions (C211913); Harvey-Bradshaw Index Clinical Classification Question (C190943); HBI - Complication: Anal Fissures (C191053),4
HBI - Complication: Aphthous Ulcers,C191051,HBI - Complication: Aphthous Ulcers (C191051),C190943,QRS;Clinical or Research Assessment Classification;Harvey-Bradshaw Index Clinical Classification;HBI;HBI01;Harvey-Bradshaw Index Clinical Classification Question,HBI01-Complication: Aphthous Ulcers;HBI0105D;HBI - Complication: Aphthous Ulcers,Ordinal,Harvey-Bradshaw Index (HBI) Complication: Aphthous ulcers.,3,Clinical or Research Assessment Question (C91102); CDISC QRS Instruments Questions (C211913); Harvey-Bradshaw Index Clinical Classification Question (C190943); HBI - Complication: Aphthous Ulcers (C191051),4
HBI - Complication: Arthralgia,C191048,HBI - Complication: Arthralgia (C191048),C190943,QRS;Clinical or Research Assessment Classification;Harvey-Bradshaw Index Clinical Classification;HBI;HBI01;Harvey-Bradshaw Index Clinical Classification Question,HBI01-Complication: Arthralgia;HBI0105A;HBI - Complication: Arthralgia,Ordinal,Harvey-Bradshaw Index (HBI) Complication: Arthralgia.,3,Clinical or Research Assessment Question (C91102); CDISC QRS Instruments Questions (C211913); Harvey-Bradshaw Index Clinical Classification Question (C190943); HBI - Complication: Arthralgia (C191048),4
HBI - Complication: Erythema Nodosum,C191050,HBI - Complication: Erythema Nodosum (C191050),C190943,QRS;Clinical or Research Assessment Classification;Harvey-Bradshaw Index Clinical Classification;HBI;HBI01;Harvey-Bradshaw Index Clinical Classification Question,HBI01-Complication: Erythema Nodosum;HBI0105C;HBI - Complication: Erythema Nodosum,Ordinal,Harvey-Bradshaw Index (HBI) Complication: Erythema nodosum.,3,Clinical or Research Assessment Question (C91102); CDISC QRS Instruments Questions (C211913); Harvey-Bradshaw Index Clinical Classification Question (C190943); HBI - Complication: Erythema Nodosum (C191050),4
HBI - Complication: New Fistula,C191054,HBI - Complication: New Fistula (C191054),C190943,QRS;Clinical or Research Assessment Classification;Harvey-Bradshaw Index Clinical Classification;HBI;HBI01;Harvey-Bradshaw Index Clinical Classification Question,HBI01-Complication: New Fistula;HBI0105G;HBI - Complication: New Fistula,Ordinal,Harvey-Bradshaw Index (HBI) Complication: New fistula.,3,Clinical or Research Assessment Question (C91102); CDISC QRS Instruments Questions (C211913); Harvey-Bradshaw Index Clinical Classification Question (C190943); HBI - Complication: New Fistula (C191054),4
HBI - Complication: Pyoderma Gangrenosum,C191052,HBI - Complication: Pyoderma Gangrenosum (C191052),C190943,QRS;Clinical or Research Assessment Classification;Harvey-Bradshaw Index Clinical Classification;HBI;HBI01;Harvey-Bradshaw Index Clinical Classification Question,HBI01-Complication: Pyoderma Gangrenosum;HBI0105E;HBI - Complication: Pyoderma Gangrenosum,Ordinal,Harvey-Bradshaw Index (HBI) Complication: Pyoderma gangrenosum.,3,Clinical or Research Assessment Question (C91102); CDISC QRS Instruments Questions (C211913); Harvey-Bradshaw Index Clinical Classification Question (C190943); HBI - Complication: Pyoderma Gangrenosum (C191052),4
HBI - Complication: Uveitis,C191049,HBI - Complication: Uveitis (C191049),C190943,QRS;Clinical or Research Assessment Classification;Harvey-Bradshaw Index Clinical Classification;HBI;HBI01;Harvey-Bradshaw Index Clinical Classification Question,HBI01-Complication: Uveitis;HBI0105B;HBI - Complication: Uveitis,Ordinal,Harvey-Bradshaw Index (HBI) Complication: Uveitis.,3,Clinical or Research Assessment Question (C91102); CDISC QRS Instruments Questions (C211913); Harvey-Bradshaw Index Clinical Classification Question (C190943); HBI - Complication: Uveitis (C191049),4
HBI - General Well-being,C191044,HBI - General Well-being (C191044),C190943,QRS;Clinical or Research Assessment Classification;Harvey-Bradshaw Index Clinical Classification;HBI;HBI01;Harvey-Bradshaw Index Clinical Classification Question,HBI01-General Well-being;HBI0101;HBI - General Well-being,Ordinal,Harvey-Bradshaw Index (HBI) Patient's general well-being (for the previous day).,3,Clinical or Research Assessment Question (C91102); CDISC QRS Instruments Questions (C211913); Harvey-Bradshaw Index Clinical Classification Question (C190943); HBI - General Well-being (C191044),5
HBI - Number Liquid Stools,C191046,HBI - Number Liquid Stools (C191046),C190943,QRS;Clinical or Research Assessment Classification;Harvey-Bradshaw Index Clinical Classification;HBI;HBI01;Harvey-Bradshaw Index Clinical Classification Question,HBI01-Number Liquid Stools;HBI0103;HBI - Number Liquid Stools,Ordinal,Harvey-Bradshaw Index (HBI) Number of liquid stools (for the previous day).,3,Clinical or Research Assessment Question (C91102); CDISC QRS Instruments Questions (C211913); Harvey-Bradshaw Index Clinical Classification Question (C190943); HBI - Number Liquid Stools (C191046),5
HBI - Total Score,C191056,HBI - Total Score (C191056),C190943,QRS;Clinical or Research Assessment Classification;Harvey-Bradshaw Index Clinical Classification;HBI;HBI01;Harvey-Bradshaw Index Clinical Classification Question,HBI01-Total Score;HBI0106;HBI - Total Score,Ordinal,Harvey-Bradshaw Index (HBI) Total score.,3,Clinical or Research Assessment Question (C91102); CDISC QRS Instruments Questions (C211913); Harvey-Bradshaw Index Clinical Classification Question (C190943); HBI - Total Score (C191056),4
HER2-Positive Breast Carcinoma,C53556,HER2-Positive Breast Carcinoma (C53556),,Genetic Testing;Gene Expression Analysis;Gene Products;Genetic Variation;Genetic Variation Analysis;Cancer Biomarkers,ERBB2 Overexpressing Subtype of Breast Carcinoma;HER2 Overexpressing Breast Carcinoma;HER2 Overexpressing Subtype of Breast Carcinoma,Quantitative;Ordinal,"A biologic subset of breast carcinoma defined by high expression of HER2, GRB7, and TRAP100, and by lack of expression of estrogen receptor (ER).",0,HER2-Positive Breast Carcinoma (C53556),6
HER2/Neu Positive,C68748,HER2/Neu Positive (C68748),C16152,Genetic Testing;Gene Expression Analysis;Gene Products;Genetic Variation;Genetic Variation Analysis;Cancer Biomarkers,ERBB2 Positive;HER-2 Positive;HER2 Positive,Quantitative;Ordinal,A laboratory test result indicating the presence of HER2/Neu in a tissue sample.,2,Receptor Status (C94299); HER2/Neu Status (C16152); HER2/Neu Positive (C68748),6
HER2/Neu Status,C16152,HER2/Neu Status (C16152),C94299,Genetic Testing;Gene Expression Analysis;Gene Products;Genetic Variation;Genetic Variation Analysis;Cancer Biomarkers,ERBB2 Status;HER2/Her2/Neu Value;HER2/neu,Ordinal,The presence or absence of Her2/Neu on a tissue sample.,1,Receptor Status (C94299); HER2/Neu Status (C16152),7
Hamilton Anxiety Rating Scale Clinical Classification,C102118,Hamilton Anxiety Rating Scale Clinical Classification (C102118),C118969,QRS;Clinical or Research Assessment Classification;Hamilton Anxiety Rating Scale Clinical Classification;HAM-A;HAMA;HAMA1,HAM-A;HAMA;HAMA1,,"A standardized rating scale developed by M. Hamilton in 1959 which is used to evaluate the severity of an individual's state of neurotic anxiety. This instrument contains 14 questions or types of symptoms associated with anxiety such as fear, mood, insomnia, and somatic symptoms, which is completed during a semi-structured interview. Each symptom is rated on a scale of 0-4 with 0 being none and 4 being the most severe. A score of 0-17 is considered 'mild', while a score of 18-24 is 'mild to moderate' and a score greater than 24 is 'moderate to severe.'",1,Clinical or Research Assessment Classification (C118969); Hamilton Anxiety Rating Scale Clinical Classification (C102118),4
Harvey-Bradshaw Index Clinical Classification,C191036,Harvey-Bradshaw Index Clinical Classification (C191036),C118969,QRS;Clinical or Research Assessment Classification;Harvey-Bradshaw Index Clinical Classification;HBI;HBI01,HBI01;HBI,,"A standardized clinical tool, published in 1980 by Harvey et al. as a simplified version of the Crohn Disease Activity Index (CDAI), that assesses and scores five patient parameters (well-being, abdominal pain, number of liquid or soft stools, abdominal mass, and complications) to stratify Crohn's disease severity.",1,Clinical or Research Assessment Classification (C118969); Harvey-Bradshaw Index Clinical Classification (C191036),4
Harvey-Bradshaw Index Clinical Classification Question,C190943,Harvey-Bradshaw Index Clinical Classification Question (C190943),C211913,QRS Instrument Questions,,,A question associated with the Harvey-Bradshaw Index clinical classification.,2,Clinical or Research Assessment Question (C91102); CDISC QRS Instruments Questions (C211913); Harvey-Bradshaw Index Clinical Classification Question (C190943),0
Has Menstrual Periods Indicator,C184708,Has Menstrual Periods Indicator (C184708),C25180,Reproductive Findings;Clinical Findings Indicator;Indicator,HMPIND,Nominal,An indication as to whether the subject experiences menstrual cycles.,1,Indicator (C25180); Has Menstrual Periods Indicator (C184708),2
Head Circumference,C81255,Head Circumference (C81255),C172255,Vital Signs;Body Measurements,HDCIRC;Occipital-Frontal Circumference,Quantitative,"A circumferential measurement of the head at the widest point, which is traditionally above the eyebrows.",1,Anatomical Circumference (C172255); Head Circumference (C81255),3
Head Circumference-for-Age Percentile,C205753,Head Circumference-for-Age Percentile (C205753),,Vital Signs;Body Measurements,HCRAPCTL;Head Occipital-Frontal Circumference-for-Age Percentile,Quantitative,"A measurement of an individual's head circumference in relationship to age, in comparison to a reference percentile curve.",0,Head Circumference-for-Age Percentile (C205753),2
Health Insurance Indicator,C209446,Health Insurance Indicator (C209446),C25180,Subject Characteristics,HIIND;Health Insurance Indicator,Nominal,An indication as to whether the subject is covered by health insurance.,1,Indicator (C25180); Health Insurance Indicator (C209446),3
Health Issue Related Group,C199141,Health Issue Related Group (C199141),,Clinical Trial Attribute;Trial Summary,,,Groups that have a focus on health issues.,0,Health Issue Related Group (C199141),0
Health Risk Assessment,C15367,Health Risk Assessment (C15367),,Clinical Trial Attribute;Trial Summary,Risk Assessment;risk assessment,,An estimated probability that one or more adverse event(s) will occur as a result of exposure to an actual or potential hazardous situation or chemical.,0,Health Risk Assessment (C15367),0
Health Status,C16669,Health Status (C16669),,Person Status,,,The state of a subject's mental or physical condition.,0,Health Status (C16669),0
Healthcare Encounter Type,C119231,Healthcare Encounter Type (C119231),C25284,Findings About Cardiovascular Events;Cardiovascular System Finding,HETYPE;Encounter Type,Nominal,A classification or description of the visit by a patient or study participant to a medical professional.,1,Type (C25284); Healthcare Encounter Type (C119231),6
Healthy Subject Indicator,C98737,Healthy Subject Indicator (C98737),C25180,Trial Summary,HLTSUBJI,Nominal,Specifies whether an individual who is or becomes a participant in a research study and has no significant health-related issues including those related to the condition being tested.,1,Indicator (C25180); Healthy Subject Indicator (C98737),6
Heart Failure Therapy Intensification Type,C119234,Heart Failure Therapy Intensification Type (C119234),C25284,Findings About Cardiovascular Events;Cardiovascular System Finding,"HFTHERIN;Heart Failure Therapy, Intensification",Nominal,A classification or description of the therapeutic agent or procedure that is being escalated.,1,Type (C25284); Heart Failure Therapy Intensification Type (C119234),6
Heart Rate,C49677,Heart Rate (C49677),C49672,Vital Signs,HR,Quantitative,"The number of heartbeats per unit of time, usually expressed as beats per minute.",1,Vital Signs Measurement (C49672); Heart Rate (C49677),7
"Heart Rate Variability, Average Standard Deviation NN Interval Measurement",C199998,"Heart Rate Variability, Average Standard Deviation NN Interval Measurement (C199998)",C199682,Cardiac Function Study;Heart Rate Variability,"Heart Rate Variability, Average Standard Deviation NN Interval;Heart Rate Variability, SDANN;HRVSDANN",Quantitative,"A measurement of the fluctuation in the time intervals between adjacent heartbeats, based on the average standard deviation of the means of consecutive 5 minute NN intervals over a period of time.",2,"Cardiac Function Study (C16094); Heart Rate Variability, Standard Deviation NN Interval Measurement (C199682); Heart Rate Variability, Average Standard Deviation NN Interval Measurement (C199998)",3
"Heart Rate Variability, Standard Deviation NN Interval Measurement",C199682,"Heart Rate Variability, Standard Deviation NN Interval Measurement (C199682)",C16094,Cardiac Function Study;Heart Rate Variability,"Heart Rate Variability, SDNN;Heart Rate Variability, Standard Deviation NN Interval;HRVSDNN",Quantitative,"A measurement of the fluctuation in the time intervals between adjacent heartbeats, based on the standard deviation of the NN interval.",1,"Cardiac Function Study (C16094); Heart Rate Variability, Standard Deviation NN Interval Measurement (C199682)",3
Height,C25347,Height (C25347),,Characteristics,,Quantitative,The vertical measurement or distance from the base to the top of an object; the vertical dimension of extension.,0,Height (C25347),0
Height-for-Age Percentile,C163568,Height-for-Age Percentile (C163568),,Vital Signs;Body Measurements,HTAPCTL,Quantitative,"A measurement of an individual's height in relationship to age, in comparison to a reference percentile curve.",0,Height-for-Age Percentile (C163568),2
Hematocrit Measurement,C64796,Hematocrit Measurement (C64796),C49286,Laboratory Tests;Hematology Tests,Hematocrit;Packed Cell Volume;PCV;Erythrocyte Volume Fraction;EVF,Quantitative,"A measure of the volume of red blood cells expressed as a percentage of the total blood volume. Normal in males is 43-49%, in females 37-43%.",1,Hematology Test (C49286); Hematocrit Measurement (C64796),5
Hematology Test,C49286,Hematology Test (C49286),,Laboratory Tests,Blood Test;Hematology Procedure,,A laboratory test to measure hematopoietic components and investigate hematologic disorders in a blood sample.,0,Hematology Test (C49286),0
Hematoma Indicator,C179823,Hematoma Indicator (C179823),C181043,Clinical Findings Indicator;Indicator;Urinary System Findings,HEMAIND,Nominal,An indication as to whether a hematoma is present.,1,Clinical Findings Indicator (C181043); Hematoma Indicator (C179823),6
Hemoglobin A1C Measurement,C64849,Hemoglobin A1C Measurement (C64849),C64848,Laboratory Tests;Hematology Tests;Hemoglobin Measurements,Hemoglobin A1C;HBA1C;Glycosylated Hemoglobin A1C,Quantitative,The determination of the amount of hemoglobin A1C present in a sample.,2,Hematology Test (C49286); Hemoglobin Measurement (C64848); Hemoglobin A1C Measurement (C64849),5
Hemoglobin A1C to Hemoglobin Ratio Measurement,C111207,Hemoglobin A1C to Hemoglobin Ratio Measurement (C111207),C64848,Laboratory Tests;Hematology Tests;Hemoglobin Measurements,Hemoglobin A1C/Hemoglobin;HBA1CHGB,Quantitative,The determination of the ratio of the glycated hemoglobin A1C to total hemoglobin present in a sample. The measurement may be expressed as a ratio or percentage.,2,Hematology Test (C49286); Hemoglobin Measurement (C64848); Hemoglobin A1C to Hemoglobin Ratio Measurement (C111207),5
Hemoglobin Corrected Diffusion Capacity of the Lung for Carbon Monoxide,C120825,Hemoglobin Corrected Diffusion Capacity of the Lung for Carbon Monoxide (C120825),C38081,Respiratory System Findings;Pulmonary Function Test,DLCOHC;HGB Corrected DLCO,Quantitative,An assessment of the diffusion capacity of the lungs for carbon monoxide adjusted for hemoglobin concentration.,1,Pulmonary Function Test (C38081); Hemoglobin Corrected Diffusion Capacity of the Lung for Carbon Monoxide (C120825),3
Hemoglobin Corrected Diffusion Capacity of the Lung for Carbon Monoxide/Alveolar Volume Ratio,C120827,Hemoglobin Corrected Diffusion Capacity of the Lung for Carbon Monoxide/Alveolar Volume Ratio (C120827),C38081,Respiratory System Findings;Pulmonary Function Test,DLCOHCVA;HGB Corrected DLCO/VA,Quantitative,The diffusion capacity of the lungs for carbon monoxide adjusted for the ratio of hemoglobin concentration to alveolar volume.,1,Pulmonary Function Test (C38081); Hemoglobin Corrected Diffusion Capacity of the Lung for Carbon Monoxide/Alveolar Volume Ratio (C120827),3
Hemoglobin Measurement,C64848,Hemoglobin Measurement (C64848),C49286,Laboratory Tests;Hematology Tests,Hemoglobin;HGB,Quantitative,A quantitative measurement of the amount of hemoglobin present in a biospecimen.,1,Hematology Test (C49286); Hemoglobin Measurement (C64848),6
Hepatitis B DNA Measurement,C103404,Hepatitis B DNA Measurement (C103404),C135409,Laboratory Tests;Chemistry Tests;Microbiology Tests;Virology Tests,HBDNA;HBV DNA;HBV DNA Measurement,Quantitative;Nominal,The determination of the amount of hepatitis B virus DNA in a sample.,1,Deoxyribonucleic Acid Measurement (C135409); Hepatitis B DNA Measurement (C103404),6
Hepatitis B Surface Antibody Measurement,C74711,Hepatitis B Surface Antibody Measurement (C74711),C125944,Laboratory Tests;Immunology Tests;Microbiology Tests,HBV Surface Antibody;HBV Surface Antibody Measurement,Quantitative;Ordinal,The determination of the surface antibody reaction of a sample to the Hepatitis B virus.,2,Immunology Test (C16723); Hepatitis B Virus Antibody Measurement (C125944); Hepatitis B Surface Antibody Measurement (C74711),6
Hepatitis B Virus Antibody Measurement,C125944,Hepatitis B Virus Antibody Measurement (C125944),C16723,Laboratory Tests;Immunology Tests;Microbiology Tests,,Quantitative;Ordinal,The determination of the amount of hepatitis B virus antibody present in a sample.,1,Immunology Test (C16723); Hepatitis B Virus Antibody Measurement (C125944),0
Hepatitis B Virus Core Antibody Measurement,C96660,Hepatitis B Virus Core Antibody Measurement (C96660),C125944,Laboratory Tests;Immunology Tests;Microbiology Tests,HBV Core Antibody;HBV Core Antibody Measurement,Quantitative;Ordinal,The determination of the amount of Hepatitis B virus core antibody present in a sample.,2,Immunology Test (C16723); Hepatitis B Virus Antibody Measurement (C125944); Hepatitis B Virus Core Antibody Measurement (C96660),6
Hepatitis B Virus Core Antigen Measurement,C166039,Hepatitis B Virus Core Antigen Measurement (C166039),C210012,Laboratory Tests;Immunology Tests;Microbiology Tests,HBCAG;Hepatitis B Core Antigen;Hepatitis B Virus Core Antigen,Quantitative;Ordinal,The determination of the amount of Hepatitis B virus core antigen present in a sample.,2,Immunology Test (C16723); Virus-Based Immunology Test (C210012); Hepatitis B Virus Core Antigen Measurement (C166039),6
Hepatitis B Virus Surface Antigen Measurement,C64850,Hepatitis B Virus Surface Antigen Measurement (C64850),C210012,Laboratory Tests;Immunology Tests;Microbiology Tests,HBsAg;Hepatitis B Surface Antigen;Hepatitis B Virus Surface Antigen,Quantitative;Ordinal;Nominal,A determination of the presence of hepatitis B virus surface antigen.,2,Immunology Test (C16723); Virus-Based Immunology Test (C210012); Hepatitis B Virus Surface Antigen Measurement (C64850),6
Hepatitis C Virus RNA Measurement,C142330,Hepatitis C Virus RNA Measurement (C142330),C132301,Laboratory Tests;Chemistry Tests;Microbiology Tests,HCRNA;Hepatitis C RNA,Quantitative;Ordinal,The determination of the amount of hepatitis C virus RNA present in a sample.,1,Ribonucleic Acid Measurement (C132301); Hepatitis C Virus RNA Measurement (C142330),6
High Density Lipoprotein Cholesterol Measurement,C105587,High Density Lipoprotein Cholesterol Measurement (C105587),C74949,Laboratory Tests;Chemistry Tests;Lipid Measurements,HDL;HDL Cholesterol,Quantitative,The determination of the amount of high-density lipoprotein cholesterol present in a sample.,2,Chemistry Test (C49237); Lipid Measurement (C74949); High Density Lipoprotein Cholesterol Measurement (C105587),5
Hip Circumference,C100947,Hip Circumference (C100947),C172255,Vital Signs;Body Measurements,HIPCIR,Quantitative,A circumferential measurement of the largest part of the hip.,1,Anatomical Circumference (C172255); Hip Circumference (C100947),3
Histopathologic Examination,C18190,Histopathologic Examination (C18190),,Respiratory System Findings,Histopathological;HISTOPATHOLOGY;histopathology;Histopathologic Study;Histopathology,,The microscopic study of characteristic tissue abnormalities by employing various cytochemical and immunocytochemical stains.,0,Histopathologic Examination (C18190),0
History of Tobacco Use,C181760,History of Tobacco Use (C181760),,Substance Use;Personal Medical History;Medical History,Tobacco Use;Tobacco Use History,Nominal,A description of an individual's current or previous use of tobacco.,0,History of Tobacco Use (C181760),21
Hormone Measurement,C74742,Hormone Measurement (C74742),,Laboratory Tests;Chemistry Tests;Endocrine Tests,,,The determination of the amount of hormone present in a sample.,0,Hormone Measurement (C74742),0
Hormone Receptor Status,C188928,Hormone Receptor Status (C188928),C94299,Laboratory Tests;Chemistry Tests;Hormone Measurements;Endocrine Tests;Protein or Enzyme Type Measurements,HR Status,Ordinal;Quantitative,An indication of the presence or absence of detection of hormone receptor expression in a sample.,1,Receptor Status (C94299); Hormone Receptor Status (C188928),7
Hormone Resistance,C147564,Hormone Resistance (C147564),C36285,Laboratory Tests;Hormone Measurements;Endocrine Tests;Protein or Enzyme Type Measurements,Endocrine Resistance;Hormone Therapy Resistance,Ordinal,A finding indicating decreased tissue sensitivity to a hormone.,1,Endocrine System Finding (C36285); Hormone Resistance (C147564),6
Hospital Medical Record Indicator,C135386,Hospital Medical Record Indicator (C135386),C25180,Death Diagnosis and Details;Indicator,HMROIND;Hospital Medical Record Obtained Ind;Hospital Medical Record Obtained Indicator,Nominal,An indication as to whether medical records were obtained from the hospital.,1,Indicator (C25180); Hospital Medical Record Indicator (C135386),2
Hospitalized Due to Pregnancy Complication Indicator,C176360,Hospitalized Due to Pregnancy Complication Indicator (C176360),C25180,Reproductive Findings;Clinical Findings Indicator;Indicator,HSPGCIND;Hosp Due to Pregnancy Complication Ind,Nominal,An indication as to whether the individual was hospitalized due to a pregnancy complication.,1,Indicator (C25180); Hospitalized Due to Pregnancy Complication Indicator (C176360),2
Hospitalized at Time of Death Indicator,C198258,Hospitalized at Time of Death Indicator (C198258),C25180,Death Diagnosis and Details;Indicator,HSDTHIND,Nominal,An indication as to whether the subject was hospitalized at the time of death.,1,Indicator (C25180); Hospitalized at Time of Death Indicator (C198258),2
Human Epidermal Growth Factor Receptor 2 Measurement,C112312,Human Epidermal Growth Factor Receptor 2 Measurement (C112312),C64430,Laboratory Tests;Chemistry Tests;Protein or Enzyme Type Measurements;Endocrine Tests;Hormone Measurements,ERBB2;HER2;HER2/NEU;Receptor Tyrosine-Protein Kinase erbB-2 Measurement,Quantitative,The determination of the amount of human epidermal growth factor receptor 2 present in a sample.,1,Protein or Enzyme Type Measurement (C64430); Human Epidermal Growth Factor Receptor 2 Measurement (C112312),7
Ideal Body Weight,C117976,Ideal Body Weight (C117976),C81328,Vital Signs;Body Measurements,IDEALWT,Quantitative,A person's optimum weight as calculated by a standard methodology.,2,Weight (C25208); Body Weight (C81328); Ideal Body Weight (C117976),3
Identifier,C25364,Identifier (C25364),,Clinical Trial Attribute;Trial Summary,ID;id;Descriptor;Designation;Designator,,"One or more characters used to identify, name, or characterize the nature, properties, or contents of a thing.",0,Identifier (C25364),0
IgM Autoantibody Measurement,C198280,IgM Autoantibody Measurement (C198280),C181397,Laboratory Tests;Immunogenicity Specimen Assessments;Autoantibody Measurements,ATIGMAB;IgM Autoantibody,Quantitative;Nominal,The determination of the amount of IgM autoantibody present in a sample.,1,Autoantibody Measurement (C181397); IgM Autoantibody Measurement (C198280),10
Imaging Procedure,C17369,Imaging Procedure (C17369),,Diagnostic Imaging;Medical Imaging;Diagnostic Procedures,,,"Any technology or method that aids in the visualization of any biological process, cell, tissue or organ for use in screening, diagnosis, surgical procedures or therapy.",0,Imaging Procedure (C17369),0
Immunodiagnostic Procedure,C15260,Immunodiagnostic Procedure (C15260),,Immunology Tests;Immunodiagnostic Procedure,,,Method used to identify disease using laboratory techniques involving interaction of antigens with specific antibodies.,0,Immunodiagnostic Procedure (C15260),0
Immunoglobulin A Measurement,C81969,Immunoglobulin A Measurement (C81969),,Laboratory Tests;Immunogenicity Specimen Assessments,,,The determination of the amount of immunoglobulin A present in a sample.,0,Immunoglobulin A Measurement (C81969),0
Immunology Test,C16723,Immunology Test (C16723),,Laboratory Tests,,,Laboratory test involving interaction of antigens with specific antibodies.,0,Immunology Test (C16723),0
Inclusion Criteria,C25532,Inclusion Criteria (C25532),C16112,Eligibility Criteria;Inclusion Exclusion Criteria,Inclusion,Ordinal,"Medical and/or social characteristics which are necessary for a subject to be allowed to participate in a clinical study, as outlined in the study protocol. Meeting inclusion criteria is not a sufficient condition for entry or recruitment of a subject into the study. Characteristics limiting the eligibility of a subject for the clinical study must be considered.",1,Clinical Trial Eligibility Criteria (C16112); Inclusion Criteria (C25532),5
Inclusion Exclusion Criteria Yes No Indicator,C83063,Inclusion Exclusion Criteria Yes No Indicator (C83063),C82438,Eligibility Criteria;Inclusion Exclusion Criteria Yes No Indicator,Inclusion Exclusion Criteria Yes No Indicator;IEYN,Nominal,An indication of whether inclusion or exclusion criteria has been met.,1,Event Occurrence Indicator (C82438); Inclusion Exclusion Criteria Yes No Indicator (C83063),2
Income,C41150,Income (C41150),,Socioeconomic Factors,,,"A gain or recurrent benefit during a period of time, usually measured in money that derives from capital or labor.",0,Income (C41150),0
Income Level,C154890,Income Level (C154890),C41150,Subject Characteristics,INCMLVL;Income Level,Ordinal;Quantitative,An indication of the position on a scale measuring compensation or monetary support.,1,Income (C41150); Income Level (C154890),3
Indian Health Service Insurance Indicator,C209684,Indian Health Service Insurance Indicator (C209684),C209446,Subject Characteristics,HIIHSIND;Indian Health Service Insurance Ind;Indian Health Service Insurance Indicator,Nominal,An indication as to whether the subject is covered by their own or a family member's U.S. Indian Health Service insurance.,2,Indicator (C25180); Health Insurance Indicator (C209446); Indian Health Service Insurance Indicator (C209684),3
Indication,C41184,Indication (C41184),,Clinical Trial Attribute;Trial Summary,Disease/Condition Indication;INDC,,"A sign, signal, circumstance, or symptom which serves to indicate or point out the cause, pathology, treatment, or issue of an attack of disease; the basis for initiation of a treatment for a disease or of a diagnostic test (causal, or symptomatic, or disease-specific indication).",0,Indication (C41184),0
Indicator,C25180,Indicator (C25180),,Clinical Findings Indicator;Clinical Trial Attribute;Death Diagnosis and Details;Disease Response;Event Occurrence Indicators;Exposure;Indicator;Oncology Standards;Recurrence;Reproductive Findings;Respiratory System Findings;Trial Summary;TU;Tumor/Lesion Identification;Urinary System Findings,,,"An event, entity or condition that typically characterizes a prescribed environment or situation and determines or aids in determining whether certain stated circumstances exist or criteria are satisfied.",0,Indicator (C25180),0
Indirect Antiglobulin Test,C91372,Indirect Antiglobulin Test (C91372),C25163,Laboratory Tests;Hematology Tests;Immunohematology Tests;Autoantibody Measurements;Antibody Measurements;Immunology Tests;Coombs Tests,ANGLBIND;Indirect Coombs Test;Indirect Anti-human Globulin Test;Antiglobulin Test Indirect,Ordinal;Quantitative,A test that uses Coombs' reagent to detect the presence of anti-erythrocyte antibodies in serum.,1,Coombs Test (C25163); Indirect Antiglobulin Test (C91372),4
Individual Surgically Sterile Indicator,C189355,Individual Surgically Sterile Indicator (C189355),C25180,Reproductive Findings;Clinical Findings Indicator;Indicator,SRGSTIND;Surgically Sterile Indicator,Nominal,An indication as to whether the individual has been surgically sterilized.,1,Indicator (C25180); Individual Surgically Sterile Indicator (C189355),2
Induced Abortion Indicator,C156588,Induced Abortion Indicator (C156588),C25180,Reproductive Findings;Clinical Findings Indicator;Indicator,INABOIND,Nominal,An indication as to whether the female subject has had an induced abortion procedure.,1,Indicator (C25180); Induced Abortion Indicator (C156588),2
Induration Longest Diameter,C122196,Induration Longest Diameter (C122196),C96684,Longest Diameter;Skin Response,IDRLDIAM,Quantitative,The longest diameter of an area of hardness in the skin.,2,Diameter (C25285); Longest Diameter (C96684); Induration Longest Diameter (C122196),7
Infant Less Than One Year Indicator,C171513,Infant Less Than One Year Indicator (C171513),C25180,Subject Characteristics,INL1YIND;Infant Less Than One Year Indicator,Nominal,An indication as to whether the subject is less than one year of age.,1,Indicator (C25180); Infant Less Than One Year Indicator (C171513),3
Infertility Indicator,C189356,Infertility Indicator (C189356),C25180,Reproductive Findings;Clinical Findings Indicator;Indicator,INFRTIND,Nominal,An indication as to whether the individual has experienced infertility.,1,Indicator (C25180); Infertility Indicator (C189356),2
Infiltrates Indicator,C171512,Infiltrates Indicator (C171512),C25180,Respiratory System Findings,INFLTIND,Nominal,An indication as to whether infiltrates have occurred.,1,Indicator (C25180); Infiltrates Indicator (C171512),2
Information Source for Cause of Death,C176287,Information Source for Cause of Death (C176287),C25683,Death Diagnosis and Details;Source,INFOSCOD;cause of death source,Nominal,The authoritative source that provided the cause of death information.,1,Source (C25683); Information Source for Cause of Death (C176287),2
Informed Consent,C16735,Informed Consent (C16735),,Subject Disposition;Protocol Milestones,Informed Consent Obtained,Nominal,Consent by a patient to a surgical or medical procedure or participation in a clinical study after achieving an understanding of the relevant medical facts and the risks involved.,0,Informed Consent (C16735),5
Inspiratory Capacity,C111362,Inspiratory Capacity (C111362),C38081,Respiratory System Findings;Pulmonary Function Test,IC,Quantitative,The maximum volume of air a subject can inhale into the lungs after a tidal exhalation (IRV plus TV).,1,Pulmonary Function Test (C38081); Inspiratory Capacity (C111362),3
Inspiratory Capacity Reversibility,C112321,Inspiratory Capacity Reversibility (C112321),C38081,Respiratory System Findings;Pulmonary Function Test,IC Reversibility;ICREV,Quantitative,The change in IC following administration of a bronchodilator relative to the pre-treatment IC value. (CDISC),1,Pulmonary Function Test (C38081); Inspiratory Capacity Reversibility (C112321),2
Inspiratory Reserve Volume,C111237,Inspiratory Reserve Volume (C111237),C38081,Respiratory System Findings;Pulmonary Function Test,IRV,Quantitative,The maximum volume of air a subject can inhale into the lungs after a tidal inhalation.,1,Pulmonary Function Test (C38081); Inspiratory Reserve Volume (C111237),3
Inspiratory Vital Capacity,C124423,Inspiratory Vital Capacity (C124423),C38081,Respiratory System Findings;Pulmonary Function Test,IVC,Quantitative,The maximum volume of gas an individual can inhale from the point of maximal exhalation.,1,Pulmonary Function Test (C38081); Inspiratory Vital Capacity (C124423),3
Interleukin 6 Measurement,C74834,Interleukin 6 Measurement (C74834),C74804,Laboratory Tests;Protein or Enzyme Measurements;Chemistry Tests,INTLK6;Interleukin 6,Quantitative;Ordinal,The determination of the amount of interleukin 6 present in a sample.,1,Cytokine Measurement (C74804); Interleukin 6 Measurement (C74834),4
International Normalized Ratio of Prothrombin Time,C64805,International Normalized Ratio of Prothrombin Time (C64805),C62656,Laboratory Tests;Chemistry Tests;Hematology Tests;Protein or Enzyme Type Measurements;Prothrombin Measurements;Coagulation Study,INR;Prothrombin Intl. Normalized Ratio,Quantitative,A measure of the extrinsic pathway of coagulation. The International Normalized Ratio of Prothrombin Time (INR) is the ratio of a patient prothrombin time to a normal (control) sample raised to the power of the International Sensitivity Index (ISI) with a range of 0.8 to 1.2 seconds.,2,Prothrombin Activity Measurement (C98774); Prothrombin Time (C62656); International Normalized Ratio of Prothrombin Time (C64805),5
Interpretation,C41255,Interpretation (C41255),C25391,Respiratory System Findings,INTERPRETATION;INTP,Nominal;Narrative,"An act or process of elucidation, explication, or explanation of the meaning of an event or thing.",1,Analysis (C25391); Interpretation (C41255),2
Intersex Diagnosis Indicator,C209687,Intersex Diagnosis Indicator (C209687),C25180,Subject Characteristics,ISXDXIND;Intersex Diagnosis Indicator,Nominal,An indication as to whether the participant or subject has been diagnosed as intersex.,1,Indicator (C25180); Intersex Diagnosis Indicator (C209687),3
Intervention Duration,C71465,Intervention Duration (C71465),,Clinical Trial Attribute;Trial Summary,Duration of Intervention,,The period of time during which an intervention continues.,0,Intervention Duration (C71465),0
Intervention Model,C98746,Intervention Model (C98746),C15320,Trial Summary,Intervention Model Type;Interventional Study Design;INTMODEL,Nominal,The trial design developed to compare treatment groups.,1,Study Design (C15320); Intervention Model (C98746),6
Intervention Type,C98747,Intervention Type (C98747),C25284,Trial Summary,INTTYPE;Study Intervention Type,Nominal,The kind of product or procedure studied in a trial.,1,Type (C25284); Intervention Type (C98747),6
Intraventricular and Intraatrial Conduction ECG Assessment,C111238,Intraventricular and Intraatrial Conduction ECG Assessment (C111238),C83146,Electrocardiogram Findings;Electrocardiogram Abnormalities;ECG Findings;ECG Abnormalities,IVTIACD;Intraventricular-Intraatrial Conduction,Nominal,An electrocardiographic assessment of the transmission of electrical impulses through the cardiac atria and ventricles.,1,Electrocardiogram Test (C83146); Intraventricular and Intraatrial Conduction ECG Assessment (C111238),7
Irregular Menstrual Periods Indicator,C189353,Irregular Menstrual Periods Indicator (C189353),C25180,Reproductive Findings;Clinical Findings Indicator;Indicator,IRRMPIND,Nominal,An indication as to whether the individual has experienced irregular menstrual periods.,1,Indicator (C25180); Irregular Menstrual Periods Indicator (C189353),2
Ischemic Evidence Type,C119236,Ischemic Evidence Type (C119236),C25284,Findings About Cardiovascular Events;Cardiovascular System Finding,ISCETYP,Nominal,A classification or description of the evidence of ischemia in the subject.,1,Type (C25284); Ischemic Evidence Type (C119236),6
Isometric Muscle Strength,C138967,Isometric Muscle Strength (C138967),,Musculoskeletal Finding;Isometric Muscle Strength,,,Isometric Muscle Strength.,0,Isometric Muscle Strength (C138967),0
"Isometric Muscle Strength, Abduction",C181496,"Isometric Muscle Strength, Abduction (C181496)",C139216,"Musculoskeletal Finding;Isometric Muscle Strength, Flexion",ISOMSABD,Quantitative,An assessment of muscle strength that measures the force produced by static muscle contraction during the movement of a body part away from the midline of the body.,2,"Isometric Muscle Strength (C138967); Isometric Muscle Strength, Flexion (C139216); Isometric Muscle Strength, Abduction (C181496)",6
"Isometric Muscle Strength, Adduction",C181500,"Isometric Muscle Strength, Adduction (C181500)",C138967,Musculoskeletal Finding;Isometric Muscle Strength,ISOMSADD,Quantitative,An assessment of muscle strength that measures the force produced by static muscle contraction during the movement of a body part toward the midline of the body.,1,"Isometric Muscle Strength (C138967); Isometric Muscle Strength, Adduction (C181500)",6
"Isometric Muscle Strength, Dorsiflexion",C181497,"Isometric Muscle Strength, Dorsiflexion (C181497)",C139216,"Musculoskeletal Finding;Isometric Muscle Strength, Flexion",ISOMSDOR,Quantitative,An assessment of muscle strength that measures the force produced by static muscle contraction during the movement of a body part bending upwards towards the dorsal surface of the body.,2,"Isometric Muscle Strength (C138967); Isometric Muscle Strength, Flexion (C139216); Isometric Muscle Strength, Dorsiflexion (C181497)",6
"Isometric Muscle Strength, Extension",C139215,"Isometric Muscle Strength, Extension (C139215)",C138967,Musculoskeletal Finding;Isometric Muscle Strength,ISOMSEXT,Quantitative,An assessment of muscle strength that measures the force produced by static muscle contraction during the straightening (unbending) movement between body parts.,1,"Isometric Muscle Strength (C138967); Isometric Muscle Strength, Extension (C139215)",6
"Isometric Muscle Strength, External Rotation",C181499,"Isometric Muscle Strength, External Rotation (C181499)",C138967,Musculoskeletal Finding;Isometric Muscle Strength,"ISOMSER;Isometric Muscle Strength, External Rotation",Quantitative,"An assessment of muscle strength that measures the force produced by static muscle contraction during the rotational movement of a body part outward, away from the body.",1,"Isometric Muscle Strength (C138967); Isometric Muscle Strength, External Rotation (C181499)",5
"Isometric Muscle Strength, Flexion",C139216,"Isometric Muscle Strength, Flexion (C139216)",C138967,Musculoskeletal Finding;Isometric Muscle Strength,ISOMSFL,Quantitative,An assessment of muscle strength that measures the force produced by static muscle contraction during the bending movement between body parts.,1,"Isometric Muscle Strength (C138967); Isometric Muscle Strength, Flexion (C139216)",6
"Isometric Muscle Strength, Internal Rotation",C181498,"Isometric Muscle Strength, Internal Rotation (C181498)",C138967,Musculoskeletal Finding;Isometric Muscle Strength,"ISOMSIR;Isometric Muscle Strength, Internal Rotation",Quantitative,"An assessment of muscle strength that measures the force produced by static muscle contraction during the rotational movement of a body part inward, toward the body.",1,"Isometric Muscle Strength (C138967); Isometric Muscle Strength, Internal Rotation (C181498)",5
KFSS - Bowel and Bladder Functions,C112614,KFSS - Bowel and Bladder Functions (C112614),C112460,QRS;Clinical or Research Assessment Classification;Kurtzke Functional Systems Scores Clinical Classification;KFSS;KFSS1;KFSS Questionnaire Question,KFSS1-Bowel and Bladder Functions;KFSS105;KFSS - Bowel and Bladder Functions,Ordinal;Nominal,Kurtzke Functional Systems Scores (KFSS) Bowel and bladder function.,3,Clinical or Research Assessment Question (C91102); CDISC QRS Instruments Questions (C211913); KFSS Questionnaire Question (C112460); KFSS - Bowel and Bladder Functions (C112614),4
KFSS - Brain Stem Functions,C112612,KFSS - Brain Stem Functions (C112612),C112460,QRS;Clinical or Research Assessment Classification;Kurtzke Functional Systems Scores Clinical Classification;KFSS;KFSS1;KFSS Questionnaire Question,KFSS1-Brain Stem Functions;KFSS103;KFSS - Brain Stem Functions,Ordinal;Nominal,Kurtzke Functional Systems Scores (KFSS) Brainstem functions.,3,Clinical or Research Assessment Question (C91102); CDISC QRS Instruments Questions (C211913); KFSS Questionnaire Question (C112460); KFSS - Brain Stem Functions (C112612),4
KFSS - Cerebellar Functions,C112610,KFSS - Cerebellar Functions (C112610),C112460,QRS;Clinical or Research Assessment Classification;Kurtzke Functional Systems Scores Clinical Classification;KFSS;KFSS1;KFSS Questionnaire Question,KFSS1-Cerebellar Functions;KFSS102;KFSS - Cerebellar Functions,Ordinal;Nominal,Kurtzke Functional Systems Scores (KFSS) Cerebellar functions.,3,Clinical or Research Assessment Question (C91102); CDISC QRS Instruments Questions (C211913); KFSS Questionnaire Question (C112460); KFSS - Cerebellar Functions (C112610),4
KFSS - Cerebral (or Mental) Functions,C112617,KFSS - Cerebral (or Mental) Functions (C112617),C112460,QRS;Clinical or Research Assessment Classification;Kurtzke Functional Systems Scores Clinical Classification;KFSS;KFSS1;KFSS Questionnaire Question,KFSS1-Cerebral or Mental Functions;KFSS107;KFSS - Cerebral (or Mental) Functions,Ordinal;Nominal,Kurtzke Functional Systems Scores (KFSS) Cerebral (or mental) functions.,3,Clinical or Research Assessment Question (C91102); CDISC QRS Instruments Questions (C211913); KFSS Questionnaire Question (C112460); KFSS - Cerebral (or Mental) Functions (C112617),4
KFSS - Other Functions,C113884,KFSS - Other Functions (C113884),C112460,QRS;Clinical or Research Assessment Classification;Kurtzke Functional Systems Scores Clinical Classification;KFSS;KFSS1;KFSS Questionnaire Question,KFSS1-Other Functions;KFSS108;KFSS - Other Functions,Ordinal;Nominal,Kurtzke Functional Systems Scores (KFSS) Other functions.,3,Clinical or Research Assessment Question (C91102); CDISC QRS Instruments Questions (C211913); KFSS Questionnaire Question (C112460); KFSS - Other Functions (C113884),4
KFSS - Other Functions Specify,C113885,KFSS - Other Functions Specify (C113885),C112460,QRS;Clinical or Research Assessment Classification;Kurtzke Functional Systems Scores Clinical Classification;KFSS;KFSS1;KFSS Questionnaire Question,KFSS1-Other Functions Specify;KFSS108A;KFSS - Other Functions Specify,Narrative,Kurtzke Functional Systems Scores (KFSS) Any other neurologic findings attributed to MS (specify).,3,Clinical or Research Assessment Question (C91102); CDISC QRS Instruments Questions (C211913); KFSS Questionnaire Question (C112460); KFSS - Other Functions Specify (C113885),3
KFSS - Presence of Temporal Pallor,C112616,KFSS - Presence of Temporal Pallor (C112616),C112460,QRS;Clinical or Research Assessment Classification;Kurtzke Functional Systems Scores Clinical Classification;KFSS;KFSS1;KFSS Questionnaire Question,KFSS1-Presence of Temporal Pallor;KFSS106A;KFSS - Presence of Temporal Pallor,Nominal,Kurtzke Functional Systems Scores (KFSS) Record number 1 in small box for presence of temporal pallor.,3,Clinical or Research Assessment Question (C91102); CDISC QRS Instruments Questions (C211913); KFSS Questionnaire Question (C112460); KFSS - Presence of Temporal Pallor (C112616),3
KFSS - Pyramidal Functions,C112609,KFSS - Pyramidal Functions (C112609),C112460,QRS;Clinical or Research Assessment Classification;Kurtzke Functional Systems Scores Clinical Classification;KFSS;KFSS1;KFSS Questionnaire Question,KFSS1-Pyramidal Functions;KFSS101;KFSS - Pyramidal Functions,Ordinal;Nominal,Kurtzke Functional Systems Scores (KFSS) Pyramidal functions.,3,Clinical or Research Assessment Question (C91102); CDISC QRS Instruments Questions (C211913); KFSS Questionnaire Question (C112460); KFSS - Pyramidal Functions (C112609),4
KFSS - Sensory Functions,C112613,KFSS - Sensory Functions (C112613),C112460,QRS;Clinical or Research Assessment Classification;Kurtzke Functional Systems Scores Clinical Classification;KFSS;KFSS1;KFSS Questionnaire Question,KFSS1-Sensory Functions;KFSS104;KFSS - Sensory Functions,Ordinal;Nominal,Kurtzke Functional Systems Scores (KFSS) Sensory function.,3,Clinical or Research Assessment Question (C91102); CDISC QRS Instruments Questions (C211913); KFSS Questionnaire Question (C112460); KFSS - Sensory Functions (C112613),4
KFSS - Visual (or Optic) Functions,C112615,KFSS - Visual (or Optic) Functions (C112615),C112460,QRS;Clinical or Research Assessment Classification;Kurtzke Functional Systems Scores Clinical Classification;KFSS;KFSS1;KFSS Questionnaire Question,KFSS1-Visual or Optic Functions;KFSS106;KFSS - Visual (or Optic) Functions,Ordinal;Nominal,Kurtzke Functional Systems Scores (KFSS) Visual function.,3,Clinical or Research Assessment Question (C91102); CDISC QRS Instruments Questions (C211913); KFSS Questionnaire Question (C112460); KFSS - Visual (or Optic) Functions (C112615),4
KFSS - Weakness Interferes With Testing,C112611,KFSS - Weakness Interferes With Testing (C112611),C112460,QRS;Clinical or Research Assessment Classification;Kurtzke Functional Systems Scores Clinical Classification;KFSS;KFSS1;KFSS Questionnaire Question,KFSS1-Weakness Interferes With Testing;KFSS102A;KFSS - Weakness Interferes With Testing,Nominal,Kurtzke Functional Systems Scores (KFSS) Record number 1 in small box when weakness (grade 3 or worse on pyramidal) interferes with testing.,3,Clinical or Research Assessment Question (C91102); CDISC QRS Instruments Questions (C211913); KFSS Questionnaire Question (C112460); KFSS - Weakness Interferes With Testing (C112611),3
KFSS Questionnaire Question,C112460,KFSS Questionnaire Question (C112460),C211913,QRS Instrument Questions,,,A question associated with the KFSS questionnaire.,2,Clinical or Research Assessment Question (C91102); CDISC QRS Instruments Questions (C211913); KFSS Questionnaire Question (C112460),0
KPS Scale - Karnofsky Performance Status,C100417,KPS Scale - Karnofsky Performance Status (C100417),C100116,QRS;Clinical or Research Assessment Classification;Karnofsky Performance Status Scale Clinical Classification;KPS SCALE;KPSS01;KPS Scale Questionnaire Question,KPSS01-Karnofsky Performance Status;KPSS0101;KPS Scale - Karnofsky Performance Status,Ordinal,Karnofsky Performance Status Scale (KPS Scale) Karnofsky Performance Status.,3,Clinical or Research Assessment Question (C91102); CDISC QRS Instruments Questions (C211913); KPS Scale Questionnaire Question (C100116); KPS Scale - Karnofsky Performance Status (C100417),4
KPS Scale Questionnaire Question,C100116,KPS Scale Questionnaire Question (C100116),C211913,QRS Instrument Questions,,,A question associated with the KPS Scale questionnaire.,2,Clinical or Research Assessment Question (C91102); CDISC QRS Instruments Questions (C211913); KPS Scale Questionnaire Question (C100116),0
Karnofsky Performance Status Scale Clinical Classification,C100768,Karnofsky Performance Status Scale Clinical Classification (C100768),C118969,QRS;Clinical or Research Assessment Classification;Karnofsky Performance Status Scale Clinical Classification;KPS SCALE;KPSS01,KPS SCALE;KPSS01,,"A standardized rating scale originally developed by David A. Karnofsky and Joseph H. Burchenal in 1949 which is used to evaluate the degree to which a patient is functionally impaired. This instrument consists of 3 sections, no special care needed, unable to work, and unable to care for one's self and is completed by a clinician based on their observations. There are a total of eleven levels ranging from 0-100 where 0 indicates that the patient is dead and 100 indicates that the patient is normal.",1,Clinical or Research Assessment Classification (C118969); Karnofsky Performance Status Scale Clinical Classification (C100768),4
Ketone Measurement,C64854,Ketone Measurement (C64854),C49237,Laboratory Tests;Chemistry Tests,Ketones,Quantitative;Ordinal,A quantitative measurement of the amount of ketones present in a sample.,1,Chemistry Test (C49237); Ketone Measurement (C64854),5
Keyword,C43513,Keyword (C43513),,Clinical Trial Attribute;Trial Summary,,,A word or small set of words designed to convey the subject of a technical article.,0,Keyword (C43513),0
Ki-67 Labeling Index,C157250,Ki-67 Labeling Index (C157250),C28042,Cancer Biomarkers;Molecular Measurements,Ki-67;Ki-67Anti-KI67 Labeling Index;Anti-Ki-67 Labeling Index;Anti-MKI67 Labeling Index;Ki-67 Labeling Index;Ki-67 MIB1 Labeling Index;MIB-1 Antibody Labeling Index;MIB-1 Labeling Index;MIB1 Antibody Labeling Index;MIB1 Labeling Index,Quantitative,The percentage of cells in a sample that are dividing that is determined by immunohistochemical staining techniques using MIB-1 antibody (anti-Ki-67 protein antibody).,1,Proliferative Index (C28042); Ki-67 Labeling Index (C157250),9
Knee to Heel Length Measurement,C84372,Knee to Heel Length Measurement (C84372),C49680,Vital Signs;Body Measurements,Knee to Heel Length;KNEEHEEL;Knee Height;Lower Leg Length,Quantitative,A measurement of the length of the lower leg from the top of the knee to the bottom of the heel. This measurement may be taken with a knemometer or calipers.,1,Body Frame Size (C49680); Knee to Heel Length Measurement (C84372),3
Knowledge Field,C70772,Knowledge Field (C70772),,Clinical Trial Attribute;Trial Summary,Content Area;Field,,A branch of knowledge.,0,Knowledge Field (C70772),0
Kurtzke Functional Systems Scores Clinical Classification,C112522,Kurtzke Functional Systems Scores Clinical Classification (C112522),C118969,QRS;Clinical or Research Assessment Classification;Kurtzke Functional Systems Scores Clinical Classification;KFSS;KFSS1,KFSS,,"A standardized rating scale developed by John F. Kurtzke in 1983 to measure the level of functioning in people with multiple sclerosis based on a standard neurological examination. The questionnaire contains 7 functional system; pyramidal functions, cerebellar functions, brainstem functions, sensory function, bowel and bladder function, visual function, and cerebral (or mental) functions. The functional system (FS) scores collected from this questionnaire are used in conjunction with observations and information regarding ambulation and the use of assistive devices to rate the EDSS.",1,Clinical or Research Assessment Classification (C118969); Kurtzke Functional Systems Scores Clinical Classification (C112522),4
Lab Findings of New or Worsening Heart Failure,C119232,Lab Findings of New or Worsening Heart Failure (C119232),C36292,Findings About Cardiovascular Events;Cardiovascular System Finding;Laboratory Test Result,HFLBFNW;Heart Failure New/Worsening Lab Findings,Nominal;Ordinal,"A description of the clinical, laboratory or molecular evidence of heart failure that can be classified as new or worsening.",1,Laboratory Test Result (C36292); Lab Findings of New or Worsening Heart Failure (C119232),6
Laboratory Test Result,C36292,Laboratory Test Result (C36292),,Laboratory Test Result,,,The outcome of a laboratory test.,0,Laboratory Test Result (C36292),0
Lack of Efficacy [RETIRED],C48226,Lack of Efficacy [RETIRED] (C48226),,Subject Disposition,,,The lack of expected or desired effect related to a therapy. [RETIRED],0,Lack of Efficacy [RETIRED] (C48226),0
Lactate Dehydrogenase Measurement,C64855,Lactate Dehydrogenase Measurement (C64855),C49237,Laboratory Tests;Chemistry Tests;Protein or Enzyme Measurements,Lactate Dehydrogenase;LDH,Quantitative,A quantitative measurement of the amount of lactate dehydrogenase present in a sample.,1,Chemistry Test (C49237); Lactate Dehydrogenase Measurement (C64855),5
Last Menstrual Period,C81257,Last Menstrual Period (C81257),C117720,Reproductive Findings;Start Date,LMPSTDTC;LMP;Last Menstrual Period Start Date,Temporal,The date of the first day of the most recent menstrual cycle.,1,Female Reproductive System Finding (C117720); Last Menstrual Period (C81257),2
Lead Device,C50282,Lead Device (C50282),,Clinical Trial Attribute;Trial Summary,Patient Lead;Lead,,An insulated electrical conductor designed to connect to an electrical device.,0,Lead Device (C50282),0
Lean Body Mass,C71258,Lean Body Mass (C71258),C19332,Vital Signs;Mass Measurement,LBM,Quantitative,The mass of the body minus the fat.,1,Personal Attribute (C19332); Lean Body Mass (C71258),3
Lean Body Mass to Total Body Mass Ratio Measurement,C139219,Lean Body Mass to Total Body Mass Ratio Measurement (C139219),C19332,Vital Signs;Mass Measurement,LBMTBMR,Quantitative,The proportion of an individual's lean body mass to his total body weight; lean body mass is calculated by subtracting body fat from total body weight.,1,Personal Attribute (C19332); Lean Body Mass to Total Body Mass Ratio Measurement (C139219),3
Lean Mass,C158257,Lean Mass (C158257),C19332,Musculoskeletal Finding;Personal Attribute,LEANMASS,Quantitative,"The weight of a body part or whole body, minus the weight of the fat associated with that body part or whole body.",1,Personal Attribute (C19332); Lean Mass (C158257),6
Lean Tissue Mass Measurement,C199997,Lean Tissue Mass Measurement (C199997),C112025,Vital Signs;Mass Measurement,Lean Tissue Mass;LTM,Quantitative,The weight of a tissue part or whole tissue in an individual less the weight of the individual's body fat within that tissue part or whole tissue.,1,Mass Measurement (C112025); Lean Tissue Mass Measurement (C199997),3
Length,C25334,Length (C25334),,Findings;Clinical Test Result;Urinary System Findings,Length;LENGTH,Quantitative,"The linear extent in space from one end of something to the other end, or the extent of something from beginning to end.",0,Length (C25334),5
Lesion Identification,C94189,Lesion Identification (C94189),,Findings;Identification;Work-ups,,,The identification of a non-neoplastic or neoplastic pathologic process during the diagnostic work-up of a disease.,0,Lesion Identification (C94189),0
Leukocyte Count,C51948,Leukocyte Count (C51948),C28133,Laboratory Tests;Hematology Tests;Blood Cell Counts,WBC;White Blood Cells,Quantitative;Ordinal,A test to determine the number of leukocytes in a biospecimen.,2,Hematology Test (C49286); Blood Cell Count (C28133); Leukocyte Count (C51948),6
Lifestyle,C16795,Lifestyle (C16795),,Behaviors,,,A manner of living that reflects the person's values and attitudes.,0,Lifestyle (C16795),0
Lipid Measurement,C74949,Lipid Measurement (C74949),C49237,Laboratory Tests;Chemistry Tests;Lipid Measurements,LIPID;Total Lipid,Quantitative,"A quantitative measurement of the amount of lipids (cholesterol, lipoproteins, and triglycerides) present in a sample.",1,Chemistry Test (C49237); Lipid Measurement (C74949),0
Liquid Biopsy,C135727,Liquid Biopsy (C135727),C15189,Diagnostic Procedure;Blood Cell Counts,Plasma Biopsy,Nominal;Ordinal,"Sampling and analysis of non-solid biological material (primarily blood), usually to determine if cancer cells or circulating-free cancer DNA is present.",2,Diagnostic Procedure (C18020); Biopsy Procedure (C15189); Liquid Biopsy (C135727),5
Live Birth Indicator,C156589,Live Birth Indicator (C156589),C25180,Reproductive Findings;Clinical Findings Indicator;Indicator,BRTLVIND,Nominal,An indication as to whether the subject has delivered live-born offspring.,1,Indicator (C25180); Live Birth Indicator (C156589),2
Liver Function Test,C74954,Liver Function Test (C74954),C49237,Laboratory Tests,,Quantitative,"The quantitative measurement of liver enzymes in the blood, which is useful in assessing the functional state of a patient's liver. Liver function tests include the measurement of albumin, alanine transaminase, aspartate transaminase, alkaline phosphatase, bilirubin, and gamma glutamyl transferase.",1,Chemistry Test (C49237); Liver Function Test (C74954),0
Living Quarters,C86029,Living Quarters (C86029),C16632,Subject Characteristics,DWELLTYP;Dwelling Type;Housing;Living Quarters,Nominal,Housing in which people can reside.,1,Geographic Area (C16632); Living Quarters (C86029),3
Living with Subject Indicator,C135502,Living with Subject Indicator (C135502),C25180,Subject Characteristics,LVSBJIND;Living with Subject Indicator,Nominal,An indication as to whether the associated person is living with the subject.,1,Indicator (C25180); Living with Subject Indicator (C135502),3
Lobar Volume,C174232,Lobar Volume (C174232),C38081,Respiratory System Findings;Pulmonary Function Test,LOBVOL,Quantitative,A measurement of the total volume of gas in a lobe of the lung at a specified point in time during the respiratory cycle.,1,Pulmonary Function Test (C38081); Lobar Volume (C174232),3
Locally Recurrent Disease,C176551,Locally Recurrent Disease (C176551),C38155,Disease Response;Recurrence,Local Recurrence,Ordinal,The return of a disease after a period of remission at the site in which it initially manifested or adjacent to it.,1,Recurrent Disease (C38155); Locally Recurrent Disease (C176551),4
Location,C25341,Location (C25341),,Location,,,"A position, site, or point in space where something can be found.",0,Location (C25341),0
Location of Death,C124331,Location of Death (C124331),C25341,Death Diagnosis and Details;Location,LOCDTH;Location of Death,Nominal,The physical place at which the subject ceased to live.,1,Location (C25341); Location of Death (C124331),2
Longest Diameter,C96684,Longest Diameter (C96684),C25285,Oncology Standards;Tumor/Lesion Results;TR;RECIST 1.1,LDIAM,Quantitative,The longest possible length of a straight line passing through the center of a circular or spheroid object that connects two points on the circumference.,1,Diameter (C25285); Longest Diameter (C96684),10
Longest Perpendicular,C96685,Longest Perpendicular (C96685),C96557,Oncology Standards;Tumor/Lesion Results;TR;RECIST 1.1,LPERP;Short Axis Diameter,Quantitative,The longest possible straight line or plane through a body or figure that is at a right angle to a given line or plane.,1,Perpendicular (C96557); Longest Perpendicular (C96685),10
Lost To Follow-Up [RETIRED],C48227,Lost To Follow-Up [RETIRED] (C48227),,Subject Disposition,,,The loss or lack of continuation of subject participation after a study has officially closed. [RETIRED],0,Lost To Follow-Up [RETIRED] (C48227),0
Low Density Lipoprotein Cholesterol Measurement,C105588,Low Density Lipoprotein Cholesterol Measurement (C105588),C74949,Laboratory Tests;Chemistry Tests;Lipid Measurements,LDL;LDL Cholesterol,Quantitative,The determination of the amount of low-density lipoprotein cholesterol present in a sample.,2,Chemistry Test (C49237); Lipid Measurement (C74949); Low Density Lipoprotein Cholesterol Measurement (C105588),5
Lumpectomy,C15755,Lumpectomy (C15755),C15280,Surgeries;Breast Cancer Procedures,Lumpectomy;Lumpectomy of Breast;Partial Mastectomy;lumpectomy;partial mastectomy,Nominal,The surgical removal of a discrete mass.,1,Breast Conservation Treatment (C15280); Lumpectomy (C15755),11
Lung Clearance Index,C124425,Lung Clearance Index (C124425),C38081,Respiratory System Findings;Pulmonary Function Test,LCI,Quantitative,"A representative measurement of the number of times the volume of gas in the lung at the start of the washout (the Functional Residual Capacity) must be recycled to eliminate the tracer to the pre-defined endpoint. Practically, this is the point where the end tidal concentration of inert gas is less than 1/40th of the opening concentration.",1,Pulmonary Function Test (C38081); Lung Clearance Index (C124425),2
Lung Clearance Index to 2.5% Initial Concentration,C201473,Lung Clearance Index to 2.5% Initial Concentration (C201473),C124425,Respiratory System Findings,LCI to 1/40th Initial Concentration;LCI to 2.5% Initial Concentration;LCI2_5;Lung Clearance Index to 1/40th Initial Concentration,Quantitative,A representative measurement of the number of times the volume of air in the lung at the start of the washout (the Functional Residual Capacity) must be recycled to decrease the tracer to 2.5% (or 1/40th) of its initial concentration.,2,Pulmonary Function Test (C38081); Lung Clearance Index (C124425); Lung Clearance Index to 2.5% Initial Concentration (C201473),2
Lung Clearance Index to 5% Initial Concentration,C201472,Lung Clearance Index to 5% Initial Concentration (C201472),C124425,Respiratory System Findings,LCI to 1/20th Initial Concentration;LCI to 5% Initial Concentration;LCI5;Lung Clearance Index to 1/20th Initial Concentration,Quantitative,A representative measurement of the number of times the volume of air in the lung at the start of the washout (the Functional Residual Capacity) must be recycled to decrease the tracer to 5% (or 1/20th) of its initial concentration.,2,Pulmonary Function Test (C38081); Lung Clearance Index (C124425); Lung Clearance Index to 5% Initial Concentration (C201472),2
Lymph Node Biopsy,C51900,Lymph Node Biopsy (C51900),C217124,Diagnostic Procedures;Biopsies,Biopsy of Lymph Node,Nominal,A test in which a lymph node or a piece of a lymph node is removed for examination under a microscope for signs of infection or disease such as cancer.,1,Biopsy Procedure by Anatomic Location (C217124); Lymph Node Biopsy (C51900),11
Lymph Node State,C124448,Lymph Node State (C124448),C135508,Oncology Standards;Tumor/Lesion Results;TR;RECIST 1.1,LNSTATE,Nominal,A condition or state of a lymph node at a particular time.,1,Organ State (C135508); Lymph Node State (C124448),9
Lymphadenectomy,C15275,Lymphadenectomy (C15275),,Diagnostic Procedures;Biopsies,Lymph Node Dissection;Lymph Node Excision;Excision of the Lymph Node,Nominal,"Surgical removal of lymph nodes, usually done to assess the spread of cancer.",0,Lymphadenectomy (C15275),11
Lymphocyte Count,C51949,Lymphocyte Count (C51949),C51948,Laboratory Tests;Hematology Tests;Blood Cell Counts;White Blood Cell Counts,Lymphocytes,Quantitative,The determination of the number of lymphocytes in a blood sample.,3,Hematology Test (C49286); Blood Cell Count (C28133); Leukocyte Count (C51948); Lymphocyte Count (C51949),5
MVAI - Dominant Feature,C191064,MVAI - Dominant Feature (C191064),C190945,Clinical or Research Assessment Classification;Modified Van Assche Index Clinical Classification Question;Modified Van Assche Index Clinical Classification;MVAI;MVAI1,MVAI1-Dominant Feature;MVAI105;MVAI - Dominant Feature,Ordinal,Modified Van Assche Index (MVAI) Dominant feature.,3,Clinical or Research Assessment Question (C91102); CDISC QRS Instruments Questions (C211913); Modified Van Assche Index Clinical Classification Question (C190945); MVAI - Dominant Feature (C191064),4
MVAI - Extension,C191060,MVAI - Extension (C191060),C190945,Clinical or Research Assessment Classification;Modified Van Assche Index Clinical Classification Question;Modified Van Assche Index Clinical Classification;MVAI;MVAI1,MVAI1-Extension;MVAI101;MVAI - Extension,Ordinal,Modified Van Assche Index (MVAI) Extension.,3,Clinical or Research Assessment Question (C91102); CDISC QRS Instruments Questions (C211913); Modified Van Assche Index Clinical Classification Question (C190945); MVAI - Extension (C191060),4
MVAI - Hyperintensity T2-weighted Images,C191061,MVAI - Hyperintensity T2-weighted Images (C191061),C190945,Clinical or Research Assessment Classification;Modified Van Assche Index Clinical Classification Question;Modified Van Assche Index Clinical Classification;MVAI;MVAI1,MVAI1-Hyperintensity T2-weighted Images;MVAI102;MVAI - Hyperintensity T2-weighted Images,Ordinal,Modified Van Assche Index (MVAI) Hyperintensity T2-weighted images.,3,Clinical or Research Assessment Question (C91102); CDISC QRS Instruments Questions (C211913); Modified Van Assche Index Clinical Classification Question (C190945); MVAI - Hyperintensity T2-weighted Images (C191061),4
MVAI - Inflammatory Mass,C191063,MVAI - Inflammatory Mass (C191063),C190945,Clinical or Research Assessment Classification;Modified Van Assche Index Clinical Classification Question;Modified Van Assche Index Clinical Classification;MVAI;MVAI1,MVAI1-Inflammatory Mass;MVAI104;MVAI - Inflammatory Mass,Ordinal,Modified Van Assche Index (MVAI) Inflammatory mass.,3,Clinical or Research Assessment Question (C91102); CDISC QRS Instruments Questions (C211913); Modified Van Assche Index Clinical Classification Question (C190945); MVAI - Inflammatory Mass (C191063),4
MVAI - Rectal Wall Involvement,C191062,MVAI - Rectal Wall Involvement (C191062),C190945,Clinical or Research Assessment Classification;Modified Van Assche Index Clinical Classification Question;Modified Van Assche Index Clinical Classification;MVAI;MVAI1,MVAI1-Rectal Wall Involvement;MVAI103;MVAI - Rectal Wall Involvement,Ordinal,Modified Van Assche Index (MVAI) Rectal wall involvement.,3,Clinical or Research Assessment Question (C91102); CDISC QRS Instruments Questions (C211913); Modified Van Assche Index Clinical Classification Question (C190945); MVAI - Rectal Wall Involvement (C191062),4
MVAI - Total Score,C191065,MVAI - Total Score (C191065),C190945,Clinical or Research Assessment Classification;Modified Van Assche Index Clinical Classification Question;Modified Van Assche Index Clinical Classification;MVAI;MVAI1,MVAI1-Total Score;MVAI106;MVAI - Total Score,Ordinal,Modified Van Assche Index (MVAI) Total score.,3,Clinical or Research Assessment Question (C91102); CDISC QRS Instruments Questions (C211913); Modified Van Assche Index Clinical Classification Question (C190945); MVAI - Total Score (C191065),4
Macrocyte Count,C64821,Macrocyte Count (C64821),C51946,Laboratory Tests;Hematology Tests;Blood Cell Counts;Erythrocyte Counts,Macrocytes;MACROCY,Ordinal,The determination of the number of macrocytes in a blood sample.,3,Hematology Test (C49286); Blood Cell Count (C28133); Erythrocyte Count (C51946); Macrocyte Count (C64821),4
Macroscopic Blood Measurement,C147390,Macroscopic Blood Measurement (C147390),C49237,Laboratory Tests;Chemistry Tests,Visible Blood;Macroscopic Blood;MACROBLD,Ordinal,The determination of the amount or presence of macroscopic blood present in a sample.,1,Chemistry Test (C49237); Macroscopic Blood Measurement (C147390),5
Magnesium Measurement,C64840,Magnesium Measurement (C64840),C74946,Laboratory Tests;Chemistry Tests;Electrolyte Measurements,Magnesium;MG,Quantitative;Ordinal,A quantitative measurement of the amount of magnesium present in a sample.,2,Chemistry Test (C49237); Electrolyte Measurement (C74946); Magnesium Measurement (C64840),5
Magnetic Resonance Imaging,C16809,Magnetic Resonance Imaging (C16809),C16502,Diagnostic Imaging;Medical Imaging,Magnetic Resonance;MRI;MRI Scan;NMR;NMR Imaging,Nominal,"Imaging that uses radiofrequency waves and a strong magnetic field rather than x-rays to provide detailed pictures of internal organs and tissues. The technique is valuable for the diagnosis of many pathologic conditions, including cancer, heart and vascular disease, stroke, and joint and musculoskeletal disorders.",1,Diagnostic Imaging Testing (C16502); Magnetic Resonance Imaging (C16809),11
Malignant Disease Indicator,C161423,Malignant Disease Indicator (C161423),C181043,Respiratory System Findings,Malignancy Indicator;MALIND,Nominal,An indication as to whether a malignancy is present.,1,Clinical Findings Indicator (C181043); Malignant Disease Indicator (C161423),2
MammaPrint Index,C199199,MammaPrint Index (C199199),C190808,Diagnostic Tests;Diagnostic Procedures;Gene Expression Analysis,MammaPrint Index Score;MPI,Quantitative;Nominal,A predictive score for breast cancer reoccurrence based on the expression activity of 70 genes. The results are presented as a score between -1 and 1 with negative scores correlating with low risk of reoccurrence and positive scores correlating with high risk of reoccurrence.,1,Recurrence Risk Score (C190808); MammaPrint Index (C199199),7
Mammography,C16818,Mammography (C16818),C16502,Diagnostic Imaging;Medical Imaging;Breast Cancer Diagnostic Procedures,MG,Nominal,"A type of radiography used specifically to examine breast tissue. The procedure utilizes a low-dose of x-rays or radiation to generate an image. A mammography exam or mammogram, is used as a screening tool to detect early breast cancer in women experiencing no symptoms and to detect and diagnose breast disease.",1,Diagnostic Imaging Testing (C16502); Mammography (C16818),11
Mandibular Length,C174233,Mandibular Length (C174233),,Vital Signs;Body Measurements,MANDL,Quantitative,A measurement of the length of the mandible.,0,Mandibular Length (C174233),3
Marital Status,C25188,Marital Status (C25188),C171086,Subject Characteristics,MARISTAT;Marital or partnership status;Marital Status;marital_status;MaritalStatus;MaritalStatusUB92,Nominal,A demographic parameter indicating a person's current conjugal status.,1,Person Status (C171086); Marital Status (C25188),3
Mass Indicator,C154886,Mass Indicator (C154886),C181043,Reproductive Findings;Clinical Findings Indicator;Indicator,MASSIND,Nominal,An indication as to whether a mass is present.,1,Clinical Findings Indicator (C181043); Mass Indicator (C154886),4
Mass Measurement,C112025,Mass Measurement (C112025),,Musculoskeletal Finding;Mass Measurement,,,A measurement of the mass of an item of interest.,0,Mass Measurement (C112025),0
Mastectomy,C15277,Mastectomy (C15277),C157802,Surgeries;Breast Cancer Procedures,Mammectomy;Mastectomy;Partial Mastectomy,Nominal,Surgical removal of the breast.,1,Breast Surgery (C157802); Mastectomy (C15277),10
Matted Tumor Mass Present,C94525,Matted Tumor Mass Present (C94525),C82547,Abnormal Finding;Tumor Identification,,Nominal,A finding indicating the presence of a malignant tumor mass that is formed following the spread of a malignant tumor to two or more adjacent lymph nodes and the resulting fusion and enlargement of the lymph nodes.,1,Abnormal Finding (C82547); Matted Tumor Mass Present (C94525),10
Mature Plasma Cell to Total Cell Ratio Measurement,C98869,Mature Plasma Cell to Total Cell Ratio Measurement (C98869),C67208,Laboratory Tests;Hematology Tests;Blood Cell Counts,PLSMCECE;Mature Plasma Cells/Total Cells,Quantitative,The determination of the ratio of mature plasma cells compared to total cells present in a sample. The measurement may be expressed as a ratio or percentage.,3,Hematology Test (C49286); Blood Cell Count (C28133); Blood Cell Count Ratio Measurement (C67208); Mature Plasma Cell to Total Cell Ratio Measurement (C98869),5
Maximal Expiratory Pressure,C135494,Maximal Expiratory Pressure (C135494),C38081,Respiratory System Findings;Pulmonary Function Test,MEP,Quantitative,"The greatest amount of pressure that can be generated by exhaling against a mouthpiece, which is a measure of the strength of respiratory muscles.",1,Pulmonary Function Test (C38081); Maximal Expiratory Pressure (C135494),3
Maximal Inspiratory Pressure,C135496,Maximal Inspiratory Pressure (C135496),C38081,Respiratory System Findings;Pulmonary Function Test,MIP;Negative Inspiratory Force;NIF,Quantitative,"The greatest amount of pressure that can be generated during inhalation against a fully occluded airway, which is used to measure the strength of respiratory muscles.",1,Pulmonary Function Test (C38081); Maximal Inspiratory Pressure (C135496),3
"Maximal Oxygen Consumption, Estimated",C174363,"Maximal Oxygen Consumption, Estimated (C174363)",C123570,Respiratory System Findings,Estimated Maximal Aerobic Capacity;VO2MAXE,Quantitative,The predicted maximum rate of oxygen uptake that is derived from physiological responses to submaximal exercise performance and is used as a measure of cardiorespiratory fitness.,2,"Pulmonary Function Test (C38081); Oxygen Consumption (C123570); Maximal Oxygen Consumption, Estimated (C174363)",3
Maximal Oxygen Uptake,C178242,Maximal Oxygen Uptake (C178242),C45233,Respiratory System Findings,Maximal Oxygen Consumption;VO2MAX;V'O2 Max;VO2 Max;VO2max,Quantitative,The point at which oxygen uptake no longer increases and beyond which no level of effort can raise it.,1,Respiratory System Finding (C45233); Maximal Oxygen Uptake (C178242),3
Maximum Forced Inspiratory Flow,C112333,Maximum Forced Inspiratory Flow (C112333),C38081,Respiratory System Findings;Pulmonary Function Test,FIFMAX;FIFmax,Quantitative,Forced inspiratory flow for a portion of the FVC curve at the point where the maximum portion of FVC is already inhaled. (CDISC),1,Pulmonary Function Test (C38081); Maximum Forced Inspiratory Flow (C112333),3
Maximum Predicted Heart Rate,C147492,Maximum Predicted Heart Rate (C147492),C49677,Vital Signs,MAXPREHR,Quantitative,"The predicted upper limit for an individual's heart rate, which is calculated as 220 minus the subject's age for men, and 210 minus the subject's age for women.",2,Vital Signs Measurement (C49672); Heart Rate (C49677); Maximum Predicted Heart Rate (C147492),3
Mean Arterial Pressure,C49679,Mean Arterial Pressure (C49679),C54706,Vital Signs;Blood Pressure,MAP,Quantitative,"The mean pressure of the blood within the arterial circulation. The arterial pressure may be directly measured by insertion of an intra-arterial catheter connected to a transducer. The mean arterial pressure (MAP) can be calculated by subsequent analysis of the waveform. MAP can be approximated without an invasive procedure using the following formula: diastolic pressure plus 1/3 of the pulse pressure, where pulse pressure is systolic pressure - diastolic pressure.",2,Vital Signs Measurement (C49672); Blood Pressure (C54706); Mean Arterial Pressure (C49679),3
Mean Carbon Monoxide Diffusing Capability Test,C123564,Mean Carbon Monoxide Diffusing Capability Test (C123564),C38083,Respiratory System Findings,DLCOM;Mean Diffusion Capacity of Lung for CO;Mean TLCO,Quantitative,The mean volume of the carbon monoxide that is transferred from inspired gas into the pulmonary capillary blood.,2,Pulmonary Function Test (C38081); Carbon Monoxide Diffusing Capability Test (C38083); Mean Carbon Monoxide Diffusing Capability Test (C123564),3
Mean Diameter,C120716,Mean Diameter (C120716),,Mean Diameter,,,The arithmetic mean of a range of values that describe the diameter of an entity.,0,Mean Diameter (C120716),0
Mean Heart Rate by Electrocardiogram,C119259,Mean Heart Rate by Electrocardiogram (C119259),C62085,Electrocardiogram Findings;Electrocardiogram Measurements;ECG Measurements,ECG Mean Heart Rate;EKG Mean Heart Rate;EGHRMN,Quantitative,"The calculated average rate of depolarisation of a specific region of the heart, most often the ventricles, as measured and recorded by an electrocardiograph during a specified, extended period of time, and which is usually expressed in beats per minute.",1,ECG Measurement (C62085); Mean Heart Rate by Electrocardiogram (C119259),8
Medicaid Indicator,C209688,Medicaid Indicator (C209688),C209446,Subject Characteristics,MDCDIND;Medicaid Indicator,Nominal,An indication as to whether the subject is covered by Medicaid.,2,Indicator (C25180); Health Insurance Indicator (C209446); Medicaid Indicator (C209688),3
Medical Examination Assessment,C25305,Medical Examination Assessment (C25305),,Medical Examination,,,"An appraisal or evaluation of a patient's condition by a clinician that is based on a physical exam, medical history, and the patient's account of symptoms.",0,Medical Examination Assessment (C25305),0
Medical History Reported Term [RETIRED],C83118,Medical History Reported Term [RETIRED] (C83118),C82571,Reported Events;Medical History Events;Medical Conditions;Presenting Conditions,Medical History;MHTERM,Nominal,The verbatim description of the medical history being reported. [RETIRED],1,Reported Event Term [RETIRED] (C82571); Medical History Reported Term [RETIRED] (C83118),6
Medical History Yes No Indicator,C85522,Medical History Yes No Indicator (C85522),C82438,Event Occurrence Indicators,MHYN,Nominal,An indication of whether a medical history has been taken.,1,Event Occurrence Indicator (C82438); Medical History Yes No Indicator (C85522),2
Medical Procedure Yes No Indicator,C219640,Medical Procedure Yes No Indicator (C219640),C82438,Event Occurrence Indicators;Medical Procedure,PRYN,Nominal,An indication of whether a medical procedure has taken place.,1,Event Occurrence Indicator (C82438); Medical Procedure Yes No Indicator (C219640),2
"Medical Research Council Manual Muscle Test Score, Abduction",C139231,"Medical Research Council Manual Muscle Test Score, Abduction (C139231)",C25338,Musculoskeletal Finding;Score,"MMTABDT;MRC MMT Score, Abduction",Ordinal,"The numerical value that represents the result of a clinical assessment of muscle strength and function during abduction that is based on the Medical Research Council Manual Muscle Test. (Medical Research Council. Aids to examination of the peripheral nervous system. Memorandum no. 45, superseding War Memorandum No. 7. London: Her Majesty's Stationary Office; 1976. doi:10.1016/0022-510X(77)90205-2).",1,"Score (C25338); Medical Research Council Manual Muscle Test Score, Abduction (C139231)",5
"Medical Research Council Manual Muscle Test Score, Dorsiflexion",C139233,"Medical Research Council Manual Muscle Test Score, Dorsiflexion (C139233)",C25338,Musculoskeletal Finding;Score,"MMTDORS;MRC MMT Score, Dorsiflexion",Ordinal,"The numerical value that represents the result of a clinical assessment of muscle strength and function during dorsiflexion that is based on the Medical Research Council Manual Muscle Test. (Medical Research Council. Aids to examination of the peripheral nervous system. Memorandum no. 45, superseding War Memorandum No. 7. London: Her Majesty's Stationary Office; 1976. doi:10.1016/0022-510X(77)90205-2).",1,"Score (C25338); Medical Research Council Manual Muscle Test Score, Dorsiflexion (C139233)",5
"Medical Research Council Manual Muscle Test Score, Eversion",C139235,"Medical Research Council Manual Muscle Test Score, Eversion (C139235)",C25338,Musculoskeletal Finding;Score,"MMTEVE;MRC MMT Score, Eversion",Ordinal,"The numerical value that represents the result of a clinical assessment of muscle strength and function during eversion that is based on the Medical Research Council Manual Muscle Test. (Medical Research Council. Aids to examination of the peripheral nervous system. Memorandum no. 45, superseding War Memorandum No. 7. London: Her Majesty's Stationary Office; 1976. doi:10.1016/0022-510X(77)90205-2).",1,"Score (C25338); Medical Research Council Manual Muscle Test Score, Eversion (C139235)",5
"Medical Research Council Manual Muscle Test Score, Extension",C139228,"Medical Research Council Manual Muscle Test Score, Extension (C139228)",C25338,Musculoskeletal Finding;Score,"MMTEXT;MRC MMT Score, Extension",Ordinal,"The numerical value that represents the result of a clinical assessment of muscle strength and function during extension that is based on the Medical Research Council Manual Muscle Test. (Medical Research Council. Aids to examination of the peripheral nervous system. Memorandum no. 45, superseding War Memorandum No. 7. London: Her Majesty's Stationary Office; 1976. doi:10.1016/0022-510X(77)90205-2).",1,"Score (C25338); Medical Research Council Manual Muscle Test Score, Extension (C139228)",5
"Medical Research Council Manual Muscle Test Score, Flexion",C139230,"Medical Research Council Manual Muscle Test Score, Flexion (C139230)",C25338,Musculoskeletal Finding;Score,"MMTFLX;MRC MMT Score, Flexion",Ordinal,"The numerical value that represents the result of a clinical assessment of muscle strength and function during flexion that is based on the Medical Research Council Manual Muscle. (Medical Research Council. Aids to examination of the peripheral nervous system. Memorandum no. 45, superseding War Memorandum No. 7. London: Her Majesty's Stationary Office; 1976. doi:10.1016/0022-510X(77)90205-2).",1,"Score (C25338); Medical Research Council Manual Muscle Test Score, Flexion (C139230)",5
"Medical Research Council Manual Muscle Test Score, Inversion",C139234,"Medical Research Council Manual Muscle Test Score, Inversion (C139234)",C25338,Musculoskeletal Finding;Score,"MMTINV;MRC MMT Score, Inversion",Ordinal,"The numerical value that represents the result of a clinical assessment of muscle strength and function during inversion that is based on the Medical Research Council Manual Muscle Test. (Medical Research Council. Aids to examination of the peripheral nervous system. Memorandum no. 45, superseding War Memorandum No. 7. London: Her Majesty's Stationary Office; 1976. doi:10.1016/0022-510X(77)90205-2).",1,"Score (C25338); Medical Research Council Manual Muscle Test Score, Inversion (C139234)",5
"Medical Research Council Manual Muscle Test Score, Lateral Rotation",C139232,"Medical Research Council Manual Muscle Test Score, Lateral Rotation (C139232)",C25338,Musculoskeletal Finding;Score,"MMTLR;MRC MMT Score, Lat. Rotat.;MRC MMT Score, Lateral Rotation",Ordinal,"The numerical value that represents the result of a clinical assessment of muscle strength and function during lateral rotation that is based on the Medical Research Council Manual Muscle Test. (Medical Research Council. Aids to examination of the peripheral nervous system. Memorandum no. 45, superseding War Memorandum No. 7. London: Her Majesty's Stationary Office; 1976. doi:10.1016/0022-510X(77)90205-2).",1,"Score (C25338); Medical Research Council Manual Muscle Test Score, Lateral Rotation (C139232)",5
"Medical Research Council Manual Muscle Test Score, Plantar Flexion",C139229,"Medical Research Council Manual Muscle Test Score, Plantar Flexion (C139229)",C25338,Musculoskeletal Finding;Score,"MMTPF;MRC MMT Score, Plantar Flex;MRC MMT Score, Plantar Flexion",Ordinal,"The numerical value that represents the result of a clinical assessment of muscle strength and function during plantar flexion that is based on the Medical Research Council Manual Muscle Test. (Medical Research Council. Aids to examination of the peripheral nervous system. Memorandum no. 45, superseding War Memorandum No. 7. London: Her Majesty's Stationary Office; 1976. doi:10.1016/0022-510X(77)90205-2).",1,"Score (C25338); Medical Research Council Manual Muscle Test Score, Plantar Flexion (C139229)",5
Medical Status,C171082,Medical Status (C171082),,Oncology Standards;Disease Response;Disease Response Criteria;Disease Response and Clinical Classification;RS,,,The status of a patient or subject with regard to their health or a medical procedure.,0,Medical Status (C171082),0
Medicare Indicator,C209689,Medicare Indicator (C209689),C209446,Subject Characteristics,MDCRIND;Medicare Indicator,Nominal,An indication as to whether the subject is covered by Medicare.,2,Indicator (C25180); Health Insurance Indicator (C209446); Medicare Indicator (C209689),3
Member of High Risk Population,C102666,Member of High Risk Population (C102666),C19332,Subject Characteristics,RISKPOP;Member of High Risk Population,Nominal,An indication that a person is part of a population group that has a greater chance of contracting a disease or disorder.,1,Personal Attribute (C19332); Member of High Risk Population (C102666),3
Menarche Indicator,C204694,Menarche Indicator (C204694),C25180,Reproductive Findings;Clinical Findings Indicator;Indicator,MENARIND,Nominal,An indication as to whether the individual's first menstruation event has occurred.,1,Indicator (C25180); Menarche Indicator (C204694),2
Menopause Status,C106541,Menopause Status (C106541),C117720,Reproductive Findings,MENOSTAT,Nominal,An indicator as to whether the female subject is in menopause.,1,Female Reproductive System Finding (C117720); Menopause Status (C106541),2
Menses Duration,C156586,Menses Duration (C156586),C117720,Reproductive Findings,MENFDUR;Menses Flow Duration,Quantitative,The number of days during which menses is expelled from the uterus.,1,Female Reproductive System Finding (C117720); Menses Duration (C156586),3
Menses Flow Rate Description,C156585,Menses Flow Rate Description (C156585),C117720,Reproductive Findings,MENFRD,Narrative,A subjective description of the menstrual flow rate during a menstrual cycle.,1,Female Reproductive System Finding (C117720); Menses Flow Rate Description (C156585),2
Menstrual Cycle Duration,C119549,Menstrual Cycle Duration (C119549),C25330,Reproductive Findings,MENSDUR,Quantitative,"The length of time of the menses cycle, measured from the beginning of one menstrual period to the beginning of the next.",1,Duration (C25330); Menstrual Cycle Duration (C119549),3
Menstrual Cycle Regularity,C156587,Menstrual Cycle Regularity (C156587),C117720,Reproductive Findings,MENREG,Narrative,A description of how an individual's menstrual cycle conforms to a consistent temporal pattern.,1,Female Reproductive System Finding (C117720); Menstrual Cycle Regularity (C156587),2
Metabolic Response,C123623,Metabolic Response (C123623),C50995,Oncology Standards;Disease Response;Disease Response Criteria;Disease Response and Clinical Classification;RS;LUGANO CLASSIFICATION,METBRESP,Ordinal,An evaluation of the metabolic response of the disease to the therapy.,1,Disease Response (C50995); Metabolic Response (C123623),5
Metastatic Disease Indicator,C132456,Metastatic Disease Indicator (C132456),C181043,Oncology Standards;Metastasis,Metastatic Indicator;METSIND,Ordinal,An indication as to whether a malignancy has appeared at sites distant to the primary site of disease.,1,Clinical Findings Indicator (C181043); Metastatic Disease Indicator (C132456),6
Method,C71460,Method (C71460),,Means,,,"A means, manner of procedure, or systematic course of actions that have to be performed in order to accomplish a particular goal.",0,Method (C71460),0
Microarray Analysis,C18477,Microarray Analysis (C18477),C19770,Genetic Testing;Gene Expression Analysis;Molecular Analysis;Genetic Molecular Analysis;Laboratory Procedures,Gene Expression Profiling;Gene Expression Profile,Ordinal;Narrative,"Analysis using microarray technology (e.g., cDNA arrays to see gene expression or protein microarrays to profile the pattern of proteins).",1,Molecular Analysis (C19770); Microarray Analysis (C18477),7
Microbial-induced Antibody Measurement,C187780,Microbial-induced Antibody Measurement (C187780),,Laboratory Tests;Immunogenicity Specimen Assessments,,,The determination of the amount of total microbial-induced antibody in a sample.,0,Microbial-induced Antibody Measurement (C187780),0
Microbial-induced IgG Antibody Measurement,C181394,Microbial-induced IgG Antibody Measurement (C181394),C187780,Laboratory Tests;Immunogenicity Specimen Assessments;Immunoglobulin G Measurements;Microbial-induced Antibody Measurement,MBIGGAB;Microbial-induced IgG Antibody,Quantitative;Ordinal,"The determination of the microbial-induced, binding IgG antibody in a biological specimen; the production of this antibody may be triggered by naturally occurring infection and/or vaccination using a whole microbe or component(s) of a microbe.",1,Microbial-induced Antibody Measurement (C187780); Microbial-induced IgG Antibody Measurement (C181394),11
Microbial-induced IgM Antibody Measurement,C187786,Microbial-induced IgM Antibody Measurement (C187786),C187780,Laboratory Tests;Immunogenicity Specimen Assessments;Microbial-induced Antibody Measurements,MBIMAB;Microbial-induced IgM Antibody,Quantitative;Ordinal,The determination of the amount of microbial-induced IgM antibody in a sample.,1,Microbial-induced Antibody Measurement (C187780); Microbial-induced IgM Antibody Measurement (C187786),9
Microbiology Test,C49188,Microbiology Test (C49188),,Microbiology Tests,Laboratory Testing;Microbiology,,A laboratory procedure to detect microorganisms in a sample.,0,Microbiology Test (C49188),0
Microcyte Count,C64822,Microcyte Count (C64822),C51946,Laboratory Tests;Hematology Tests;Blood Cell Counts;Erythrocyte Counts,Microcytes;MICROCY,Ordinal,The determination of the number of microcytes in a blood sample.,3,Hematology Test (C49286); Blood Cell Count (C28133); Erythrocyte Count (C51946); Microcyte Count (C64822),4
Microcyte to Erythrocyte Ratio Measurement,C201227,Microcyte to Erythrocyte Ratio Measurement (C201227),C51946,Laboratory Tests;Hematology Tests;Erythrocyte Counts;Blood Cell Count Ratio Measurements,Microcyte/Erythrocyte;MICRORBC,Quantitative,The determination of the ratio of microcytes compared to erythrocytes present in a sample. The measurement may be expressed as a ratio or percentage.,3,Hematology Test (C49286); Blood Cell Count (C28133); Erythrocyte Count (C51946); Microcyte to Erythrocyte Ratio Measurement (C201227),5
Micrometastasis Present Indicator,C202140,Micrometastasis Present Indicator (C202140),C181043,Morphologic Findings;Metastasis,Micrometastasis Indicator;Micrometastasis Present,Nominal,An indication of whether micrometastases were present in a sample.,1,Clinical Findings Indicator (C181043); Micrometastasis Present Indicator (C202140),6
Microsatellite Instability Analysis,C63331,Microsatellite Instability Analysis (C63331),,Genomic Findings;Molecular Analysis;Microsatellite Instability Analysis,,,A laboratory procedure to detect microsatellite instability.,0,Microsatellite Instability Analysis (C63331),0
Microsatellite Instability Length Assessment,C181332,Microsatellite Instability Length Assessment (C181332),C63331,Genomic Findings;Molecular Analysis;Microsatellite Instability Analysis,MICRISTB;Microsatellite Instability,Quantitative;Ordinal,An assessment of the variability in length of microsatellite sequences.,1,Microsatellite Instability Analysis (C63331); Microsatellite Instability Length Assessment (C181332),9
Mid-Upper Arm Circumference,C124475,Mid-Upper Arm Circumference (C124475),C172255,Vital Signs;Body Measurements,MUARMCIR,Quantitative,A circumferential measurement of the largest part of the upper arm.,1,Anatomical Circumference (C172255); Mid-Upper Arm Circumference (C124475),3
Military Health Insurance Indicator,C209685,Military Health Insurance Indicator (C209685),C209446,Subject Characteristics,HIMILIND;Military Health Insurance Indicator,Nominal,An indication as to whether the subject is covered by their own or a family member's military-based health insurance.,2,Indicator (C25180); Health Insurance Indicator (C209446); Military Health Insurance Indicator (C209685),3
Military Status,C171085,Military Status (C171085),C171086,Subject Characteristics,MILTSTAT;Military Status,Nominal,The status of an individual with regard to military service.,1,Person Status (C171086); Military Status (C171085),3
Minute Volume,C120936,Minute Volume (C120936),C38081,Respiratory System Findings;Pulmonary Function Test,Minute Ventilation;MV;VE,Quantitative,The volume of gas inhaled or exhaled from the lungs during sixty seconds.,1,Pulmonary Function Test (C38081); Minute Volume (C120936),3
Miscarriage Indicator,C122191,Miscarriage Indicator (C122191),C25180,Reproductive Findings;Clinical Findings Indicator;Indicator,MSCRGIND,Nominal,Specifies whether any pregnancies resulted in miscarriages.,1,Indicator (C25180); Miscarriage Indicator (C122191),2
Mixed Category Laboratory Procedure,C74957,Mixed Category Laboratory Procedure (C74957),,Laboratory Tests;Mixed Category Laboratory Procedure,,,"A laboratory procedure that is performed in more than one of these laboratory specializations: anatomic pathology, clinical pathology, or molecular pathology.",0,Mixed Category Laboratory Procedure (C74957),0
Modified Van Assche Index Clinical Classification,C191038,Modified Van Assche Index Clinical Classification (C191038),,Clinical or Research Assessment Classification;Modified Van Assche Index Clinical Classification Question;Modified Van Assche Index Clinical Classification;MVAI;MVAI1,MVAI;MVAI1,,A standardized scoring system originally developed in 2003 and modified in 2017 that utilizes quantitative radiological evaluation to assess the severity and disease response in perianal fistulizing Crohn disease.,0,Modified Van Assche Index Clinical Classification (C191038),4
Modified Van Assche Index Clinical Classification Question,C190945,Modified Van Assche Index Clinical Classification Question (C190945),C211913,QRS Instrument Questions,,,A question associated with the Modified Van Assche Index clinical classification.,2,Clinical or Research Assessment Question (C91102); CDISC QRS Instruments Questions (C211913); Modified Van Assche Index Clinical Classification Question (C190945),0
Molecular Analysis,C19770,Molecular Analysis (C19770),,Laboratory Tests;Laboratory Procedures,Molecular Test;Molecular Procedure;Molecular Assay;Molecular Genetic Analysis,,"A laboratory procedure that involves the study of tissues, cells, and fluids using techniques to analyze biologically active molecules, including nucleic acids, proteins, lipids and carbohydrates, for the identification of processes, characteristics and abnormalities at the molecular level.",0,Molecular Analysis (C19770),0
Molecular Diagnostic Method,C18194,Molecular Diagnostic Method (C18194),,Oncology Standards;Diagnostic Tests;Diagnostic Assays;Diagnostic Procedures,,,Methods for diagnosis or monitoring of disease predisposition by translation and validation of molecular discoveries in medicine into the clinical diagnostic setting.,0,Molecular Diagnostic Method (C18194),0
Monocyte Count,C64823,Monocyte Count (C64823),C51948,Laboratory Tests;Hematology Tests;Blood Cell Counts;White Blood Cell Counts,Monocytes,Quantitative,The determination of the number of monocytes in a blood sample.,3,Hematology Test (C49286); Blood Cell Count (C28133); Leukocyte Count (C51948); Monocyte Count (C64823),5
Morphologic Finding,C35867,Morphologic Finding (C35867),,Histopathology Findings;Microscopic Findings,,,A light microscopic finding that describes the cellular characteristics and architectural patterns of cell populations in a tissue sample.,0,Morphologic Finding (C35867),0
Motion Tenderness Indicator,C154887,Motion Tenderness Indicator (C154887),C25180,Reproductive Findings;Clinical Findings Indicator;Indicator,MTENDIND,Nominal,An indication as to whether there are symptoms of motion tenderness.,1,Indicator (C25180); Motion Tenderness Indicator (C154887),4
Multiple Site European Union State Trial Indicator,C127794,Multiple Site European Union State Trial Indicator (C127794),C25180,Trial Summary,MSEUTIND;Multiple Site EU State Trial Indicator,Nominal,An indication as to whether the clinical study is being conducted at multiple sites within the European Union member state concerned by the application.,1,Indicator (C25180); Multiple Site European Union State Trial Indicator (C127794),6
Muscle Endurance Measurement,C181501,Muscle Endurance Measurement (C181501),C87802,Musculoskeletal Finding;Physical Strength,ENDURM;Muscle Endurance,Quantitative,A measurement of a muscle's ability to perform repetitive contractions against a force.,1,Physical Strength (C87802); Muscle Endurance Measurement (C181501),6
Musculoskeletal Examination,C167264,Musculoskeletal Examination (C167264),C124598,Musculoskeletal Finding;Skeletal Examination,MKEXAM;Musculoskeletal Exam;Musculoskeletal System Examination,Nominal;Narrative,Physical examination pertaining to the musculoskeletal system.,1,Skeletal Examination (C124598); Musculoskeletal Examination (C167264),6
Musculoskeletal Finding,C110937,Musculoskeletal Finding (C110937),,Musculoskeletal Finding,,,"Symptoms, physical examination results, and/or laboratory rest results related to the muscles and bones.",0,Musculoskeletal Finding (C110937),0
Myocardial Infarction ECG Assessment,C111280,Myocardial Infarction ECG Assessment (C111280),C83146,Electrocardiogram Findings;Electrocardiogram Abnormalities;ECG Findings;ECG Abnormalities,MI;Myocardial Infarction,Nominal,An electrocardiographic assessment of findings that suggest the occurrence of a myocardial infarction.,1,Electrocardiogram Test (C83146); Myocardial Infarction ECG Assessment (C111280),7
Name,C42614,Name (C42614),,Clinical Trial Attribute;Trial Summary,,,The words or language units by which a thing is known.,0,Name (C42614),0
Name and Version,C156472,Name and Version (C156472),,Clinical Trial Attribute;Trial Summary,,,An identifier that includes the words or language units by which a thing is known and the form or variant of the original.,0,Name and Version (C156472),0
Name of Epidemic or Pandemic,C171506,Name of Epidemic or Pandemic (C171506),C42614,Trial Summary,EPIDEMIC;Name of Epi/Pandemic;Name of Epidemic and/or Pandemic,Nominal,The literal identifier of the epidemic or pandemic.,1,Name (C42614); Name of Epidemic or Pandemic (C171506),3
National Origin,C28407,National Origin (C28407),C19332,Subject Characteristics,NATORIG;National Origin,Nominal,"System of classification based on nation from which a person originates, regardless of the nation in which he/she currently resides.",1,Personal Attribute (C19332); National Origin (C28407),3
Natural Killer Cell Count,C98762,Natural Killer Cell Count (C98762),C51949,Laboratory Tests;Hematology Tests;Blood Cell Counts;White Blood Cell Counts,Natural Killer Cells,Quantitative,The determination of the amount of natural killer cells present in a sample.,4,Hematology Test (C49286); Blood Cell Count (C28133); Leukocyte Count (C51948); Lymphocyte Count (C51949); Natural Killer Cell Count (C98762),5
Neck Circumference,C154891,Neck Circumference (C154891),C172255,Vital Signs;Body Measurements,NECKCIR,Quantitative,"A circumferential measurement of the neck, just below the larynx.",1,Anatomical Circumference (C172255); Neck Circumference (C154891),3
Needle Biopsy,C15190,Needle Biopsy (C15190),C15189,Diagnostic Procedures;Biopsies,Aspiration Biopsy;Needle Biopsy;Puncture Biopsy;needle biopsy,Nominal,"The removal of a tissue sample using a needle, for microscopic examination.",2,Diagnostic Procedure (C18020); Biopsy Procedure (C15189); Needle Biopsy (C15190),11
Neutrophil Band Form Count,C64830,Neutrophil Band Form Count (C64830),C51950,Laboratory Tests;Hematology Tests;Blood Cell Counts;Leukocyte Counts;Neutrophil Counts,Neutrophil Bands;Bands;NEUTB,Quantitative,The determination of the number of band neutrophils in a blood sample.,4,Hematology Test (C49286); Blood Cell Count (C28133); Leukocyte Count (C51948); Neutrophil Count (C51950); Neutrophil Band Form Count (C64830),5
Neutrophil Band Form to Leukocyte Ratio,C64831,Neutrophil Band Form to Leukocyte Ratio (C64831),C67208,Laboratory Tests;Hematology Tests;Blood Cell Counts;Blood Cell Count Ratio Measurements,Neutrophils Band Form/Leukocytes;NEUTBLE,Quantitative,The determination of the ratio of band neutrophils compared to leukocytes in a blood sample. The measurement may be expressed as a ratio or percentage.,3,Hematology Test (C49286); Blood Cell Count (C28133); Blood Cell Count Ratio Measurement (C67208); Neutrophil Band Form to Leukocyte Ratio (C64831),5
Neutrophil Count,C51950,Neutrophil Count (C51950),C51948,Laboratory Tests;Hematology Tests;Blood Cell Counts;Leukocyte Counts,Neutrophils;NEUT,Quantitative;Ordinal,A test to determine the number of neutrophils in a sample of blood.,3,Hematology Test (C49286); Blood Cell Count (C28133); Leukocyte Count (C51948); Neutrophil Count (C51950),5
Neutrophil to Leukocyte Ratio Measurement,C64827,Neutrophil to Leukocyte Ratio Measurement (C64827),C67208,Laboratory Tests;Hematology Tests;Blood Cell Counts;Blood Cell Count Ratio Measurements,Neutrophils/Leukocytes;NEUTLE,Quantitative,The determination of the ratio of neutrophils compared to leukocytes present in a sample. The measurement may be expressed as a ratio or percentage.,3,Hematology Test (C49286); Blood Cell Count (C28133); Blood Cell Count Ratio Measurement (C67208); Neutrophil to Leukocyte Ratio Measurement (C64827),5
New Lesion Indicator,C142362,New Lesion Indicator (C142362),C181043,Oncology Standards;Disease Response;Disease Response Criteria;Disease Response and Clinical Classification;RS;iRECIST;LUGANO CLASSIFICATION;RANO;IRANO 2015,NEWLIND,Nominal,"An indication as to whether a lesion is newly identified, in comparison to a previous timepoint.",1,Clinical Findings Indicator (C181043); New Lesion Indicator (C142362),5
New Lesion Progression,C103420,New Lesion Progression (C103420),C35461,Oncology Standards;Disease Response;Disease Response Criteria;Disease Response and Clinical Classification;RS;RECIST 1.1;iRECIST;RAJKUMAR MYELOMA 2011,NEWLPROG,Nominal,An assessment of the equivocality of disease progression based on a newly identified lesion.,1,Clinical Course of Disease (C35461); New Lesion Progression (C103420),5
New or Worsening Symptom,C119238,New or Worsening Symptom (C119238),C4876,Findings About Cardiovascular Events;Cardiovascular System Finding;Symptom,NWSYMP;New or Worsening Symptoms,Nominal;Ordinal,The subjective evidence of disease perceived by the patient that can be classified as new or worsening,1,Symptom (C4876); New or Worsening Symptom (C119238),6
Nicotine Measurement,C147403,Nicotine Measurement (C147403),C75342,Laboratory Tests;Chemistry Tests;Drug Class Measurements;CNS Stimulant Drug Measurements,Nicotine,Quantitative;Ordinal,The determination of the amount of nicotine present in a sample.,3,Chemistry Test (C49237); Drug Class Measurement (C74675); CNS Stimulant Drug Measurement (C75342); Nicotine Measurement (C147403),4
Nitrite Measurement,C64810,Nitrite Measurement (C64810),C49237,Laboratory Tests;Chemistry Tests,NITRITE,Quantitative;Ordinal,A quantitative measurement of the amount of nitrite present in a sample.,1,Chemistry Test (C49237); Nitrite Measurement (C64810),5
Nitrosonornicotine,C44414,Nitrosonornicotine (C44414),C45398,Laboratory Tests;Nitroso Carcinogens;Carcinogenic Nitrosamines,NNN;N-nitrosonornicotine,Quantitative,"A yellow, oily liquid nitrosamine that solidifies at cold temperatures and emits toxic fumes of nitrogen oxides when heated to decomposition. Nitrosonornicotine is found in tobacco products and is likely produced by the nitrosation of nicotine during the making and smoking of tobacco products. This substance is only used in research to induce tumors in experimental animals. Exposure to nitrosonornicotine affects the liver and nitrosonornicotine is reasonably anticipated to be a human carcinogen. (NCI05)",1,Carcinogenic Nitrosamine (C45398); Nitrosonornicotine (C44414),3
Non-Protocol Disposition Event,C150824,Non-Protocol Disposition Event (C150824),,Subject Disposition;Non-Protocol Disposition Events,Other Event,,The group of incidents that are not driven by the protocol but that may occur during a clinical trial and describe whether a subject completed the study epoch or the reason this event did not occur.,0,Non-Protocol Disposition Event (C150824),0
Non-Target Enhancing Lesion Response,C135480,Non-Target Enhancing Lesion Response (C135480),C50995,Oncology Standards;Disease Response;Disease Response Criteria;Disease Response and Clinical Classification;RS;RANO;iRANO,NTERESP;Non-Target Enhancing Response,Nominal,An assessment of the response to the therapy of the non-target enhancing lesion.,1,Disease Response (C50995); Non-Target Enhancing Lesion Response (C135480),5
Non-Target Indicator,C161483,Non-Target Indicator (C161483),C25180,Oncology Standards;Tumor/Lesion Identification;TU;RECIST 1.1,NTIND,Nominal,"An indication as to whether a non-target tumor, lesion, or site of disease is present.",1,Indicator (C25180); Non-Target Indicator (C161483),4
Non-Target Non-Enhancing Lesion Response,C135481,Non-Target Non-Enhancing Lesion Response (C135481),C50995,Oncology Standards;Disease Response;Disease Response Criteria;Disease Response and Clinical Classification;RS;RANO;iRANO,NTNERESP;Non-Target Non-Enhancing Response,Nominal,An assessment of the response to the therapy of the non-target non-enhancing lesion.,1,Disease Response (C50995); Non-Target Non-Enhancing Lesion Response (C135481),5
Nornicotine Measurement,C147406,Nornicotine Measurement (C147406),C49237,Laboratory Tests;Chemistry Tests,Nornicotine,Quantitative,The determination of the amount of nornicotine present in a sample.,1,Chemistry Test (C49237); Nornicotine Measurement (C147406),4
Number,C25337,Number (C25337),,Clinical Trial Attribute;Trial Summary;Findings,Numeric;Numerical,,"A numeral or string of numerals expressing value, quantity, or identification.",0,Number (C25337),0
Number of Abortions,C106550,Number of Abortions (C106550),C25337,Reproductive Findings,ABORTN,Quantitative,A measurement of the total number of instances in which there has been a termination of pregnancy happening before the fetus is able to sustain independent life.,1,Number (C25337); Number of Abortions (C106550),2
Number of Biological Brothers,C135500,Number of Biological Brothers (C135500),C25337,Subject Characteristics,"BIOBRON;Number of Biological Brothers;Number of Brothers, Biological",Quantitative,The number of brothers that are biologically related to the subject.,1,Number (C25337); Number of Biological Brothers (C135500),3
Number of Biological Sisters,C135501,Number of Biological Sisters (C135501),C25337,Subject Characteristics,"BIOSISN;Number of Biological Sisters;Number of Sisters, Biological",Quantitative,The number of sisters that are biologically related to the subject.,1,Number (C25337); Number of Biological Sisters (C135501),3
Number of Births,C158275,Number of Births (C158275),C25337,Reproductive Findings,BRTHN,Quantitative,A measurement of the total number of birth events experienced by a female.,1,Number (C25337); Number of Births (C158275),2
Number of Cesarean Sections,C189358,Number of Cesarean Sections (C189358),C25337,Reproductive Findings,CSRSCTN;Number of C-Sections,Quantitative,The total number of cesarean section delivery events experienced by the individual.,1,Number (C25337); Number of Cesarean Sections (C189358),2
Number of Children in Household,C19309,Number of Children in Household (C19309),C17468,Subject Characteristics,CHLDHSHN;Number of Children in Household,Quantitative,"The number of children (including neonates) residing in the household. May be used as a demographics parameter, useful for identifying socio-economic groups.",1,Socioeconomic Factors (C17468); Number of Children in Household (C19309),3
Number of Continuous Days of Menstrual Bleeding and/or Spotting,C181528,Number of Continuous Days of Menstrual Bleeding and/or Spotting (C181528),C25337,Reproductive Findings,BLDSPNUM;Number of Continuous Days of Bleed/Spot,Quantitative,The number of days one has experienced continuous menstrual bleeding and/or spotting.,1,Number (C25337); Number of Continuous Days of Menstrual Bleeding and/or Spotting (C181528),2
Number of Early Term Births,C122189,Number of Early Term Births (C122189),C25337,Reproductive Findings,ERLYTRMN,Quantitative,A measurement of the total number of birth events at which the gestational age of the neonate is 37 weeks and 0 days through 38 weeks and 6 days.,1,Number (C25337); Number of Early Term Births (C122189),2
Number of Ectopic Pregnancies,C120832,Number of Ectopic Pregnancies (C120832),C106551,Reproductive Findings,ECTPREGN,Quantitative,A measurement of the total number of ectopic pregnancies experienced by a female subject.,2,Number (C25337); Number of Pregnancies (C106551); Number of Ectopic Pregnancies (C120832),2
Number of Female Sexual Partners,C201478,Number of Female Sexual Partners (C201478),C181525,Reproductive Findings,SXPRTFN;Total Number of Female Sexual Partners,Quantitative,The number of females with whom one has engaged in sexual activity within a specified time interval.,2,Total Number (C127787); Total Number of Sexual Partners (C181525); Number of Female Sexual Partners (C201478),2
Number of First Degree Biological Relatives,C198360,Number of First Degree Biological Relatives (C198360),C25337,Subject Characteristics,"BIO1DRN;Num 1st Degree Relatives, Biological;Number of First Degree Biological Relatives;Number of First Degree Relatives, Biological",Quantitative,The number of first degree relatives that are biologically related to the subject.,1,Number (C25337); Number of First Degree Biological Relatives (C198360),3
Number of Full Term Births,C122190,Number of Full Term Births (C122190),C19332,Reproductive Findings,FULLTRMN,Quantitative,A measurement of the total number of birth events at which the gestational age of the neonate is 39 weeks and 0 days through 40 weeks and 6 days.,1,Personal Attribute (C19332); Number of Full Term Births (C122190),2
Number of Full Term Live Births,C139265,Number of Full Term Live Births (C139265),C178141,Reproductive Findings,BRTHFTN;Number Full Term Live Births,Quantitative,A measurement of the total number of live birth events at which the gestational age of the neonate is 39 weeks and 0 days through 40 weeks and 6 days.,2,Personal Attribute (C19332); Number of Live Births (C178141); Number of Full Term Live Births (C139265),2
Number of Groups or Cohorts,C126063,Number of Groups or Cohorts (C126063),C25337,Trial Summary,NCOHORT;Number of Groups/Cohorts,Quantitative,The number of groups or cohorts that are part of the study.,1,Number (C25337); Number of Groups or Cohorts (C126063),3
Number of Induced Abortions,C120835,Number of Induced Abortions (C120835),C106550,Reproductive Findings,INABORTN,Quantitative,A measurement of the total number of induced abortions experienced by a female subject.,2,Number (C25337); Number of Abortions (C106550); Number of Induced Abortions (C120835),2
Number of Late Fetal Deaths,C120834,Number of Late Fetal Deaths (C120834),C25337,Reproductive Findings,FETLDTHN,Quantitative,A measurement of the total number of fetal deaths (in which the fetus is greater than or equal to 20 weeks gestational age) experienced by a female subject.,1,Number (C25337); Number of Late Fetal Deaths (C120834),2
Number of Live Births,C178141,Number of Live Births (C178141),C19332,Reproductive Findings,BRTHLVN;Live Birth Count,Quantitative,A measurement of the total number of live-born offspring a female has delivered.,1,Personal Attribute (C19332); Number of Live Births (C178141),2
Number of Male Sexual Partners,C201477,Number of Male Sexual Partners (C201477),C181525,Reproductive Findings,SXPRTMN;Total Number of Male Sexual Partners,Quantitative,The number of males with whom one has engaged in sexual activity within a specified time interval.,2,Total Number (C127787); Total Number of Sexual Partners (C181525); Number of Male Sexual Partners (C201477),2
Number of New Female Sexual Partners,C201475,Number of New Female Sexual Partners (C201475),C181525,Reproductive Findings,SXPRTNFN,Quantitative,The number of new female sexual partners within a specified time interval.,2,Total Number (C127787); Total Number of Sexual Partners (C181525); Number of New Female Sexual Partners (C201475),2
Number of New Male Sexual Partners,C201474,Number of New Male Sexual Partners (C201474),C181525,Reproductive Findings,SXPRTNMN,Quantitative,The number of new male sexual partners within a specified time interval.,2,Total Number (C127787); Total Number of Sexual Partners (C181525); Number of New Male Sexual Partners (C201474),2
Number of New Oral Sexual Partners,C201476,Number of New Oral Sexual Partners (C201476),C181525,Reproductive Findings,SXPRTNON,Quantitative,The number of new individuals with whom one has engaged in oral sex within a specified time interval.,2,Total Number (C127787); Total Number of Sexual Partners (C181525); Number of New Oral Sexual Partners (C201476),2
Number of Oral Sexual Partners,C201479,Number of Oral Sexual Partners (C201479),C181525,Reproductive Findings,SXPRTON;Total Number of Oral Sexual Partners,Quantitative,The number of individuals with whom one has engaged in oral sexual activity within a specified time interval.,2,Total Number (C127787); Total Number of Sexual Partners (C181525); Number of Oral Sexual Partners (C201479),2
Number of People in Household,C198363,Number of People in Household (C198363),C25337,Subject Characteristics,PPLHSHN;Number of People in Household,Quantitative,The total number of people residing in the household.,1,Number (C25337); Number of People in Household (C198363),3
Number of Pregnancies,C106551,Number of Pregnancies (C106551),C25337,Reproductive Findings,PREGNN;Maternal Gravity;Pregnancy Count;Total Number of Pregnancies,Quantitative,A measurement of the total number of pregnancy events experienced by the female subject.,1,Number (C25337); Number of Pregnancies (C106551),2
Number of Premature Births,C122193,Number of Premature Births (C122193),C19332,Reproductive Findings,PREMBTHN,Quantitative,A measurement of the total number of birth events at which the gestational age of the neonate is less than 37 weeks and 0 days.,1,Personal Attribute (C19332); Number of Premature Births (C122193),2
Number of Premature Live Births,C139266,Number of Premature Live Births (C139266),C178141,Reproductive Findings,BRTHPRN,Quantitative,A measurement of the total number of live birth events at which the gestational age of the neonate is less than 37 weeks and 0 days.,2,Personal Attribute (C19332); Number of Live Births (C178141); Number of Premature Live Births (C139266),2
Number of Previous Pregnancies,C120836,Number of Previous Pregnancies (C120836),C106551,Reproductive Findings,PRVPREGN,Quantitative,A measurement of the total number of pregnancy events experienced by the female subject prior to the current pregnancy.,2,Number (C25337); Number of Pregnancies (C106551); Number of Previous Pregnancies (C120836),2
Number of Renal Arteries,C130195,Number of Renal Arteries (C130195),C25337,Findings;Clinical Test Result;Urinary System Findings,Number of Renal Arteries;RNLANUM,Quantitative,The determination of the total number of renal arteries.,1,Number (C25337); Number of Renal Arteries (C130195),5
Number of Renal Veins,C130196,Number of Renal Veins (C130196),C25337,Findings;Clinical Test Result;Urinary System Findings,Number of Renal Veins;RNLVNUM,Quantitative,The determination of the total number of renal veins.,1,Number (C25337); Number of Renal Veins (C130196),5
Number of Spontaneous Abortions,C120837,Number of Spontaneous Abortions (C120837),C106550,Reproductive Findings,SPABORTN,Quantitative,A measurement of the total number of spontaneous abortions (in which the fetus is less than 20 weeks gestational age) experienced by a female subject.,2,Number (C25337); Number of Abortions (C106550); Number of Spontaneous Abortions (C120837),2
Number of Stillbirths,C139267,Number of Stillbirths (C139267),C25337,Reproductive Findings,BRTHSTN,Quantitative,"A measurement of the total number of birth events at which the fetus is of at least 20 weeks gestation, or of a birth weight of at least 350 grams if the gestational age is unknown, which is born without signs of life at the time of delivery, and with an Apgar score of zero at both one and five minutes.",1,Number (C25337); Number of Stillbirths (C139267),2
Number of Trial Sites within European Union State,C127795,Number of Trial Sites within European Union State (C127795),C25337,Trial Summary,Number of Trial Sites EU State;NUMSEUST,Quantitative,The number of trial sites within a European Union state.,1,Number (C25337); Number of Trial Sites within European Union State (C127795),3
Number of Vaginal Deliveries,C189359,Number of Vaginal Deliveries (C189359),C25337,Reproductive Findings,VAGDLVN,Quantitative,The total number of vaginal delivery events experienced by the individual.,1,Number (C25337); Number of Vaginal Deliveries (C189359),2
Number of Work Days Per Week Question,C209695,Number of Work Days Per Week Question (C209695),,Subject Characteristics,WRKDYWKN;Number of Work Days Per Week;Number of Work Days Per Week Question,Quantitative,A question regarding the number of days per week the subject works.,0,Number of Work Days Per Week Question (C209695),3
Number of Years of Education,C122393,Number of Years of Education (C122393),C17468,Subject Characteristics,EDUYRNUM;Number of Years of Education,Quantitative,The number of education years that a subject has competed.,1,Socioeconomic Factors (C17468); Number of Years of Education (C122393),3
Observational Model,C126064,Observational Model (C126064),C15787,Trial Summary,OBSMODEL,Nominal,The trial design developed to compare biomedical and/or health outcomes in pre-defined and non-assigned groups of individuals.,1,Clinical Trials Design (C15787); Observational Model (C126064),6
Observational Study Population Description,C126066,Observational Study Population Description (C126066),C70834,Trial Summary,Obs Study Population Description;OBSTPOPD,Nominal,A textual description of the population group from which the group or cohort will be selected for observational studies.,1,Study Population Description (C70834); Observational Study Population Description (C126066),3
Observational Study Sampling Method,C126067,Observational Study Sampling Method (C126067),C71492,Trial Summary,OBSTSMM,Nominal,The process by which subjects are selected to participate in observational studies.,1,Sampling Method (C71492); Observational Study Sampling Method (C126067),6
Observational Study Sampling Method Description,C126068,Observational Study Sampling Method Description (C126068),C25365,Trial Summary,Obs Study Sampling Method Description;OBSTSMMD,Nominal,A textual description of the sampling method used to assign study participants into groups or cohorts within an observational study.,1,Description (C25365); Observational Study Sampling Method Description (C126068),6
Observational Time Perspective of Study,C126065,Observational Time Perspective of Study (C126065),C21514,Trial Summary,Observational Time Perspective;OBSTIMP,Nominal,The temporal relationship between the observation period and time of subject enrollment. (ClinicalTrials.gov),1,Temporal Qualifier (C21514); Observational Time Perspective of Study (C126065),6
Obstetric Procedure,C89340,Obstetric Procedure (C89340),,Reproductive Findings;Intervention or Procedure,,,Any pregnancy or childbirth related procedure associated with a mother during her reproductive years.,0,Obstetric Procedure (C89340),0
Occult Blood Measurement,C74686,Occult Blood Measurement (C74686),C49237,Laboratory Tests;Chemistry Tests,Occult Blood;OCCBLD,Quantitative;Ordinal;Nominal,"A measurement of the blood in body products such as a urine or stool sample, not detectable on gross examination.",1,Chemistry Test (C49237); Occult Blood Measurement (C74686),5
Occupation,C25193,Occupation (C25193),,Subject Characteristics,EMPJOB;Employee Job;Employment Category;Job;Occupation;occupation type;occupation_type;Type of Work,Nominal,The principal activity that a person does to earn money.,0,Occupation (C25193),3
Occupational Industry,C209690,Occupational Industry (C209690),,Subject Characteristics,OCUPINDS;Business Type;Occupation Type;Occupational Industry;Work Industry,Nominal,Type of business that compensates for work or assigns work to an unpaid worker or volunteer. (USCDI),0,Occupational Industry (C209690),3
Oncotype DX Breast Cancer Assay,C52159,Oncotype DX Breast Cancer Assay (C52159),C18194,Diagnostic Tests;Diagnostic Assays;Diagnostic Procedures;Gene Expression Analysis;Assays,Oncotype DX,Quantitative;Narrative,"A diagnostic assay that quantifies the likelihood of breast cancer recurrence in women with newly diagnosed, early stage breast cancer. In addition to predicting distant disease recurrence, Oncotype DX also assesses the benefit from certain types of chemotherapy. The assay, performed using formalin-fixed, paraffin-embedded tumor tissue, analyzes the expression of a panel of 21 genes and the results are provided as a Recurrence Score (0-100). The gene panel was selected and the Recurrence Score calculation was derived through extensive laboratory testing and multiple independent clinical development studies. Oncotype DX is validated for use in breast cancer patients whose disease is newly diagnosed, stage I or II, node-negative, estrogen receptor-positive and who will be treated with tamoxifen.",1,Molecular Diagnostic Method (C18194); Oncotype DX Breast Cancer Assay (C52159),6
Ongoing Study Indicator,C204699,Ongoing Study Indicator (C204699),C25180,Trial Summary,ONGOSIND,Nominal,An indication as to whether the study is in progress.,1,Indicator (C25180); Ongoing Study Indicator (C204699),6
Organ Craniocaudal Length Measurement,C135509,Organ Craniocaudal Length Measurement (C135509),C25334,Findings;Clinical Test Result;Urinary System Findings,Organ Vertical Length;ORVERLN,Quantitative,The linear extent along the craniocaudal axis from one end of an organ to the other end.,1,Length (C25334); Organ Craniocaudal Length Measurement (C135509),6
Organ State,C135508,Organ State (C135508),,Findings;Status;Medical Status,,,A condition or state of an organ at a particular time.,0,Organ State (C135508),0
Organism Characteristic,C171083,Organism Characteristic (C171083),C25447,Characteristic,,,A characteristic or attribute inherent or inherited to an organism.,1,Characteristic (C25447); Organism Characteristic (C171083),0
Organization Name,C93874,Organization Name (C93874),,Clinical Trial Attribute;Trial Summary,Organization,,A textual identifier for an organization.,0,Organization Name (C93874),0
Overall Response,C96613,Overall Response (C96613),C50995,Oncology Standards;Disease Response;Disease Response Criteria;Disease Response and Clinical Classification;RS;RECIST 1.1;iRECIST;LUGANO CLASSIFICATION;RANO;IRANO 2015;PONTE-DI-LEGNO CONSORTIUM 2022;RAJKUMAR MYELOMA 2011,OVRLRESP,Nominal,An assessment of the overall response of the disease to the therapy.,1,Disease Response (C50995); Overall Response (C96613),6
Overall Survival,C125201,Overall Survival (C125201),,Disease Response;Disease Response Criteria;Survival,Overall Survival Time,Temporal,A measure of the time until death from any cause.,0,Overall Survival (C125201),5
Oxygen Consumption,C123570,Oxygen Consumption (C123570),C38081,Respiratory System Findings;Pulmonary Function Test,VO2,Quantitative,The rate at which oxygen is absorbed and utilized by any given tissue in the body.,1,Pulmonary Function Test (C38081); Oxygen Consumption (C123570),3
Oxygen Pulse,C123566,Oxygen Pulse (C123566),C38081,Respiratory System Findings;Pulmonary Function Test,OXYPULSE,Quantitative,The volume of oxygen consumed by the body per heartbeat while at rest.,1,Pulmonary Function Test (C38081); Oxygen Pulse (C123566),3
Oxygen Saturation Measurement,C60832,Oxygen Saturation Measurement (C60832),C215116,Respiratory System Findings;Vital Signs;Oxygen Saturation Measurements;Oximetry Tests,Blood Oxygen Saturation;Hemoglobin Saturation Measurement;Hemoglobin Saturation;O2 Saturation;Oximetry;Oxygen Content Measurement;Oxygen Saturation;OXYSAT;SpO2;Vital Signs - Oxygen Saturation,Quantitative,The measurement of the ratio of oxygenated hemoglobin to total hemoglobin in the blood.,1,Body Organ or System Test (C215116); Oxygen Saturation Measurement (C60832),6
Oxygen Saturation/Fraction Inspired O2,C174311,Oxygen Saturation/Fraction Inspired O2 (C174311),C38081,Respiratory System Findings;Pulmonary Function Test;Vital Signs;Oxygen Saturation Measurements,SAO2FIO2,Quantitative,A relative measurement (ratio or percentage) of the oxygen-hemoglobin saturation of a volume of blood to the volumetric fraction of oxygen in the inhaled gas.,1,Pulmonary Function Test (C38081); Oxygen Saturation/Fraction Inspired O2 (C174311),3
Oxygenation Index,C189635,Oxygenation Index (C189635),C38081,Respiratory System Findings;Pulmonary Function Test,OI,Quantitative,"A measurement of the efficiency of oxygen exchange by the lungs, which is calculated by multiplying the fraction of inspired oxygen (FiO2) (in %) to mean airway pressure (Mpaw) and dividing by pressure of arterial oxygen (PaO2).",1,Pulmonary Function Test (C38081); Oxygenation Index (C189635),2
PASI Fredriksson Version - Head: Area Score,C191069,PASI Fredriksson Version - Head: Area Score (C191069),C190947,QRS;Clinical or Research Assessment Classification;Psoriasis Area and Severity Index Fredriksson Version Clinical Classification;PASI FREDRIKSSON;PASI03;Psoriasis Area and Severity Index Fredriksson Version Clinical Classification Question,,Ordinal,Psoriasis Area and Severity Index Fredriksson Version (PASI Fredriksson Version) Head: Area score.,3,Clinical or Research Assessment Question (C91102); CDISC QRS Instruments Questions (C211913); Psoriasis Area and Severity Index Fredriksson Version Clinical Classification Question (C190947); PASI Fredriksson Version - Head: Area Score (C191069),8
PASI Fredriksson Version - Head: Desquamation/Scaling,C191068,PASI Fredriksson Version - Head: Desquamation/Scaling (C191068),C190947,QRS;Clinical or Research Assessment Classification;Psoriasis Area and Severity Index Fredriksson Version Clinical Classification;PASI FREDRIKSSON;PASI03;Psoriasis Area and Severity Index Fredriksson Version Clinical Classification Question,,Ordinal,Psoriasis Area and Severity Index Fredriksson Version (PASI Fredriksson Version) Head: Desquamation/Scaling score.,3,Clinical or Research Assessment Question (C91102); CDISC QRS Instruments Questions (C211913); Psoriasis Area and Severity Index Fredriksson Version Clinical Classification Question (C190947); PASI Fredriksson Version - Head: Desquamation/Scaling (C191068),8
PASI Fredriksson Version - Head: Erythema/Redness,C191066,PASI Fredriksson Version - Head: Erythema/Redness (C191066),C190947,QRS;Clinical or Research Assessment Classification;Psoriasis Area and Severity Index Fredriksson Version Clinical Classification;PASI FREDRIKSSON;PASI03;Psoriasis Area and Severity Index Fredriksson Version Clinical Classification Question,,Ordinal,Psoriasis Area and Severity Index Fredriksson Version (PASI Fredriksson Version) Head: Erythema/Redness score.,3,Clinical or Research Assessment Question (C91102); CDISC QRS Instruments Questions (C211913); Psoriasis Area and Severity Index Fredriksson Version Clinical Classification Question (C190947); PASI Fredriksson Version - Head: Erythema/Redness (C191066),8
PASI Fredriksson Version - Head: Thickness/Induration,C191067,PASI Fredriksson Version - Head: Thickness/Induration (C191067),C190947,QRS;Clinical or Research Assessment Classification;Psoriasis Area and Severity Index Fredriksson Version Clinical Classification;PASI FREDRIKSSON;PASI03;Psoriasis Area and Severity Index Fredriksson Version Clinical Classification Question,,Ordinal,Psoriasis Area and Severity Index Fredriksson Version (PASI Fredriksson Version) Head: Thickness/Induration score.,3,Clinical or Research Assessment Question (C91102); CDISC QRS Instruments Questions (C211913); Psoriasis Area and Severity Index Fredriksson Version Clinical Classification Question (C190947); PASI Fredriksson Version - Head: Thickness/Induration (C191067),8
PASI Fredriksson Version - Lower Extremities: Area Score,C191081,PASI Fredriksson Version - Lower Extremities: Area Score (C191081),C190947,QRS;Clinical or Research Assessment Classification;Psoriasis Area and Severity Index Fredriksson Version Clinical Classification;PASI FREDRIKSSON;PASI03;Psoriasis Area and Severity Index Fredriksson Version Clinical Classification Question,,Ordinal,Psoriasis Area and Severity Index Fredriksson Version (PASI Fredriksson Version) Lower Extremities: Area score.,3,Clinical or Research Assessment Question (C91102); CDISC QRS Instruments Questions (C211913); Psoriasis Area and Severity Index Fredriksson Version Clinical Classification Question (C190947); PASI Fredriksson Version - Lower Extremities: Area Score (C191081),8
PASI Fredriksson Version - Lower Extremities: Desquamation/Scaling,C191080,PASI Fredriksson Version - Lower Extremities: Desquamation/Scaling (C191080),C190947,QRS;Clinical or Research Assessment Classification;Psoriasis Area and Severity Index Fredriksson Version Clinical Classification;PASI FREDRIKSSON;PASI03;Psoriasis Area and Severity Index Fredriksson Version Clinical Classification Question,,Ordinal,Psoriasis Area and Severity Index Fredriksson Version (PASI Fredriksson Version) Lower Extremities: Desquamation/Scaling score.,3,Clinical or Research Assessment Question (C91102); CDISC QRS Instruments Questions (C211913); Psoriasis Area and Severity Index Fredriksson Version Clinical Classification Question (C190947); PASI Fredriksson Version - Lower Extremities: Desquamation/Scaling (C191080),8
PASI Fredriksson Version - Lower Extremities: Erythema/Redness,C191078,PASI Fredriksson Version - Lower Extremities: Erythema/Redness (C191078),C190947,QRS;Clinical or Research Assessment Classification;Psoriasis Area and Severity Index Fredriksson Version Clinical Classification;PASI FREDRIKSSON;PASI03;Psoriasis Area and Severity Index Fredriksson Version Clinical Classification Question,,Ordinal,Psoriasis Area and Severity Index Fredriksson Version (PASI Fredriksson Version) Lower Extremities: Erythema/Redness score.,3,Clinical or Research Assessment Question (C91102); CDISC QRS Instruments Questions (C211913); Psoriasis Area and Severity Index Fredriksson Version Clinical Classification Question (C190947); PASI Fredriksson Version - Lower Extremities: Erythema/Redness (C191078),8
PASI Fredriksson Version - Lower Extremities: Thickness/Induration,C191079,PASI Fredriksson Version - Lower Extremities: Thickness/Induration (C191079),C190947,QRS;Clinical or Research Assessment Classification;Psoriasis Area and Severity Index Fredriksson Version Clinical Classification;PASI FREDRIKSSON;PASI03;Psoriasis Area and Severity Index Fredriksson Version Clinical Classification Question,,Ordinal,Psoriasis Area and Severity Index Fredriksson Version (PASI Fredriksson Version) Lower Extremities: Thickness/Induration score.,3,Clinical or Research Assessment Question (C91102); CDISC QRS Instruments Questions (C211913); Psoriasis Area and Severity Index Fredriksson Version Clinical Classification Question (C190947); PASI Fredriksson Version - Lower Extremities: Thickness/Induration (C191079),8
PASI Fredriksson Version - Trunk: Area Score,C191077,PASI Fredriksson Version - Trunk: Area Score (C191077),C190947,QRS;Clinical or Research Assessment Classification;Psoriasis Area and Severity Index Fredriksson Version Clinical Classification;PASI FREDRIKSSON;PASI03;Psoriasis Area and Severity Index Fredriksson Version Clinical Classification Question,,Ordinal,Psoriasis Area and Severity Index Fredriksson Version (PASI Fredriksson Version) Trunk: Area score.,3,Clinical or Research Assessment Question (C91102); CDISC QRS Instruments Questions (C211913); Psoriasis Area and Severity Index Fredriksson Version Clinical Classification Question (C190947); PASI Fredriksson Version - Trunk: Area Score (C191077),8
PASI Fredriksson Version - Trunk: Desquamation/Scaling,C191076,PASI Fredriksson Version - Trunk: Desquamation/Scaling (C191076),C190947,QRS;Clinical or Research Assessment Classification;Psoriasis Area and Severity Index Fredriksson Version Clinical Classification;PASI FREDRIKSSON;PASI03;Psoriasis Area and Severity Index Fredriksson Version Clinical Classification Question,,Ordinal,Psoriasis Area and Severity Index Fredriksson Version (PASI Fredriksson Version) Trunk: Desquamation/Scaling score.,3,Clinical or Research Assessment Question (C91102); CDISC QRS Instruments Questions (C211913); Psoriasis Area and Severity Index Fredriksson Version Clinical Classification Question (C190947); PASI Fredriksson Version - Trunk: Desquamation/Scaling (C191076),8
PASI Fredriksson Version - Trunk: Erythema/Redness,C191074,PASI Fredriksson Version - Trunk: Erythema/Redness (C191074),C190947,QRS;Clinical or Research Assessment Classification;Psoriasis Area and Severity Index Fredriksson Version Clinical Classification;PASI FREDRIKSSON;PASI03;Psoriasis Area and Severity Index Fredriksson Version Clinical Classification Question,,Ordinal,Psoriasis Area and Severity Index Fredriksson Version (PASI Fredriksson Version) Trunk: Erythema/Redness score.,3,Clinical or Research Assessment Question (C91102); CDISC QRS Instruments Questions (C211913); Psoriasis Area and Severity Index Fredriksson Version Clinical Classification Question (C190947); PASI Fredriksson Version - Trunk: Erythema/Redness (C191074),8
PASI Fredriksson Version - Trunk: Thickness/Induration,C191075,PASI Fredriksson Version - Trunk: Thickness/Induration (C191075),C190947,QRS;Clinical or Research Assessment Classification;Psoriasis Area and Severity Index Fredriksson Version Clinical Classification;PASI FREDRIKSSON;PASI03;Psoriasis Area and Severity Index Fredriksson Version Clinical Classification Question,,Ordinal,Psoriasis Area and Severity Index Fredriksson Version (PASI Fredriksson Version) Trunk: Thickness/Induration score.,3,Clinical or Research Assessment Question (C91102); CDISC QRS Instruments Questions (C211913); Psoriasis Area and Severity Index Fredriksson Version Clinical Classification Question (C190947); PASI Fredriksson Version - Trunk: Thickness/Induration (C191075),8
PASI Fredriksson Version - Upper Extremities: Area Score,C191073,PASI Fredriksson Version - Upper Extremities: Area Score (C191073),C190947,QRS;Clinical or Research Assessment Classification;Psoriasis Area and Severity Index Fredriksson Version Clinical Classification;PASI FREDRIKSSON;PASI03;Psoriasis Area and Severity Index Fredriksson Version Clinical Classification Question,,Ordinal,Psoriasis Area and Severity Index Fredriksson Version (PASI Fredriksson Version) Upper Extremities: Area score.,3,Clinical or Research Assessment Question (C91102); CDISC QRS Instruments Questions (C211913); Psoriasis Area and Severity Index Fredriksson Version Clinical Classification Question (C190947); PASI Fredriksson Version - Upper Extremities: Area Score (C191073),8
PASI Fredriksson Version - Upper Extremities: Desquamation/Scaling,C191072,PASI Fredriksson Version - Upper Extremities: Desquamation/Scaling (C191072),C190947,QRS;Clinical or Research Assessment Classification;Psoriasis Area and Severity Index Fredriksson Version Clinical Classification;PASI FREDRIKSSON;PASI03;Psoriasis Area and Severity Index Fredriksson Version Clinical Classification Question,,Ordinal,Psoriasis Area and Severity Index Fredriksson Version (PASI Fredriksson Version) Upper Extremities: Desquamation/Scaling score.,3,Clinical or Research Assessment Question (C91102); CDISC QRS Instruments Questions (C211913); Psoriasis Area and Severity Index Fredriksson Version Clinical Classification Question (C190947); PASI Fredriksson Version - Upper Extremities: Desquamation/Scaling (C191072),8
PASI Fredriksson Version - Upper Extremities: Erythema/Redness,C191070,PASI Fredriksson Version - Upper Extremities: Erythema/Redness (C191070),C190947,QRS;Clinical or Research Assessment Classification;Psoriasis Area and Severity Index Fredriksson Version Clinical Classification;PASI FREDRIKSSON;PASI03;Psoriasis Area and Severity Index Fredriksson Version Clinical Classification Question,,Ordinal,Psoriasis Area and Severity Index Fredriksson Version (PASI Fredriksson Version) Upper Extremities: Erythema/Redness score.,3,Clinical or Research Assessment Question (C91102); CDISC QRS Instruments Questions (C211913); Psoriasis Area and Severity Index Fredriksson Version Clinical Classification Question (C190947); PASI Fredriksson Version - Upper Extremities: Erythema/Redness (C191070),8
PASI Fredriksson Version - Upper Extremities: Thickness/Induration,C191071,PASI Fredriksson Version - Upper Extremities: Thickness/Induration (C191071),C190947,QRS;Clinical or Research Assessment Classification;Psoriasis Area and Severity Index Fredriksson Version Clinical Classification;PASI FREDRIKSSON;PASI03;Psoriasis Area and Severity Index Fredriksson Version Clinical Classification Question,,Ordinal,Psoriasis Area and Severity Index Fredriksson Version (PASI Fredriksson Version) Upper Extremities: Thickness/Induration score.,3,Clinical or Research Assessment Question (C91102); CDISC QRS Instruments Questions (C211913); Psoriasis Area and Severity Index Fredriksson Version Clinical Classification Question (C190947); PASI Fredriksson Version - Upper Extremities: Thickness/Induration (C191071),8
PD-L1 Positive,C128554,PD-L1 Positive (C128554),C177692,Laboratory Tests;Immunology Tests;Genetic Testing;Gene Expression Analysis;Gene Products;Genetic Variation;Genetic Variation Analysis,B7 Homolog 1 Positive;B7-H Positive;B7H1 Positive;CD274 Antigen Positive;CD274 Molecule Positive;CD274 Positive;Expression of PD-L1;PD-L1 Positive;PD-L1+;PDCD1L1 Positive;PDCD1LG1 Positive;PDL1 Positive;Positive;Programmed Cell Death 1 Ligand 1 Positive,Ordinal,An immunohistochemical test result that indicates expression of PD-L1 in a tissue sample of a primary or metastatic malignant neoplasm.,1,Expression Positive (C177692); PD-L1 Positive (C128554),7
PGI Generic Modification Version - Change,C135818,PGI Generic Modification Version - Change (C135818),C135706,QRS;Clinical or Research Assessment Questionnaire;Patient Global Impression Generic Modification Version Questionnaire;PGI;PGI01;PGI Generic Modification Version Questionnaire Question,PGI01-Change;PGI0102;PGI Generic Modification Version - Change,Ordinal,Patient Global Impression Generic Modification Version (PGI Generic Modification Version) Compared to <previously assessed protocol specified time point> how much has your condition changed?,3,Clinical or Research Assessment Question (C91102); CDISC QRS Instruments Questions (C211913); PGI Generic Modification Version Questionnaire Question (C135706); PGI Generic Modification Version - Change (C135818),5
PGI Generic Modification Version - Improvement,C135819,PGI Generic Modification Version - Improvement (C135819),C135706,QRS;Clinical or Research Assessment Questionnaire;Patient Global Impression Generic Modification Version Questionnaire;PGI;PGI01;PGI Generic Modification Version Questionnaire Question,PGI01-Improvement;PGI0103;PGI Generic Modification Version - Improvement,Ordinal,Patient Global Impression Generic Modification Version (PGI Generic Modification Version) Compared to <previously assessed protocol specified time point> how much has your condition improved?,3,Clinical or Research Assessment Question (C91102); CDISC QRS Instruments Questions (C211913); PGI Generic Modification Version Questionnaire Question (C135706); PGI Generic Modification Version - Improvement (C135819),5
PGI Generic Modification Version - Severity,C135817,PGI Generic Modification Version - Severity (C135817),C135706,QRS;Clinical or Research Assessment Questionnaire;Patient Global Impression Generic Modification Version Questionnaire;PGI;PGI01;PGI Generic Modification Version Questionnaire Question,PGI01-Severity;PGI0101;PGI Generic Modification Version - Severity,Ordinal,"Patient Global Impression Generic Modification Version (PGI Generic Modification Version) Considering all the ways your condition impacts you, how severe is your condition at this time?",3,Clinical or Research Assessment Question (C91102); CDISC QRS Instruments Questions (C211913); PGI Generic Modification Version Questionnaire Question (C135706); PGI Generic Modification Version - Severity (C135817),5
PGI Generic Modification Version Questionnaire Question,C135706,PGI Generic Modification Version Questionnaire Question (C135706),C211913,QRS Instrument Questions,,,A question associated with the PGI Generic Modification Version questionnaire.,2,Clinical or Research Assessment Question (C91102); CDISC QRS Instruments Questions (C211913); PGI Generic Modification Version Questionnaire Question (C135706),0
Pacemaker ECG Assessment,C111285,Pacemaker ECG Assessment (C111285),C83146,Electrocardiogram Findings;Electrocardiogram Abnormalities;ECG Findings;ECG Abnormalities,PACEMAKR;Pacemaker,Nominal,"An electrocardiographic assessment of the rate of firing of a an artificial, mechanical pacemaker.",1,Electrocardiogram Test (C83146); Pacemaker ECG Assessment (C111285),7
Partial Pressure Arterial Oxygen to Fraction Inspired Oxygen Ratio Measurement,C119293,Partial Pressure Arterial Oxygen to Fraction Inspired Oxygen Ratio Measurement (C119293),C82624,Laboratory Tests;Blood Oxygen Levels;Respiratory System Findings,Horowitz Index;Carrico index;P/F ratio;Partial Pressure Arterial Oxygen to Fraction Inspired Oxygen Ratio Measurement;PO2FIO2;PAO2/FIO2;PP Arterial O2/Fraction Inspired O2,Quantitative,The determination of the ratio of the pressure of oxygen dissolved in arterial blood to the percentage oxygen of an inhaled mixture of gasses in a biological specimen.,2,Chemistry Test (C49237); Gas Measurement (C82624); Partial Pressure Arterial Oxygen to Fraction Inspired Oxygen Ratio Measurement (C119293),4
Partial Pressure of Oxygen Measurement,C71251,Partial Pressure of Oxygen Measurement (C71251),C71252,Laboratory Tests;Chemistry Tests;Arterial Blood Gas Measurements,PaO2;Partial Pressure O2;PO2,Quantitative,Measures the pressure of oxygen dissolved in the blood and how well oxygen is able to move from the airspace of the lungs into the blood.,1,Arterial Blood Gas Measurement (C71252); Partial Pressure of Oxygen Measurement (C71251),4
Pathology Result,C125581,Pathology Result (C125581),,Laboratory Tests,Pathology Examination Result,,The outcome of a pathologic examination.,0,Pathology Result (C125581),0
Patient Global Impression Generic Modification Version Questionnaire,C135739,Patient Global Impression Generic Modification Version Questionnaire (C135739),C91105,QRS;Clinical or Research Assessment Questionnaire;Patient Global Impression Generic Modification Version Questionnaire;PGI;PGI01,PGI;PGI01;PGI Generic Modification Version,,"A modified, generic version of a standardized questionnaire, developed as a patient reported outcomes counterpart for the Clinical Global Impressions scale published by Guy et al. in 1976, that assesses a patient's perception of their condition.",1,Clinical or Research Assessment Questionnaire (C91105); Patient Global Impression Generic Modification Version Questionnaire (C135739),4
Peak Cough Flow,C135498,Peak Cough Flow (C135498),C38081,Respiratory System Findings;Pulmonary Function Test,PCF;Cough Peak Flow;CPF,Quantitative,"The maximum rate of air flow expelled through the mouth, endotracheal, or tracheostomy tube during a cough.",1,Pulmonary Function Test (C38081); Peak Cough Flow (C135498),3
Peak Expiratory Flow,C41372,Peak Expiratory Flow (C41372),C38081,Respiratory System Findings;Pulmonary Function Test,PEF,Quantitative,"The maximum rate of gas flow, beginning at the point of peak inspiratory capacity, that can be sustained during forced exhalation for a defined period of time. This test is most often used in combination with other studies of lung function to diagnose and monitor obstructive and restrictive lung disease(s).",1,Pulmonary Function Test (C38081); Peak Expiratory Flow (C41372),3
Peak Expiratory Flow Reversibility,C112368,Peak Expiratory Flow Reversibility (C112368),C38081,Respiratory System Findings;Pulmonary Function Test,PEF Reversibility;PEFREV,Quantitative,The change in PEF following administration of a bronchodilator relative to the pre-treatment PEF value. (CDISC),1,Pulmonary Function Test (C38081); Peak Expiratory Flow Reversibility (C112368),2
Peak Expiratory Flow Time,C139259,Peak Expiratory Flow Time (C139259),C38081,Respiratory System Findings;Pulmonary Function Test,PEFTIME;PEF Time,Quantitative,The time from the start of the test until the subject reaches his maximum expiratory gas flow rate.,1,Pulmonary Function Test (C38081); Peak Expiratory Flow Time (C139259),3
Peak Inspiratory Flow Rate,C120939,Peak Inspiratory Flow Rate (C120939),C38081,Respiratory System Findings;Pulmonary Function Test,Peak Inspiratory Flow;PIF;PKINSFL,Quantitative,The fastest flow rate of gas noted during the inspiratory cycle.,1,Pulmonary Function Test (C38081); Peak Inspiratory Flow Rate (C120939),3
Peak Nasal Inspiratory Flow,C119547,Peak Nasal Inspiratory Flow (C119547),C38081,Respiratory System Findings;Pulmonary Function Test,PNIF,Quantitative,The maximal flow achieved during the maximally forced inspiration through the nose initiated at maximum exhalation.,1,Pulmonary Function Test (C38081); Peak Nasal Inspiratory Flow (C119547),3
Pediatric Investigation Plan Indicator,C126069,Pediatric Investigation Plan Indicator (C126069),C25180,Trial Summary,PIPIND,Nominal,An indication as to whether the trial is part of the pediatric investigation plan.,1,Indicator (C25180); Pediatric Investigation Plan Indicator (C126069),6
Pediatric Postmarket Study Indicator,C123631,Pediatric Postmarket Study Indicator (C123631),C25180,Trial Summary,PDPSTIND,Nominal,An indication as to whether the study is a pediatric postmarket study.,1,Indicator (C25180); Pediatric Postmarket Study Indicator (C123631),6
Pediatric Study Indicator,C123632,Pediatric Study Indicator (C123632),C25180,Trial Summary,PDSTIND,Nominal,An indication as to whether the study is a pediatric study.,1,Indicator (C25180); Pediatric Study Indicator (C123632),6
Peeling Indicator,C154883,Peeling Indicator (C154883),C119241,Reproductive Findings;Clinical Findings Indicator;Indicator,PEELIND,Nominal,An indication as to whether there is the presence of peeling.,1,Symptom Indicator (C119241); Peeling Indicator (C154883),4
Peptide Hormone Measurement,C75385,Peptide Hormone Measurement (C75385),C74742,Laboratory Tests;Gene Products,,,The determination of the amount of any peptide hormone present in a sample.,1,Hormone Measurement (C74742); Peptide Hormone Measurement (C75385),0
Percent Predicted Airway Resistance,C170623,Percent Predicted Airway Resistance (C170623),C38081,Respiratory System Findings;Pulmonary Function Test,RAWPP,Quantitative,"A measurement of respiratory tract resistance to airflow during inspiration and expiration, as a proportion of the predicted normal value.",1,Pulmonary Function Test (C38081); Percent Predicted Airway Resistance (C170623),3
Percent Predicted Airway Volume,C170621,Percent Predicted Airway Volume (C170621),C170457,Respiratory System Findings,AWVOLPP,Quantitative,"The total volume of gas in a specified airway or set of airways at a specified point in time in the respiratory cycle, expressed as a proportion of the predicted normal value.",2,Volume (C25335); Airway Volume (C170457); Percent Predicted Airway Volume (C170621),3
Percent Predicted Diffusion Capacity of the Lung for Carbon Monoxide,C120829,Percent Predicted Diffusion Capacity of the Lung for Carbon Monoxide (C120829),C38081,Respiratory System Findings;Pulmonary Function Test,DLCOPP;Percent Predicted DLCO,Quantitative,"The degree to which inhaled carbon monoxide diffuses from the alveoli into the blood, expressed as a proportion of the predicted normal value.",1,Pulmonary Function Test (C38081); Percent Predicted Diffusion Capacity of the Lung for Carbon Monoxide (C120829),3
Percent Predicted Diffusion Capacity of the Lung for Carbon Monoxide/Alveolar Volume Ratio,C120831,Percent Predicted Diffusion Capacity of the Lung for Carbon Monoxide/Alveolar Volume Ratio (C120831),C38081,Respiratory System Findings;Pulmonary Function Test,DLCOVAPP;Percent Predicted DLCO/VA,Quantitative,"The calculated ratio of the lung's alveolar volume with respect to its diffusion capacity for carbon monoxide, expressed as a proportion of the predicted normal value.",1,Pulmonary Function Test (C38081); Percent Predicted Diffusion Capacity of the Lung for Carbon Monoxide/Alveolar Volume Ratio (C120831),3
Percent Predicted Expiratory Reserve Volume,C112375,Percent Predicted Expiratory Reserve Volume (C112375),C38081,Respiratory System Findings;Pulmonary Function Test,ERVPP;Percent Predicted ERV,Quantitative,The maximum volume of air a subject can exhale from the lungs after a tidal exhalation as a proportion of the predicted normal value. (CDISC),1,Pulmonary Function Test (C38081); Percent Predicted Expiratory Reserve Volume (C112375),3
Percent Predicted Expiratory Vital Capacity,C199984,Percent Predicted Expiratory Vital Capacity (C199984),C147484,Respiratory System Findings,EVCPP;Percent Predicted EVC,Quantitative,The maximum volume of air an individual can exhale from the point of maximal inhalation as a percentage of the predicted normal value.,2,Pulmonary Function Test (C38081); Expiratory Vital Capacity (C147484); Percent Predicted Expiratory Vital Capacity (C199984),3
Percent Predicted Forced Expiratory Flow at 25-75 Percent,C119546,Percent Predicted Forced Expiratory Flow at 25-75 Percent (C119546),C38081,Respiratory System Findings;Pulmonary Function Test,FEF2575P;Percent Predicted FEF25-75;FEF at 25-75%,Quantitative,The mean forced expiratory flow rate at 25-75% of the forced vital capacity as a proportion of the predicted normal value.,1,Pulmonary Function Test (C38081); Percent Predicted Forced Expiratory Flow at 25-75 Percent (C119546),3
Percent Predicted Forced Expiratory Volume in 1 Second,C112376,Percent Predicted Forced Expiratory Volume in 1 Second (C112376),C38081,Respiratory System Findings;Pulmonary Function Test,FEV1PP;Percent Predicted FEV1,Quantitative,Forced expiratory volume in one second as a proportion of the predicted normal value. (CDISC),1,Pulmonary Function Test (C38081); Percent Predicted Forced Expiratory Volume in 1 Second (C112376),3
Percent Predicted Forced Expiratory Volume in 1 Second Divided by Forced Vital Capacity,C112377,Percent Predicted Forced Expiratory Volume in 1 Second Divided by Forced Vital Capacity (C112377),C38081,Respiratory System Findings;Pulmonary Function Test,FEV1FVCP;Percent Predicted FEV1/FVC,Quantitative,The proportion of total forced vital capacity that is expelled during the first second of a forced exhalation as a proportion of the predicted normal value. (CDISC),1,Pulmonary Function Test (C38081); Percent Predicted Forced Expiratory Volume in 1 Second Divided by Forced Vital Capacity (C112377),3
Percent Predicted Forced Expiratory Volume in 3 Seconds,C170627,Percent Predicted Forced Expiratory Volume in 3 Seconds (C170627),C38081,Respiratory System Findings;Pulmonary Function Test,FEV3PP;Percent Predicted FEV3,Quantitative,Forced expiratory volume in three seconds as a proportion of the predicted normal value.,1,Pulmonary Function Test (C38081); Percent Predicted Forced Expiratory Volume in 3 Seconds (C170627),3
Percent Predicted Forced Expiratory Volume in 6 Seconds,C112378,Percent Predicted Forced Expiratory Volume in 6 Seconds (C112378),C38081,Respiratory System Findings;Pulmonary Function Test,FEV6PP;Percent Predicted FEV6,Quantitative,Forced expiratory volume in six seconds as a proportion of the predicted normal value. (CDISC),1,Pulmonary Function Test (C38081); Percent Predicted Forced Expiratory Volume in 6 Seconds (C112378),3
Percent Predicted Forced Inspiratory Flow Maximum,C112379,Percent Predicted Forced Inspiratory Flow Maximum (C112379),C38081,Respiratory System Findings;Pulmonary Function Test,FIFMAXPP;Percent Predicted FIFmax,Quantitative,Forced inspiratory flow for a portion of the FVC curve at the point where the maximum portion of FVC is already inhaled as a proportion of the predicted normal value. (CDISC),1,Pulmonary Function Test (C38081); Percent Predicted Forced Inspiratory Flow Maximum (C112379),3
Percent Predicted Forced Inspiratory Volume in 1 Second,C112380,Percent Predicted Forced Inspiratory Volume in 1 Second (C112380),C38081,Respiratory System Findings;Pulmonary Function Test,FIV1PP;Percent Predicted FIV1,Quantitative,The volume of air that a subject can breathe in during the first second of inhalation after maximum exhalation as a proportion of the predicted normal value. (CDISC),1,Pulmonary Function Test (C38081); Percent Predicted Forced Inspiratory Volume in 1 Second (C112380),3
Percent Predicted Forced Vital Capacity,C112381,Percent Predicted Forced Vital Capacity (C112381),C38081,Respiratory System Findings;Pulmonary Function Test,FVCPP;Percent Predicted FVC,Quantitative,Forced vital capacity as a proportion of the predicted normal value. (CDISC),1,Pulmonary Function Test (C38081); Percent Predicted Forced Vital Capacity (C112381),3
Percent Predicted Functional Residual Capacity,C126052,Percent Predicted Functional Residual Capacity (C126052),C38081,Respiratory System Findings;Pulmonary Function Test,FRCPP;Percent Predicted FRC,Quantitative,The volume of air remaining in the lungs after a normal exhalation as a proportion of the predicted normal value. (CDISC),1,Pulmonary Function Test (C38081); Percent Predicted Functional Residual Capacity (C126052),3
Percent Predicted Hemoglobin Corrected Diffusion Capacity of the Lung for Carbon Monoxide,C120826,Percent Predicted Hemoglobin Corrected Diffusion Capacity of the Lung for Carbon Monoxide (C120826),C38081,Respiratory System Findings;Pulmonary Function Test,DLCOHCPP;Percent Predicted HGB Corrected DLCO,Quantitative,"The diffusion capacity of the lungs for carbon monoxide adjusted for hemoglobin concentration, expressed as a proportion of the predicted normal value.",1,Pulmonary Function Test (C38081); Percent Predicted Hemoglobin Corrected Diffusion Capacity of the Lung for Carbon Monoxide (C120826),3
Percent Predicted Hemoglobin Corrected Diffusion Capacity of the Lung for Carbon Monoxide/Alveolar Volume Ratio,C120828,Percent Predicted Hemoglobin Corrected Diffusion Capacity of the Lung for Carbon Monoxide/Alveolar Volume Ratio (C120828),C38081,Respiratory System Findings;Pulmonary Function Test,DLCOHVAP;Percent Predicted HGB Corrected DLCO/VA,Quantitative,"The diffusion capacity of the lungs for carbon monoxide adjusted for the ratio of hemoglobin concentration to alveolar volume, and expressed as a proportion of the predicted normal value.",1,Pulmonary Function Test (C38081); Percent Predicted Hemoglobin Corrected Diffusion Capacity of the Lung for Carbon Monoxide/Alveolar Volume Ratio (C120828),3
Percent Predicted Inspiratory Capacity,C112382,Percent Predicted Inspiratory Capacity (C112382),C38081,Respiratory System Findings;Pulmonary Function Test,ICPP;Percent Predicted IC,Quantitative,The maximum volume of air a subject can inhale into the lungs after a tidal exhalation (IRV plus TV) as a proportion of the predicted normal value. (CDISC),1,Pulmonary Function Test (C38081); Percent Predicted Inspiratory Capacity (C112382),3
Percent Predicted Inspiratory Reserve Volume,C112383,Percent Predicted Inspiratory Reserve Volume (C112383),C38081,Respiratory System Findings;Pulmonary Function Test,IRVPP;Percent Predicted IRV,Quantitative,The maximum volume of air a subject can inhale into the lungs after a tidal inhalation as a proportion of the predicted normal value. (CDISC),1,Pulmonary Function Test (C38081); Percent Predicted Inspiratory Reserve Volume (C112383),3
Percent Predicted Inspiratory Vital Capacity,C124424,Percent Predicted Inspiratory Vital Capacity (C124424),C38081,Respiratory System Findings;Pulmonary Function Test,IVCPP;Percent Predicted IVC,Quantitative,"The maximum volume of gas an individual can inhale from the point of maximal exhalation expressed as a percentage of the expected result value for healthy individuals of similar age, sex, height, and race.",1,Pulmonary Function Test (C38081); Percent Predicted Inspiratory Vital Capacity (C124424),3
Percent Predicted Lobar Volume,C174361,Percent Predicted Lobar Volume (C174361),C174232,Respiratory System Findings,LOBVOLPP,Quantitative,"The total volume of gas in a lobe of the lung at a specified point in time during the respiratory cycle, as a proportion of the predicted normal value.",2,Pulmonary Function Test (C38081); Lobar Volume (C174232); Percent Predicted Lobar Volume (C174361),3
Percent Predicted Maximal Expiratory Pressure,C135495,Percent Predicted Maximal Expiratory Pressure (C135495),C38081,Respiratory System Findings;Pulmonary Function Test,MEPPP;Percent Predicted MEP,Quantitative,"The greatest amount of pressure that can be generated by exhaling against a mouthpiece, which is a measure of the strength of respiratory muscles expressed as a proportion of the predicted normal value.",1,Pulmonary Function Test (C38081); Percent Predicted Maximal Expiratory Pressure (C135495),3
Percent Predicted Maximal Inspiratory Pressure,C135497,Percent Predicted Maximal Inspiratory Pressure (C135497),C38081,Respiratory System Findings;Pulmonary Function Test,MIPPP;Percent Predicted MIP,Quantitative,"The greatest amount of pressure that can be generated during inhalation against a fully occluded airway, which is used to measure the strength of respiratory muscles expressed as a proportion of the predicted normal value.",1,Pulmonary Function Test (C38081); Percent Predicted Maximal Inspiratory Pressure (C135497),3
Percent Predicted Peak Expiratory Flow,C112384,Percent Predicted Peak Expiratory Flow (C112384),C38081,Respiratory System Findings;Pulmonary Function Test,PEFPP;Percent Predicted PEF,Quantitative,The maximal flow achieved during the maximally forced expiration initiated at maximum inhalation as a proportion of the predicted normal value. (CDISC),1,Pulmonary Function Test (C38081); Percent Predicted Peak Expiratory Flow (C112384),3
Percent Predicted Residual Volume,C112385,Percent Predicted Residual Volume (C112385),C38081,Respiratory System Findings;Pulmonary Function Test,RVPP,Quantitative,The volume of air remaining in the lungs after maximum exhalation as a proportion of the predicted normal value. (CDISC),1,Pulmonary Function Test (C38081); Percent Predicted Residual Volume (C112385),3
Percent Predicted Slow Vital Capacity,C112386,Percent Predicted Slow Vital Capacity (C112386),C38081,Respiratory System Findings;Pulmonary Function Test,SVCPP;Percent Predicted SVC,Quantitative,The maximum volume of air that can be exhaled after slow maximum inhalation as a proportion of the predicted normal value. (CDISC),1,Pulmonary Function Test (C38081); Percent Predicted Slow Vital Capacity (C112386),3
Percent Predicted Specific Airway Resistance,C170624,Percent Predicted Specific Airway Resistance (C170624),C38081,Respiratory System Findings;Pulmonary Function Test,Percent Predicted Sp Airway Resistance;SRAWPP,Quantitative,"A measurement used to describe airway behavior irrespective of lung volume; it is calculated as airway resistance (Raw) multiplied by functional residual capacity (FRC), as a proportion of the predicted normal value.",1,Pulmonary Function Test (C38081); Percent Predicted Specific Airway Resistance (C170624),3
Percent Predicted Specific Airway Volume,C170622,Percent Predicted Specific Airway Volume (C170622),C170457,Respiratory System Findings,SAWVOLPP,Quantitative,"A parameter used in functional respiratory imaging, derived by dividing the airway volume of a specified intrapulmonary region by the total volume of the same specified intrapulmonary region, expressed as a proportion of the predicted normal value.",2,Volume (C25335); Airway Volume (C170457); Percent Predicted Specific Airway Volume (C170622),3
Percent Predicted Tidal Volume,C112387,Percent Predicted Tidal Volume (C112387),C38081,Respiratory System Findings;Pulmonary Function Test,TVPP,Quantitative,The volume of air moved into and out of the lungs during breathing at rest as a proportion of the predicted normal value. (CDISC),1,Pulmonary Function Test (C38081); Percent Predicted Tidal Volume (C112387),3
Percent Predicted Total Lung Capacity,C112388,Percent Predicted Total Lung Capacity (C112388),C38081,Respiratory System Findings;Pulmonary Function Test,TLCPP,Quantitative,The total volume of air in the lungs after maximum inhalation as a proportion of the predicted normal value. (CDISC),1,Pulmonary Function Test (C38081); Percent Predicted Total Lung Capacity (C112388),3
Percentage of in situ Carcinoma,C123559,Percentage of in situ Carcinoma (C123559),C35867,Disease Response;Tumor Results;Tumor Measurements,PCTISCA,Quantitative,A relative measurement (percentage) of in situ component present in a carcinoma compared to the entire malignant cellular proliferation.,1,Morphologic Finding (C35867); Percentage of in situ Carcinoma (C123559),7
Peripheral Body Temperature,C174371,Peripheral Body Temperature (C174371),C164325,Vital Signs;Temperature,TEMPPB,Quantitative,A measurement of the temperature on the surfaces of the outer areas or boundaries of the body.,2,Physical Examination Finding (C83119); Body Temperature Measurement (C164325); Peripheral Body Temperature (C174371),4
Perpendicular,C96557,Perpendicular (C96557),,Findings;Properties,,,At a right angle to a given line or plane.,0,Perpendicular (C96557),0
Person Contact Information,C41085,Person Contact Information (C41085),,Contact Information,,,Information regarding the person who is acting as a channel for communication between groups.,0,Person Contact Information (C41085),0
Person Status,C171086,Person Status (C171086),,Personal Attributes,,,The status of a person at a given time.,0,Person Status (C171086),0
Personal Attribute,C19332,Personal Attribute (C19332),,Musculoskeletal Finding;Personal Attribute,,,The distinguishing qualities or prominent aspects of an individual person.,0,Personal Attribute (C19332),0
Pharmaceutical Dosage Form,C42636,Pharmaceutical Dosage Form (C42636),C19238,Trial Summary,dosage form;dose form;pharmaceutical form;Dose Form;DOSFRM;Drug Dose Form;Pharmaceutical;Pharmaceutical Dose Form;Pharmaceutical Formulation,Nominal,The form in which active and/or inert ingredient(s) are physically presented.,1,"Diagnostic, Therapeutic, or Research Equipment (C19238); Pharmaceutical Dosage Form (C42636)",6
Pharmacological Class of Investigational Therapy,C98768,Pharmacological Class of Investigational Therapy (C98768),C90372,Trial Summary,PCLAS;PCLASS;Pharmacologic Class;Study Product Pharmacologic Class,Nominal,The drug class of the therapy being investigated in the study or trial.,1,Class of Trial Agent (C90372); Pharmacological Class of Investigational Therapy (C98768),5
Phase,C25257,Phase (C25257),,Clinical Trial Attribute;Trial Summary,Phased;Stage,,"A distinguishable part, a stage in a series of events or in a process of development, e.g. any of the varying aspects or stages in course of a disease; a fraction of a cycle.",0,Phase (C25257),0
Phosphate Measurement,C64857,Phosphate Measurement (C64857),C74946,Laboratory Tests;Chemistry Tests;Electrolyte Measurements,Phosphorus;Phosphate,Quantitative;Ordinal,A quantitative measurement of the amount of phosphate present in a sample.,2,Chemistry Test (C49237); Electrolyte Measurement (C74946); Phosphate Measurement (C64857),5
Photography,C94527,Photography (C94527),C17369,Diagnostic Procedure;Imaging Procedure,,Nominal,The process by which an image is acquired by recording light emissions on radiation-sensitive paper.,1,Imaging Procedure (C17369); Photography (C94527),10
Physical Activity Lifestyle,C179818,Physical Activity Lifestyle (C179818),C16795,Subject Characteristics,PHYACLFS;Physical Activity Lifestyle,Ordinal;Quantitative,A description of the subject's lifestyle with respect to physical activity.,1,Lifestyle (C16795); Physical Activity Lifestyle (C179818),3
Physical Examination,C20989,Physical Examination (C20989),,Physical Examination,General Examination;Physical Exam;PHYSICAL EXAM;PHYSICAL EXAMINATION;physical exam;physical_exam;Physical examination procedure (procedure);assessment;physical examination;Assessment;Physical;Physical Assessment;Physical exam,,"A systemic evaluation of the body and its functions using visual inspection, palpation, percussion and auscultation. The purpose is to determine the presence or absence of physical signs of disease or abnormality for an individual's health assessment.",0,Physical Examination (C20989),0
Physical Examination Finding,C83119,Physical Examination Finding (C83119),,Physical Examination Finding,,,"The result of an evaluation of the body and its functions using visual inspection, palpation, percussion, or auscultation that is performed to determine the presence, absence, or degree of a condition.",0,Physical Examination Finding (C83119),0
Physical Examination Findings of New or Worsening Heart Failure,C119233,Physical Examination Findings of New or Worsening Heart Failure (C119233),C83119,Findings About Cardiovascular Events;Cardiovascular System Finding;Laboratory Test Result,HFPEFNW;Heart Failure New/Worsening PE Findings,Nominal;Ordinal,A description of the physical examination evidence of heart failure that can be classified as new or worsening.,1,Physical Examination Finding (C83119); Physical Examination Findings of New or Worsening Heart Failure (C119233),6
Physical Property,C158424,Physical Property (C158424),,Laboratory Tests;Physical Property,,,Any of the characteristics that define the nature of matter or forces that act upon it.,0,Physical Property (C158424),0
Physical Strength,C87802,Physical Strength (C87802),,Musculoskeletal Finding;Physical Strength,,,Degree of intensity or force in regard to a physical activity.,0,Physical Strength (C87802),0
Physician Decision [RETIRED],C48250,Physician Decision [RETIRED] (C48250),,Subject Disposition,,,"A position, opinion or judgment reached after consideration by a physician with reference to subject. [RETIRED]",0,Physician Decision [RETIRED] (C48250),0
Pinch Strength,C139211,Pinch Strength (C139211),C87802,Musculoskeletal Finding;Physical Strength,PINCHSTR,Quantitative,An assessment of hand muscle strength that measures that force with which one squeezes or compresses an object using one's thumb and one or multiple fingers.,1,Physical Strength (C87802); Pinch Strength (C139211),6
Planned Country of Investigational Site,C98770,Planned Country of Investigational Site (C98770),C16632,Trial Summary,FCNTRY;Planned Country of Investigational Sites,Nominal,"The planned country within which the investigation, trial or study is taking place.",1,Geographic Area (C16632); Planned Country of Investigational Site (C98770),5
Planned Duration,C93625,Planned Duration (C93625),,Clinical Trial Attribute;Trial Summary,,,The period of time over which the event or activity is intended to take place.,0,Planned Duration (C93625),0
Planned Follow-Up Duration,C126077,Planned Follow-Up Duration (C126077),C93625,Trial Summary,Target Follow-Up Duration;TRGFUDUR,Temporal,The anticipated time period over which each study participant is to be followed. (clinicaltrials.gov),1,Planned Duration (C93625); Planned Follow-Up Duration (C126077),4
Planned Maximum Age of Subjects,C49694,Planned Maximum Age of Subjects (C49694),C49695,Trial Summary,AGEMAX;Maximum Age,Temporal,The anticipated maximum age of the subjects to be entered in a clinical trial.,1,Study Subject Group Characteristics (C49695); Planned Maximum Age of Subjects (C49694),4
Planned Minimum Age of Subjects,C49693,Planned Minimum Age of Subjects (C49693),C49695,Trial Summary,AGEMIN;Minimum Age,Temporal,The anticipated minimum age of the subjects to be entered in a clinical trial.,1,Study Subject Group Characteristics (C49695); Planned Minimum Age of Subjects (C49693),4
Planned Number of Arms,C98771,Planned Number of Arms (C98771),C70705,Trial Summary,NARMS,Quantitative,The planned number of intervention groups.,1,Component of Study Protocol (C70705); Planned Number of Arms (C98771),3
Planned Subject Number,C49692,Planned Subject Number (C49692),C49695,Trial Summary,Target Accrual;target enrollment;Anticipated Enrollment;Planned Enrollment;Planned Number of Participants;Planned Number of Subjects;PLANSUB;Target Enrollment;Number of Study Subjects,Quantitative,The number of subjects entered in a clinical trial.,1,Study Subject Group Characteristics (C49695); Planned Subject Number (C49692),3
Planned Treatment Duration,C139276,Planned Treatment Duration (C139276),C93625,Trial Summary,PTRTDUR,Temporal,The period of time during which the treatment is intended to be given.,1,Planned Duration (C93625); Planned Treatment Duration (C139276),4
Planned Trial Duration,C127796,Planned Trial Duration (C127796),C93625,Trial Summary,PLNTRDUR,Temporal,The approximate period of time over which a clinical trial is planned to occur.,1,Planned Duration (C93625); Planned Trial Duration (C127796),4
Platelet Count,C51951,Platelet Count (C51951),C28133,Laboratory Tests;Hematology Tests,Thrombocytes;Platelets;Anucleated Thrombocytes,Quantitative,The determination of the number of platelets in a biospecimen.,2,Hematology Test (C49286); Blood Cell Count (C28133); Platelet Count (C51951),5
Pneumonia Indicator,C171521,Pneumonia Indicator (C171521),C181043,Clinical Findings Indicators;Respiratory System Findings,PNEUMIND,Nominal,An indication as to whether pneumonia has occurred.,1,Clinical Findings Indicator (C181043); Pneumonia Indicator (C171521),3
Poikilocyte Measurement,C79602,Poikilocyte Measurement (C79602),C51946,Laboratory Tests;Hematology Tests;Blood Cell Counts;Erythrocyte Counts,POIKILO;Poikilocytes,Ordinal,The determination of the number of poikilocytes present in a sample.,3,Hematology Test (C49286); Blood Cell Count (C28133); Erythrocyte Count (C51946); Poikilocyte Measurement (C79602),4
Polychromasia,C64803,Polychromasia (C64803),C35553,Laboratory Tests;Hematology Tests;Abnormal Blood Chemistry and Hematology Test Results,POLYCHR,Quantitative;Ordinal,The reaction of red cells to stain as indicated by the appearance of bluish or grayish colored erythrocytes.,1,Abnormal Blood Chemistry and Hematology Test Result (C35553); Polychromasia (C64803),4
Polychromatic Erythrocyte Count,C199683,Polychromatic Erythrocyte Count (C199683),C51946,Laboratory Tests;Hematology Tests;Blood Cell Counts;Erythrocyte Counts,Immature Erythrocytes;Polychromatic Erythrocytes;PCE,Ordinal,The determination of the polychromatic erythrocytes in a sample.,3,Hematology Test (C49286); Blood Cell Count (C28133); Erythrocyte Count (C51946); Polychromatic Erythrocyte Count (C199683),4
Polychromatic Erythrocytes to Erythrocytes Ratio Measurement,C200008,Polychromatic Erythrocytes to Erythrocytes Ratio Measurement (C200008),C51946,Laboratory Tests;Hematology Tests;Erythrocyte Counts;Blood Cell Count Ratio Measurements,Immature Erythrocytes/Erythrocytes;Polychromatic Erythrocytes/Erythrocytes;Reticulocytes/Erythrocytes;PCERBC,Quantitative,The determination of the ratio of the polychromatic erythrocytes to total erythrocytes in a sample. The measurement may be expressed as a ratio or percentage.,3,Hematology Test (C49286); Blood Cell Count (C28133); Erythrocyte Count (C51946); Polychromatic Erythrocytes to Erythrocytes Ratio Measurement (C200008),5
Positron Emission Tomography,C17007,Positron Emission Tomography (C17007),C38093,Diagnostic Imaging;Medical Imaging;Tomography,PET Scan;PET,Nominal,"A technique for measuring the gamma radiation produced by collisions of electrons and positrons (anti-electrons) within living tissue. In positron emission tomography (PET), a subject is given a dose of a positron-emitting radionuclide attached to a metabolically active substance (for example, 2-fluoro-2-deoxy-D-glucose (FDG), which is similar to a naturally occurring sugar, glucose, with the addition of a radioactive fluorine atom). When living tissue containing the positron emitter is bombarded by electrons, gamma radiation produced by collisions of electrons and positrons is detected by a scanner, revealing in fine detail the tissue location of the metabolically-active substance administered.",1,Tomography (C38093); Positron Emission Tomography (C17007),10
Post Authorization Safety Study Indicator,C139275,Post Authorization Safety Study Indicator (C139275),C25180,Trial Summary,PASSIND;Post Authorization Safety Study Ind,Nominal,An indication as to whether the clinical study is a post authorization safety study.,1,Indicator (C25180); Post Authorization Safety Study Indicator (C139275),6
Post-Partum Indicator,C198358,Post-Partum Indicator (C198358),C25180,Reproductive Findings;Clinical Findings Indicator;Indicator,PPRTIND,Nominal,An indication as to whether the subject is in the stages of recovery post pregnancy and birth event.,1,Indicator (C25180); Post-Partum Indicator (C198358),2
Postal Address,C70946,Postal Address (C70946),,Clinical Trial Attribute;Trial Summary,Mail Address;Mailing Address,,A physical location used by a person or organization for the purpose of receiving postal mail deliveries.,0,Postal Address (C70946),0
Potassium Measurement,C64853,Potassium Measurement (C64853),C74946,Laboratory Tests;Chemistry Tests;Electrolyte Measurements,Potassium;K,Quantitative,A quantitative measurement of the amount of potassium present in a sample.,2,Chemistry Test (C49237); Electrolyte Measurement (C74946); Potassium Measurement (C64853),5
Potency Unit,C48470,Potency Unit (C48470),,Clinical Trial Attribute;Trial Summary,Unit of Potency,,The basic quantity or increment used to describe the strength of a product or amount of product in a package.,0,Potency Unit (C48470),0
Pregnancy Confirmed Indicator,C122192,Pregnancy Confirmed Indicator (C122192),C139264,Reproductive Findings;Clinical Findings Indicator;Indicator,PCONFIND,Nominal,Specifies whether the subject's pregnancy has been confirmed.,2,Indicator (C25180); Pregnancy Indicator (C139264); Pregnancy Confirmed Indicator (C122192),2
Pregnancy End Date,C163558,Pregnancy End Date (C163558),,Reproductive Findings;End Date,PRGENDTC;Date Pregnancy Ended,Temporal,The date on which the pregnancy ended.,0,Pregnancy End Date (C163558),2
Pregnancy Finding,C92720,Pregnancy Finding (C92720),,Reproductive Findings,,,"Symptoms, signs, diagnostic examinations or a test results in a pregnant mother.",0,Pregnancy Finding (C92720),0
Pregnancy Indicator,C139264,Pregnancy Indicator (C139264),C25180,Reproductive Findings;Clinical Findings Indicator;Indicator,PREGIND;Pregnant Indicator,Nominal,An indication as to whether the individual is pregnant.,1,Indicator (C25180); Pregnancy Indicator (C139264),2
Pregnancy Outcome,C90491,Pregnancy Outcome (C90491),C92720,Reproductive Findings,PRGOUT,Narrative,Findings observed at the end of a pregnancy.,1,Pregnancy Finding (C92720); Pregnancy Outcome (C90491),2
Pregnancy Suspected Indicator,C186213,Pregnancy Suspected Indicator (C186213),C139264,Reproductive Findings;Clinical Findings Indicator;Indicator,PSUSPIND,Nominal,An indication that the subject is believed likely to be pregnant.,2,Indicator (C25180); Pregnancy Indicator (C139264); Pregnancy Suspected Indicator (C186213),2
Pregnant During the Study,C106561,Pregnant During the Study (C106561),C19332,Reproductive Findings;Clinical Findings Indicator;Indicator,PREGST,Nominal,An indicator as to whether the female subject is pregnant during the study period.,1,Personal Attribute (C19332); Pregnant During the Study (C106561),2
Pregnant Subject [RETIRED],C191656,Pregnant Subject [RETIRED] (C191656),,Subject Disposition,,,An indication that the study subject is pregnant. [RETIRED],0,Pregnant Subject [RETIRED] (C191656),0
Premature Birth Indicator,C112400,Premature Birth Indicator (C112400),C19332,Subject Characteristics,PREMBRTH;premature at birth;Premature Birth Indicator;premature_at_birth,Nominal,An indication as to whether the subject was born prior to 38 weeks gestation.,1,Personal Attribute (C19332); Premature Birth Indicator (C112400),3
Primary Cause of Death,C99531,Primary Cause of Death (C99531),C81239,Death Diagnosis and Details;Cause of Death,PRCDTH;Primary,Nominal,The first significant event which ultimately led to death.,1,Cause of Death (C81239); Primary Cause of Death (C99531),2
Primary Language Spoken,C132459,Primary Language Spoken (C132459),C19332,Subject Characteristics,LNGSPP;Primary Language Spoken;Primary Language Spoken at Home,Nominal,The main language that is spoken by the subject most frequently or dominantly.,1,Personal Attribute (C19332); Primary Language Spoken (C132459),3
Primary Outcome Measure,C98772,Primary Outcome Measure (C98772),C70705,Trial Summary,OUTMSPRI;PRIMARY OUTCOME MEASURE,Nominal,"The primary measurement(s) or observation(s) used to measure the effect of experimental variables in a study, or for observational studies, to describe patterns of diseases or traits or associations with exposures, risk factors or treatment. These are the outcome measures used to assess the primary objective(s).",1,Component of Study Protocol (C70705); Primary Outcome Measure (C98772),3
Priority of Disease Contact,C102699,Priority of Disease Contact (C102699),C41085,Subject Characteristics,PRICON;Priority of Disease Contact,Ordinal,The categorization of individuals with or without the potential for having tuberculosis.,1,Person Contact Information (C41085); Priority of Disease Contact (C102699),3
Private Health Insurance Indicator,C209686,Private Health Insurance Indicator (C209686),C209446,Subject Characteristics,HIPRVIND;Private Health Insurance Indicator,Nominal,An indication as to whether the subject is covered by their own or a family member's privately-bought health insurance.,2,Indicator (C25180); Health Insurance Indicator (C209446); Private Health Insurance Indicator (C209686),3
Products of Conception Examined Indicator,C163557,Products of Conception Examined Indicator (C163557),C25180,Reproductive Findings;Clinical Findings Indicator;Indicator,PRDCEIND;Products of Conception Examined Ind,Nominal,An indication as to whether the products of conception have been examined.,1,Indicator (C25180); Products of Conception Examined Indicator (C163557),2
Progesterone Receptor Measurement,C117846,Progesterone Receptor Measurement (C117846),C64430,Laboratory Tests;Chemistry Tests;Endocrine Tests;Hormone Measurements;Protein or Enzyme Type Measurement,PROGESTR;NR3C3;PGR;PR;Progesterone Receptor,Nominal;Quantitative,The determination of the amount of progesterone receptor present in a sample.,1,Protein or Enzyme Type Measurement (C64430); Progesterone Receptor Measurement (C117846),6
Progesterone Receptor Positive,C15496,Progesterone Receptor Positive (C15496),C16149,Laboratory Tests;Chemistry Tests;Endocrine Tests;Hormone Measurements;Protein or Enzyme Type Measurement,PGR Positive;PR Positive,Ordinal,An indication that progesterone receptor (PRG; PR) expression has been detected in a sample.,3,Receptor Status (C94299); Hormone Receptor Status (C188928); Progesterone Receptor Status (C16149); Progesterone Receptor Positive (C15496),7
Progesterone Receptor Status,C16149,Progesterone Receptor Status (C16149),C188928,Laboratory Tests;Chemistry Tests;Endocrine Tests;Hormone Measurements;Protein or Enzyme Type Measurement,PgR Status;Progesterone Receptor,Ordinal,Indicates the progesterone receptor level measured in a primary tumor or in metastases. (>=10 is positive if measured in fmols/mg cytosol protein; Otherwise use institutional standards),2,Receptor Status (C94299); Hormone Receptor Status (C188928); Progesterone Receptor Status (C16149),7
Progression-free Survival,C28234,Progression-free Survival (C28234),,Disease Response;Disease Response Criteria;Survival,PFS,Temporal,The length of time during and after treatment in which a patient is living with a disease that does not get worse. Progression-free survival may be used in a clinical study or trial to help find out how well a new treatment works.,0,Progression-free Survival (C28234),5
Progressive Disease [RETIRED],C35571,Progressive Disease [RETIRED] (C35571),,Subject Disposition,,,"A clinical, pathologic, and/or molecular finding indicating that the course of a disease is worsening in terms of extent or severity. [RETIRED]",0,Progressive Disease [RETIRED] (C35571),0
Proliferative Index,C28042,Proliferative Index (C28042),,Oncology Standards;Tumor Results,,,The percentage of cells in a biological specimen that are dividing.,0,Proliferative Index (C28042),0
Property or Attribute,C20189,Property or Attribute (C20189),,Clinical Trial Attribute;Trial Summary,,,"A distinguishing quality or prominent aspect of a person, object, action, process, or substance.",0,Property or Attribute (C20189),0
Protein or Enzyme Type Measurement,C64430,Protein or Enzyme Type Measurement (C64430),,Laboratory Tests;Chemistry Tests,,,A term that refers to a chemistry test measuring a specific protein or enzyme in the peripheral blood or body fluid.,0,Protein or Enzyme Type Measurement (C64430),0
Protein to Creatinine Ratio Measurement,C79463,Protein to Creatinine Ratio Measurement (C79463),C74760,Laboratory Tests;Chemistry Tests;Urine Chemistry Tests;Urine Protein Measurements,Protein/Creatinine;PROTCRT,Quantitative,The determination of the ratio of total protein compared to creatinine present in a sample. The measurement may be expressed as a ratio or percentage.,1,Urine Protein Measurement (C74760); Protein to Creatinine Ratio Measurement (C79463),5
Prothrombin Activity Measurement,C98774,Prothrombin Activity Measurement (C98774),,Laboratory Tests;Chemistry Tests;Protein or Enzyme Type Measurements;Prothrombin Measurements;Coagulation Study,Factor II Activity;Prothrombin Activity,,The determination of the biological activity of prothrombin in a sample.,0,Prothrombin Activity Measurement (C98774),0
Prothrombin Time,C62656,Prothrombin Time (C62656),C98774,Laboratory Tests;Chemistry Tests;Coagulation Study;Prothrombin Activity Measurements;Drug-Induced Liver Injury;DILI,PT,Quantitative,"A measurement of the clotting time of plasma recalcified in the presence of excess tissue thromboplastin; it is a measure of the extrinsic pathway of coagulation. It is used to determine the clotting tendency of blood, in the measure of warfarin dosage, liver damage and vitamin K status. Factors measured are fibrinogen, prothrombin, and factors V, VII, and X.",1,Prothrombin Activity Measurement (C98774); Prothrombin Time (C62656),5
Protocol Agent,C41161,Protocol Agent (C41161),C1708,Trial Summary,experimental intervention;Study Treatment;Target Product;Test Article;Experimental Intervention;Investigational Interventional;Investigational Therapy or Treatment;TRT;investigational product;study agent;Agent;Study Agent,Nominal,"A medical product, practice, or application that is tested in a clinical trial.",1,Agent (C1708); Protocol Agent (C41161),5
Protocol Deviation [RETIRED],C50996,Protocol Deviation [RETIRED] (C50996),,Subject Disposition,,,"A variation from processes or procedures defined in a protocol. Deviations usually do not preclude the overall evaluability of subject data for either efficacy or safety, and are often acknowledged and accepted in advance by the sponsor. (CDISC Glossary) [RETIRED]",0,Protocol Deviation [RETIRED] (C50996),0
Protocol Disposition Event,C74590,Protocol Disposition Event (C74590),,Subject Disposition;Protocol Disposition Events,Disposition Event,,The group of incidents that occur during a clinical trial and describe whether a subject completed the study epoch or the reason this event did not occur. The subject's disposition is often described for each phase of the study.,0,Protocol Disposition Event (C74590),0
Protocol Keyword,C126062,Protocol Keyword (C126062),C43513,Trial Summary,KEYWORD;Keyword,Nominal,A word or small set of words designed to convey the subject of a clinical study.,1,Keyword (C43513); Protocol Keyword (C126062),5
Protocol Milestone,C74588,Protocol Milestone (C74588),,Subject Disposition;Protocol Milestones,,,"Occurrences within some epochs that are initiated by a protocol-specified event. The most common protocol milestone is ""Informed Consent Obtained"" which usually documents the start of the study.",0,Protocol Milestone (C74588),0
Protocol Risk Assessment,C139277,Protocol Risk Assessment (C139277),C15367,Trial Summary,PROTRSK,Nominal,The potential future harm that may arise from some protocol-related activity.,1,Health Risk Assessment (C15367); Protocol Risk Assessment (C139277),6
Proton Density Fat Fraction,C189437,Proton Density Fat Fraction (C189437),C96648,Findings;Clinical Test Result;Fat Quantification;Liver Findings;Urinary System Findings,Fat Fraction by Proton Density;PDFF;Proton Density Fat Fraction,Quantitative,An estimated measurement of the fat in a targeted tissue through proton density assessments via magnetic resonance imaging.,1,Fat Measurement (C96648); Proton Density Fat Fraction (C189437),6
Psoriasis Area and Severity Index Fredriksson Version Clinical Classification,C191040,Psoriasis Area and Severity Index Fredriksson Version Clinical Classification (C191040),C118969,QRS;QRS;Clinical or Research Assessment Classification;Psoriasis Area and Severity Index Fredriksson Version Clinical Classification;PASI FREDRIKSSON;PASI03,PASI FREDRIKSSON;PASI Fredriksson Version;PASI03,,"A standardized index developed in 1978 by Fredriksson et al. that combines psoriasis disease severity (measured as erythema, infiltration, and desquamation) and body surface area involvement over 4 body regions (head, trunk, upper and lower extremities) to assess progress during treatment.",1,Clinical or Research Assessment Classification (C118969); Psoriasis Area and Severity Index Fredriksson Version Clinical Classification (C191040),4
Psoriasis Area and Severity Index Fredriksson Version Clinical Classification Question,C190947,Psoriasis Area and Severity Index Fredriksson Version Clinical Classification Question (C190947),C211913,QRS Instrument Questions,,,A question associated with the Psoriasis Area and Severity Index Fredriksson Version clinical classification.,2,Clinical or Research Assessment Question (C91102); CDISC QRS Instruments Questions (C211913); Psoriasis Area and Severity Index Fredriksson Version Clinical Classification Question (C190947),0
PubMed Unique Identifier,C127797,PubMed Unique Identifier (C127797),C93638,Trial Summary,PubMed ID for Citation Used in Study;PUBMEDID;PubMed ID;PubMed Identifier;PubMed Indexing Number,Nominal,"A globally unique identifier for a biomedical article, as assigned by PubMed.",1,Publication Identifier (C93638); PubMed Unique Identifier (C127797),4
Publication Identifier,C93638,Publication Identifier (C93638),,Clinical Trial Attribute;Trial Summary,,,A unique symbol that establishes identity to a publication.,0,Publication Identifier (C93638),0
Pulmonary Function Test,C38081,Pulmonary Function Test (C38081),,Respiratory System Findings;Pulmonary Function Tests;Vital Signs,Pulmonary Function Test;lung function test;PFT;Pulmonary Function Testing,,A broad range of tests that are performed to assess how well lungs inhale and exhale air and how efficiently they transfer oxygen into the blood.,0,Pulmonary Function Test (C38081),0
Pulmonary Inertance,C139254,Pulmonary Inertance (C139254),C38081,Respiratory System Findings;Pulmonary Function Test,INERTANC;Inertance,Quantitative,The measure of the force of the column of air in the conducting airways.,1,Pulmonary Function Test (C38081); Pulmonary Inertance (C139254),2
Pulmonary Reactance,C123567,Pulmonary Reactance (C123567),C38081,Respiratory System Findings;Pulmonary Function Test,PLMXRS,Quantitative,"The measurement of the ability of the lung to store energy, which is required for passive expiration. Reactance consists of two components: the negative component reflects capacitive behavior (C) and corresponds to both the thoraco-pulmonary elasticity and to changes in the available lung volumes in the distal compartments of the lung; the positive component of reactance has inertial characteristics (I) describing the moving air column in the bronchial tree.",1,Pulmonary Function Test (C38081); Pulmonary Reactance (C123567),2
Pulse Pressure,C100945,Pulse Pressure (C100945),C19332,Vital Signs;Blood Pressure,PULSEPR,Quantitative,The force of a heart contraction measured by the difference between the diastolic and systolic blood pressure measurements.,1,Personal Attribute (C19332); Pulse Pressure (C100945),4
Pulse Rate,C49676,Pulse Rate (C49676),C49672,Vital Signs,Pulse,Quantitative,"The rate of the pulse as observed in an artery, expressed as beats per minute. It can be measured at several anatomic sites, including the wrist, neck, temple, groin, behind the knees, or on top of the foot.",1,Vital Signs Measurement (C49672); Pulse Rate (C49676),7
Pustule Indicator,C154882,Pustule Indicator (C154882),C119241,Reproductive Findings;Clinical Findings Indicator;Indicator,PUSTIND,Nominal,An indication as to whether a pustule is present.,1,Symptom Indicator (C119241); Pustule Indicator (C154882),4
QRS Axis,C118165,QRS Axis (C118165),C62085,Electrocardiogram Findings;Electrocardiogram Measurements;ECG Measurements,,Quantitative,"A numerical representation of the electrocardiographic vector assessed at maximum deviation of the QRS complex from the isoelectric baseline, usually reported for the frontal plane. (CDISC)",1,ECG Measurement (C62085); QRS Axis (C118165),8
"QTc Correction Method Unspecified, Aggregate",C174285,"QTc Correction Method Unspecified, Aggregate (C174285)",C62085,Electrocardiogram Findings;Electrocardiogram Measurements;ECG Measurements,QTCUNSAG,Quantitative,"A QT aggregate interval that is corrected for heart rate by unspecified correction method, or by non-standard correction methods.",1,"ECG Measurement (C62085); QTc Correction Method Unspecified, Aggregate (C174285)",9
"QTc Correction Method Unspecified, Single Beat",C174286,"QTc Correction Method Unspecified, Single Beat (C174286)",C62085,Electrocardiogram Findings;Electrocardiogram Measurements;ECG Measurements,"QTc Corr Method Unspecified, Single Beat;QTc Correction Method Unspecified, Single Beat;QTCUNSSB",Quantitative,"A QT interval that is corrected for heart rate by unspecified correction method, or by non-standard correction methods, based on a QT interval measured on a single beat utilizing one or more ECG leads.",1,"ECG Measurement (C62085); QTc Correction Method Unspecified, Single Beat (C174286)",9
Quasi-Static Compliance,C139255,Quasi-Static Compliance (C139255),C38081,Respiratory System Findings;Pulmonary Function Test,QUASCOMP,Quantitative,The static elastic recoil pressure of the lungs at a given lung volume.,1,Pulmonary Function Test (C38081); Quasi-Static Compliance (C139255),3
Quick Freeze,C63521,Quick Freeze (C63521),,Biospecimen Events,Flash Freezing;Flash Freeze;Flash Frozen;Quick Frozen;Snap Freeze;Snap Frozen,Nominal,To freeze rapidly so as to preserve structure and prevent ice crystal formation.,0,Quick Freeze (C63521),6
Quotient,C71610,Quotient (C71610),,Clinical Trial Attribute;Trial Summary,,,A quantity obtained by division.,0,Quotient (C71610),0
RR Interval Single Measurement,C117792,RR Interval Single Measurement (C117792),C62085,Electrocardiogram Findings;Electrocardiogram Measurements;ECG Measurements,RR Interval Single Measurement;RRSM,Quantitative,"An electrocardiographic measurement of the interval between two consecutive R waves. If R waves are not present, this measurement may utilize the interval between the most easily identified components of the QRS complex within two consecutive beats. (CDISC)",1,ECG Measurement (C62085); RR Interval Single Measurement (C117792),9
Race,C17049,Race (C17049),,Demographic Data;Demographics;Population Group,Racial Group,Nominal,A geographic ancestral origin category that is assigned to a population group based mainly on physical characteristics that are thought to be distinct and inherent.,0,Race (C17049),2
Radiation Therapy,C15313,Radiation Therapy (C15313),C49236,Oncology Standards;Therapeutic Procedure;Radiation Therapy,Cancer Radiotherapy;Radiotherapeutics;RT,Nominal,Treatment of a disease by means of exposure of the target or the whole body to radiation. Radiation therapy is often used as part of curative therapy and occasionally as a component of palliative treatment for cancer. Other uses include total body irradiation prior to transplantation.,1,Therapeutic Procedure (C49236); Radiation Therapy (C15313),15
Radiologic Response,C123627,Radiologic Response (C123627),C50995,Oncology Standards;Disease Response;Disease Response Criteria;Disease Response and Clinical Classification;RS;RANO;iRANO,RDIORESP,Nominal,An evaluation of the radiologic response of the disease to the therapy.,1,Disease Response (C50995); Radiologic Response (C123627),6
Radionuclide Imaging,C62667,Radionuclide Imaging (C62667),C16502,Diagnostic Procedure;Diagnostic Imaging;NM;Nuclear Medicine,Gamma Scan;Nuclear Medicine;Scintigraphy;Radioimaging,Nominal,"An imaging technique that uses a small dose of a radioactive chemical (isotope) called a tracer that can detect sites of cancer growth, trauma, infection or degenerative disorders. The tracer, which is either injected into a vein or swallowed, travels through the bloodstream to the target organ, and emits gamma rays, which are detected by a gamma camera and analyzed by a computer to form an image of the target organ.",1,Diagnostic Imaging Testing (C16502); Radionuclide Imaging (C62667),10
Randomization,C25196,Randomization (C25196),C15787,Trial Summary,randomization;RANDOM;Randomized;Trial is Randomized;randomized,Nominal,"The allocation of individuals to groups by chance, especially in order to control the variables in an experiment.",1,Clinical Trials Design (C15787); Randomization (C25196),6
Randomization Quotient,C98775,Randomization Quotient (C98775),C71610,Trial Summary,RANDQT,Quantitative,"The number of planned subjects to be exposed to investigational therapy, independent of dose or other factors, divided by the total number of planned subjects.",1,Quotient (C71610); Randomization Quotient (C98775),3
Range of Motion,C63507,Range of Motion (C63507),,Musculoskeletal Finding;Range of Motion,,,"A measure of joint flexibility consisting of flexion, how far it can bend, and extension, how far it can stretch. It is usually measured by the number of degrees from the starting position of a segment to its position at the end of its arc.",0,Range of Motion (C63507),0
"Range of Motion, Abduction",C139212,"Range of Motion, Abduction (C139212)",C63507,Musculoskeletal Finding;Range of Motion,ROMABDT,Quantitative,"An assessment of joint flexibility that measures the movement of a body part pulling away from the midline of the body, in number of degrees.",1,"Range of Motion (C63507); Range of Motion, Abduction (C139212)",6
"Range of Motion, Dorsiflexion",C139214,"Range of Motion, Dorsiflexion (C139214)",C63507,Musculoskeletal Finding;Range of Motion,ROMDORFL,Quantitative,"An assessment of joint flexibility that measures the movement of a body part bending towards its dorsal surface, in number of degrees.",1,"Range of Motion (C63507); Range of Motion, Dorsiflexion (C139214)",6
"Range of Motion, Extension",C139213,"Range of Motion, Extension (C139213)",C63507,Musculoskeletal Finding;Range of Motion,ROMEXT,Quantitative,"An assessment of joint flexibility that measures the straightening (unbending) movement between body parts, in number of degrees.",1,"Range of Motion (C63507); Range of Motion, Extension (C139213)",6
Rare Disease Indicator,C126070,Rare Disease Indicator (C126070),C25180,Trial Summary,RDIND,Nominal,An indication as to whether the condition under study is considered a rare or orphan disease.,1,Indicator (C25180); Rare Disease Indicator (C126070),6
Rash Indicator,C154878,Rash Indicator (C154878),C119241,Reproductive Findings;Clinical Findings Indicator;Indicator,RASHIND,Nominal,An indication as to whether rash is present.,1,Symptom Indicator (C119241); Rash Indicator (C154878),4
Reaction Grade,C179819,Reaction Grade (C179819),C48309,Grade;Skin Response,REACTGR,Nominal,The position on a scale to assess the response to some kind of stimulus.,1,Grade (C48309); Reaction Grade (C179819),6
Receptor Status,C94299,Receptor Status (C94299),,Laboratory Tests,,,Refers to the presence or absence of specific receptor molecules on the surface of a cells in a specimen.,0,Receptor Status (C94299),0
Recurrence Indicator,C93645,Recurrence Indicator (C93645),C25180,Disease Response;Recurrence;Indicators,Recurrence,Ordinal,"Specifies whether this is a reappearance of an entity, event or activity.",1,Indicator (C25180); Recurrence Indicator (C93645),4
Recurrence Risk Score,C190808,Recurrence Risk Score (C190808),,Diagnostic Tests,,,A score that estimates the likelihood that an individual with have a recurrence of a disease.,0,Recurrence Risk Score (C190808),0
Recurrence in Distant Nodes,C192424,Recurrence in Distant Nodes (C192424),C55073,Disease Response;Recurrent Disease,Nodal-Distant;Recurrence in Distant Nodes,Ordinal,A recurrence of disease in distant lymph nodes.,2,"Recurrent Disease (C38155); Recurrent Disease, Distant Site (C55073); Recurrence in Distant Nodes (C192424)",4
Recurrent Disease,C38155,Recurrent Disease (C38155),,Disease Response;Recurrent Disease,Recurrence;Disease Relapse,Ordinal,The return of a disease after a period of remission.,0,Recurrent Disease (C38155),4
"Recurrent Disease, Distant Site",C55073,"Recurrent Disease, Distant Site (C55073)",C38155,Oncology Standards;Recurrent Disease;Disease Response,Distant Disease;Distant Recurrence;Relapse Distant Site,,"Recurrence of symptoms of a disease, at a site different and away from the original site.",1,"Recurrent Disease (C38155); Recurrent Disease, Distant Site (C55073)",0
Relapse Criteria,C117961,Relapse Criteria (C117961),C25466,Trial Summary,RLPSCRIT,Nominal,A standard from which a judgment concerning a disease relapse can be established.,1,Criterion (C25466); Relapse Criteria (C117961),3
Reported Event Term [RETIRED],C82571,Reported Event Term [RETIRED] (C82571),,Reported Events;Medical History Events;Medical Conditions;Presenting Conditions,,,The collected name for an event observation. [RETIRED],0,Reported Event Term [RETIRED] (C82571),0
Requires Secure Email Delivery of XML Indicator,C127799,Requires Secure Email Delivery of XML Indicator (C127799),C25180,Trial Summary,SDXMLIND;Secure Delivery XML Required Indicator,Nominal,An indication as to whether the XML copy of the CT application requires secure E-mail delivery.,1,Indicator (C25180); Requires Secure Email Delivery of XML Indicator (C127799),6
Residual Cancer Burden,C160722,Residual Cancer Burden (C160722),,Tumor Results;Disease Response,RCB Class,Ordinal,An indication of the amount of invasive cancer in breast or lymph node tissue after completion of neoadjuvant chemotherapy.,0,Residual Cancer Burden (C160722),6
Residual Cancer Burden Class,C160724,Residual Cancer Burden Class (C160724),C160723,Tumor Results;Disease Response,RCB Class,Ordinal,Residual cancer burden classes that use pre-defined cut-points representing progressively greater extents of residual cancer and indicating a greater risk of recurrence.,1,Residual Cancer Burden Index (C160723); Residual Cancer Burden Class (C160724),6
Residual Cancer Burden Index,C160723,Residual Cancer Burden Index (C160723),,Tumor Results;Disease Response,RCB Index,Ordinal,"A score estimated from routine pathologic sections of the primary breast tumor site and the regional lymph nodes after the completion of neoadjuvant therapy. Variables used in the calculation include: primary tumor bed area, overall cancer cellularity, percentage of cancer that is in situ disease, number of positive lymph nodes, and diameter of largest metastasis. These scores are divided into 4 classes that stratify patients based on their chance of disease recurrence.",0,Residual Cancer Burden Index (C160723),6
Residual Volume,C89836,Residual Volume (C89836),C38081,Respiratory System Findings;Pulmonary Function Test,RV,Quantitative,The volume of air remaining in the lungs after a maximal exhalation.,1,Pulmonary Function Test (C38081); Residual Volume (C89836),3
Respiratory Exchange Ratio,C123568,Respiratory Exchange Ratio (C123568),C38081,Respiratory System Findings;Pulmonary Function Test,RER,Quantitative,"The ratio of the amount of carbon dioxide produced to the amount of oxygen consumed in one breath. This ratio is used to estimate the respiratory quotient, which indicates what type of fuel source the body is metabolising to provide energy.",1,Pulmonary Function Test (C38081); Respiratory Exchange Ratio (C123568),3
Respiratory Rate,C49678,Respiratory Rate (C49678),C49672,Vital Signs,RESP;RESPRATE,Quantitative,"The rate of breathing (inhalation and exhalation) measured within in a unit time, usually expressed as breaths per minute.",1,Vital Signs Measurement (C49672); Respiratory Rate (C49678),3
Respiratory System Examination,C198356,Respiratory System Examination (C198356),C215116,Respiratory System Findings,REEXAM,Nominal;Narrative,"An observation, assessment or examination of the respiratory system.",1,Body Organ or System Test (C215116); Respiratory System Examination (C198356),2
Respiratory System Finding,C45233,Respiratory System Finding (C45233),,Respiratory System Findings,Respiratory;RESPIRATORY SYSTEM;Respiratory Finding,,"Symptoms, physical examination results, and/or laboratory test results related to the respiratory system.",0,Respiratory System Finding (C45233),0
Response in Non-Target Lesion,C94535,Response in Non-Target Lesion (C94535),C50995,Oncology Standards;Disease Response;Disease Response Criteria;Disease Response and Clinical Classification;RS;RECIST 1.1;iRECIST;LUGANO CLASSIFICATION,NTRGRESP;Non-Target Response,Nominal,A qualitative or quantitative measurement of the response of a non-target lesion(s) to the therapy.,1,Disease Response (C50995); Response in Non-Target Lesion (C94535),5
Response in Target Lesion,C94534,Response in Target Lesion (C94534),C50995,Oncology Standards;Disease Response;Disease Response Criteria;Disease Response and Clinical Classification;RS;RECIST 1.1;iRECIST;LUGANO CLASSIFICATION;RANO;IRANO 2015,TRGRESP;Target Response,Nominal,A qualitative or quantitative measurement of the response of a target lesion(s) to the therapy.,1,Disease Response (C50995); Response in Target Lesion (C94534),5
Resubmission Letter,C126071,Resubmission Letter (C126071),C68805,Trial Summary,RESUBLTR,Nominal,An alphabetic character that describes the incremental order of trial submissions or resubmissions.,1,Character (C68805); Resubmission Letter (C126071),3
Retained Biospecimen Contains DNA Indicator,C127777,Retained Biospecimen Contains DNA Indicator (C127777),C126058,Trial Summary,Biospecimen Retention Contains DNA Ind;BRDNAIND,Nominal,An indication as to whether retained biospecimens contain DNA.,1,Biospecimen Retained and/or Contains DNA Indicator (C126058); Retained Biospecimen Contains DNA Indicator (C127777),6
Retained Biospecimen Description,C126072,Retained Biospecimen Description (C126072),C25365,Trial Summary,RTSPCDES,Nominal,"A textual description of the specimen types, which are collected during the course of the study.",1,Description (C25365); Retained Biospecimen Description (C126072),3
Rhythm Not Otherwise Specified ECG Assessment,C111307,Rhythm Not Otherwise Specified ECG Assessment (C111307),C83146,Electrocardiogram Findings;Electrocardiogram Abnormalities;ECG Findings;ECG Abnormalities,RHYNOS;Rhythm Not Otherwise Specified,Nominal,An electrocardiographic assessment of a cardiac rhythm that is not specified in a particular list.,1,Electrocardiogram Test (C83146); Rhythm Not Otherwise Specified ECG Assessment (C111307),7
Ribonucleic Acid Measurement,C132301,Ribonucleic Acid Measurement (C132301),,Laboratory Tests;Chemistry Tests;Microbiology Tests,,,The determination of the amount of ribonucleic acids in a biological sample.,0,Ribonucleic Acid Measurement (C132301),0
Risk Factor,C17103,Risk Factor (C17103),,Diagnostic Factors,,,"Any aspect of an individual's life, behavior, an environmental exposure, or an inborn or inherited characteristic that increases the likelihood of a disease, condition or injury.",0,Risk Factor (C17103),0
Route,C25169,Route (C25169),,Clinical Trial Attribute;Trial Summary,,,"A way of getting from one place to another; an established line of travel or access; the way a chemical or pollutant enters an organism after contact, particularly, the way of drug administration.",0,Route (C25169),0
Route of Administration,C38114,Route of Administration (C38114),C25169,Trial Summary,route of administration (ROA);ROUTE;ROUTE OF ADMINISTRATION;Drug Route of Administration;Route of Drug Administration;Drug Administration Method,Nominal,"Designation of the part of the body through which or into which, or the way in which, the medicinal product is intended to be introduced. In some cases a medicinal product can be intended for more than one route and/or method of administration.",1,Route (C25169); Route of Administration (C38114),6
Rutgeerts Score - Rutgeerts Score,C191153,Rutgeerts Score - Rutgeerts Score (C191153),C190946,QRS;Clinical or Research Assessment Classification;Rutgeerts Score Clinical Classification;RUTGEERTS SCORE;RUTG01;Rutgeerts Score Clinical Classification Question,RUTG01-Rutgeerts Score;RUTG0101;Rutgeerts Score - Rutgeerts Score,Ordinal,Rutgeerts Score (Rutgeerts Score) Rutgeerts score.,3,Clinical or Research Assessment Question (C91102); CDISC QRS Instruments Questions (C211913); Rutgeerts Score Clinical Classification Question (C190946); Rutgeerts Score - Rutgeerts Score (C191153),4
Rutgeerts Score Clinical Classification,C191039,Rutgeerts Score Clinical Classification (C191039),C118969,QRS;Clinical or Research Assessment Classification;Rutgeerts Score Clinical Classification;RUTGEERTS SCORE;RUTG01,,,A standardized scoring system developed by Rutgeerts et al. in 1990 that is used to assess postoperative disease recurrence in patients that have undergone ileocecal resection as treatment for Crohn disease.,1,Clinical or Research Assessment Classification (C118969); Rutgeerts Score Clinical Classification (C191039),4
Rutgeerts Score Clinical Classification Question,C190946,Rutgeerts Score Clinical Classification Question (C190946),C211913,QRS Instrument Questions,Rutgeerts Score Clinical Classification;RUTGEERTS SCORE;RUTG01,,A question associated with the Rutgeerts Score clinical classification.,2,Clinical or Research Assessment Question (C91102); CDISC QRS Instruments Questions (C211913); Rutgeerts Score Clinical Classification Question (C190946),0
SARS-CoV-2 RNA Measurement,C171531,SARS-CoV-2 RNA Measurement (C171531),C171532,Laboratory Tests;Microbiology Tests;Virology Tests;COVID-19 Tests;SARS-CoV-2 Tests,SAR2RNA;SARS-CoV-2 RNA,Quantitative,The determination of the amount of SARS-CoV-2 RNA in a sample.,3,Microbiology Test (C49188); Coronaviridae Measurement (C171456); Severe Acute Respiratory Syndrome Coronavirus 2 Measurement (C171532); SARS-CoV-2 RNA Measurement (C171531),8
SDTM Implementation Guide Medical Device Version,C189317,SDTM Implementation Guide Medical Device Version (C189317),C25714,Trial Summary,SDTM IG Medical Device Version;SDTMDVER;SDTMIG Medical Device Version;SDTMIG-MD Version,Nominal,The version of the CDISC Study Data Tabulation Model implementation guide for medical devices that is being used in the study submission.,1,Version (C25714); SDTM Implementation Guide Medical Device Version (C189317),6
"ST Segment, T wave, and U wave ECG Assessment",C111363,"ST Segment, T wave, and U wave ECG Assessment (C111363)",C83146,Electrocardiogram Findings;Electrocardiogram Abnormalities;ECG Findings;ECG Abnormalities,"STSTWUW;ST Segment, T wave, and U wave",Nominal,"An electrocardiographic assessment of the characteristics of the ST segment, T wave, and U wave.",1,"Electrocardiogram Test (C83146); ST Segment, T wave, and U wave ECG Assessment (C111363)",7
SUSAR Reporting to EudraVigiliance Clinical Trial Module Indicator,C126073,SUSAR Reporting to EudraVigiliance Clinical Trial Module Indicator (C126073),C25180,Trial Summary,SREVIND;SUSAR Reporting to EVCTM Indicator,Nominal,An indication as to whether suspected unexpected serious adverse reactions will be reported to a EudraVigiliance clinical trial module.,1,Indicator (C25180); SUSAR Reporting to EudraVigiliance Clinical Trial Module Indicator (C126073),6
SUSAR Reporting to National Competent Authority Indicator,C126074,SUSAR Reporting to National Competent Authority Indicator (C126074),C25180,Trial Summary,SRNCAIND;SUSAR Reporting to NCA Indicator,Nominal,An indication as to whether suspected unexpected serious adverse reactions will be reported to national competent authorities.,1,Indicator (C25180); SUSAR Reporting to National Competent Authority Indicator (C126074),6
Sagittal Abdominal Diameter,C87054,Sagittal Abdominal Diameter (C87054),C25285,Vital Signs;Body Measurements,SAD,Quantitative,"A standard measure of visceral obesity, or abdominal fat, which is measured from the patient's back to upper abdomen between the bottom of the rib cage and the top of the pelvic area. This measurement may be taken with the patient standing or in the supine position.",1,Diameter (C25285); Sagittal Abdominal Diameter (C87054),3
Salazar-Knowles Equation Parameter A,C139256,Salazar-Knowles Equation Parameter A (C139256),C38081,Respiratory System Findings;Pulmonary Function Test,SALKA,Quantitative,"A representation of the exponential function described by the Salazar-Knowles equation, and an estimation of a subject's inspiratory capacity.",1,Pulmonary Function Test (C38081); Salazar-Knowles Equation Parameter A (C139256),2
Salazar-Knowles Equation Parameter B,C139257,Salazar-Knowles Equation Parameter B (C139257),C38081,Respiratory System Findings;Pulmonary Function Test,SALKB,Quantitative,The difference between the volume at total lung capacity and the hypothesized volume at a transpulmonary pressure of zero.,1,Pulmonary Function Test (C38081); Salazar-Knowles Equation Parameter B (C139257),2
"Salazar-Knowles Equation, K Parameter",C139258,"Salazar-Knowles Equation, K Parameter (C139258)",C38081,Respiratory System Findings;Pulmonary Function Test,"Salazar-Knowles Equation, K;SALKK",Quantitative,The reflection of the curvature of the upper portion of the deflationary limb of the pressure-volume curve.,1,"Pulmonary Function Test (C38081); Salazar-Knowles Equation, K Parameter (C139258)",2
Sampling Method,C71492,Sampling Method (C71492),,Clinical Trial Attribute;Trial Summary,Sampling Design;Sampling Technique,,"A statistical process of selecting a subset, or sample, from a larger population. Information is gathered from that sample and analyzed in order to gain insights about the larger group.",0,Sampling Method (C71492),0
Score,C25338,Score (C25338),,Musculoskeletal Finding;Score,,,"A number or range of numeric values measuring performance, function, quality, or ability.",0,Score (C25338),0
Second Ventilatory Threshold,C204693,Second Ventilatory Threshold (C204693),C123909,Respiratory System Findings,Anaerobic Threshold;Lactate Threshold;Respiratory Compensation Threshold;Ventilatory Threshold 2;VT2,Quantitative,The point during activity or exercise at which the effort to ventilate increases such that the exerciser experiences duress and can no longer speak. This threshold is characterized by anaerobic metabolism and lactate buildup.,1,Ventilatory Threshold (C123909); Second Ventilatory Threshold (C204693),3
Secondary Cause of Death,C116142,Secondary Cause of Death (C116142),C81239,Death Diagnosis and Details;Cause of Death,SECDTH,Nominal,The second significant event which ultimately led to death.,1,Cause of Death (C81239); Secondary Cause of Death (C116142),2
Secondary Language Spoken,C132460,Secondary Language Spoken (C132460),C19332,Subject Characteristics,LNGSPS;Secondary Language Spoken,Nominal,Additional language(s) that is spoken by the subject but which is not considered the primary language.,1,Personal Attribute (C19332); Secondary Language Spoken (C132460),3
Secondary Outcome Measure,C98781,Secondary Outcome Measure (C98781),C70705,Trial Summary,OUTMSSEC;SECONDARY OUTCOME MEASURE,Nominal,"Other key measures that will be used to evaluate the intervention(s) or, for observational studies, that are a focus of the study. These are the outcome measures used to assess the secondary objective(s).",1,Component of Study Protocol (C70705); Secondary Outcome Measure (C98781),3
Segmented Neutrophil Count,C81997,Segmented Neutrophil Count (C81997),C51950,Laboratory Tests;Hematology Tests;Blood Cell Counts;Leukocyte Counts;Neutrophil Counts,Segmented Neutrophils;NEUTSG,Quantitative,The determination of the amount of segmented neutrophils present in a sample.,4,Hematology Test (C49286); Blood Cell Count (C28133); Leukocyte Count (C51948); Neutrophil Count (C51950); Segmented Neutrophil Count (C81997),5
Segmented Neutrophil to Leukocyte Ratio Measurement,C82045,Segmented Neutrophil to Leukocyte Ratio Measurement (C82045),C67208,Laboratory Tests;Hematology Tests;Blood Cell Counts;Blood Cell Count Ratio Measurements,Segmented Neutrophils/Leukocytes;NEUTSGLE,Quantitative,The determination of the ratio of segmented neutrophils compared to leukocytes present in a sample. The measurement may be expressed as a ratio or percentage.,3,Hematology Test (C49286); Blood Cell Count (C28133); Blood Cell Count Ratio Measurement (C67208); Segmented Neutrophil to Leukocyte Ratio Measurement (C82045),5
Sentinel Lymph Node Biopsy,C15667,Sentinel Lymph Node Biopsy (C15667),C51900,Diagnostic Procedures;Biopsies;Breast Cancer Diagnostic Procedures,SLNB;SNB;Sentinel Node Biopsy;Sentinel node biopsy alone,Nominal,"Surgical removal and examination of the sentinel node, the lymph node which is first in receiving the lymphatic drainage of a specified anatomic location and is most likely to be affected by the lymphatic spread of cancer.",2,Biopsy Procedure by Anatomic Location (C217124); Lymph Node Biopsy (C51900); Sentinel Lymph Node Biopsy (C15667),11
Sequence Rearrangement,C189439,Sequence Rearrangement (C189439),C17248,Genomic Findings;Genetic Variation,SEQREAR,Quantitative;Nominal,"Any product of a process affecting a nucleic acid sequence that results in the gain, loss, inversion, or translocation of nucleic acid.",1,Genetic Variation (C17248); Sequence Rearrangement (C189439),16
Serum HCG Measurement,C73495,Serum HCG Measurement (C73495),C147128,Laboratory Tests;Chemistry Tests;Hormone Measurements;Choriogonadotropin Measurements;HCG Measurements,Serum Pregnancy Test;Serum Human Chorionic Gonadotropin;Serum HCG,Quantitative,A quantitative measurement of the amount of human chorionic gonadotropin present in a sample of serum.,1,Choriogonadotropin Measurement (C147128); Serum HCG Measurement (C73495),4
Setting of Disease Contact,C102708,Setting of Disease Contact (C102708),,Subject Characteristics,SETCON;Setting of Contact;Setting of Disease Contact,Nominal,"The environment within which the person may have come into contact with a disease carrier, or played the role of a disease carrier.",0,Setting of Disease Contact (C102708),3
Severe Acute Respiratory Syndrome Coronavirus 2 Antibody Measurement,C171439,Severe Acute Respiratory Syndrome Coronavirus 2 Antibody Measurement (C171439),C171532,Laboratory Tests;Microbiology Tests;Virology Tests;COVID-19 Tests;SARS-CoV-2 Tests,SARS-CoV-2 Antibody Detection;SARS-CoV-2 Antibody Test;COVID-19 Antibody Test;COVID-19 Antibody Detection;SAR2AB,Quantitative;Ordinal,The determination of the amount of severe acute respiratory syndrome coronavirus 2 antibody in a sample.,3,Microbiology Test (C49188); Coronaviridae Measurement (C171456); Severe Acute Respiratory Syndrome Coronavirus 2 Measurement (C171532); Severe Acute Respiratory Syndrome Coronavirus 2 Antibody Measurement (C171439),5
Severe Acute Respiratory Syndrome Coronavirus 2 Measurement,C171532,Severe Acute Respiratory Syndrome Coronavirus 2 Measurement (C171532),C171456,Laboratory Tests;Microbiology Tests;Virology Tests;COVID-19 Tests;SARS-CoV-2 Tests,SARSCOV2;SARS-CoV-2 Infection;COVID-19 Infection,Ordinal,The determination of the amount of severe acute respiratory syndrome coronavirus 2 in a sample.,2,Microbiology Test (C49188); Coronaviridae Measurement (C171456); Severe Acute Respiratory Syndrome Coronavirus 2 Measurement (C171532),7
Severity Criteria,C117962,Severity Criteria (C117962),C25466,Trial Summary,SEVCRIT,Nominal,A standard from which a judgment concerning an event severity can be established.,1,Criterion (C25466); Severity Criteria (C117962),3
Sex,C28421,Sex (C28421),,Demographic Data;Demographics;Personal Attribute,,Nominal,"An arbitrary categorization of individuals based on the assemblage of physical properties related to reproduction, and commonly associated with the designation of such categories as female and male. This designation is based on a combination of observable information from organ inventories, morphological assessments, hormone assessments, genetic testing, observed primary and secondary sex characteristics, menstrual status, and/or obstetric history. Current sex designation may or may not be the same as an individual's sex assigned or reported at birth. IMPORTANT NOTICE: The NCI Thesaurus contains biomedical terminologies that NCI does not own or control. This concept contains gender-related content that does not comply with Executive Order 14168.",0,Sex (C28421),2
Sex Assigned at Birth,C205472,Sex Assigned at Birth (C205472),,Subject Characteristics,SEXABRTH;Birth Sex;Sex Assigned at Birth,Nominal,"The male or female designation that doctors ascribe to a newborn infant, usually based on the appearance of the child's external genitalia, and that is marked on their birth records.",0,Sex Assigned at Birth (C205472),3
Sex Assigned for Clinical Purpose,C209693,Sex Assigned for Clinical Purpose (C209693),C28421,Subject Characteristics,SXCLUSE;Sex Assigned for Clinical Purpose;Sex for Clinical Use,Nominal,"An arbitrary categorization of individuals based on the assemblage of physical properties related to reproduction, and commonly associated with the designation of such categories as female and male. This designation is based on some combination of observable information from organ inventories, morphological assessment, hormone assessments, genetic testing, observed primary and secondary sex characteristics, menstrual status, and/or obstetric history. Current sex designation may or may not be the same as an individual's sex assigned or reported at birth. (NCI)",1,Sex (C28421); Sex Assigned for Clinical Purpose (C209693),3
Sex of Study Group,C49696,Sex of Study Group (C49696),C49695,Trial Summary,Sex of Participants;SEXPOP,Nominal,"The specific sex, either male, female, or mixed of the subject group being studied.",1,Study Subject Group Characteristics (C49695); Sex of Study Group (C49696),6
Sexual Orientation,C84361,Sexual Orientation (C84361),C19332,Subject Characteristics,SEXORIE;Sex Orientation;Sexual Orientation;Sexual Preference;Sexuality,Nominal,"The pattern of a person's emotional, romantic, and/or sexual attractions.",1,Personal Attribute (C19332); Sexual Orientation (C84361),3
Sharp Genant Bone Erosion Score,C128986,Sharp Genant Bone Erosion Score (C128986),C25338,Musculoskeletal Finding;Score,SGBESCR;Sharp/Genant Bone Erosion Score,Ordinal,The numerical value that represents the result of a clinical assessment of bone erosion based on the Genant modification of the Sharp Joint Erosion Assessment (Genant HK. Methods of assessing radiographic change in rheumatoid arthritis. Am J Med. 1983 Dec 30;75(6A):35-47).,1,Score (C25338); Sharp Genant Bone Erosion Score (C128986),6
Sharp Genant Joint Space Narrowing Score,C128987,Sharp Genant Joint Space Narrowing Score (C128987),C25338,Musculoskeletal Finding;Score,SGJSNSCR;Sharp/Genant JSN Score,Ordinal,The numerical value that represents the result of a clinical assessment of joint space narrowing based on the Genant modification of the Sharp Joint Space Narrowing Assessment (Genant HK. Methods of assessing radiographic change in rheumatoid arthritis. Am J Med. 1983 Dec 30;75(6A):35-47).,1,Score (C25338); Sharp Genant Joint Space Narrowing Score (C128987),8
Sharp van der Heijde Bone Erosion Score,C128988,Sharp van der Heijde Bone Erosion Score (C128988),C25338,Musculoskeletal Finding;Score,SVBESCR;Sharp/Van der Heijde Bone Erosion Score,Ordinal,"The numerical value that represents the result of a clinical assessment of bone erosion based on the Van der Heijde modification of the Sharp Joint Erosion Assessment (Van der Heijde DM, van Riel PL, Nuver-Zwart IH, Gribnau FW, van de Putte LB. Effects of hydroxychloroquine and sulphasalazine on progression of joint damage in rheumatoid arthritis. Lancet 1989;1:1036-8).",1,Score (C25338); Sharp van der Heijde Bone Erosion Score (C128988),6
Sharp van der Heijde Joint Space Narrowing Score,C128989,Sharp van der Heijde Joint Space Narrowing Score (C128989),C25338,Musculoskeletal Finding;Score,SVJSNSCR;Sharp/Van der Heijde JSN Score,Ordinal,"The numerical value that represents the result of a clinical assessment of joint space narrowing based on the Van der Heijde modification of the Sharp Joint Space Narrowing Assessment (Van der Heijde DM, van Riel PL, Nuver-Zwart IH, Gribnau FW, van de Putte LB. Effects of hydroxychloroquine and sulphasalazine on progression of joint damage in rheumatoid arthritis. Lancet 1989;1:1036-8).",1,Score (C25338); Sharp van der Heijde Joint Space Narrowing Score (C128989),6
Short Variation Assessment,C181334,Short Variation Assessment (C181334),C18302,Genomics Findings;Genetic Variation Analysis,SHRTVAR;Short Variation,Quantitative;Nominal,"An assessment of the variability in a short sequence of nucleotides (generally defined as 50 base pairs or less), when compared to a reference sequence.",1,Genetic Variation Analysis (C18302); Short Variation Assessment (C181334),15
Single Beat P Wave Duration,C117776,Single Beat P Wave Duration (C117776),C62085,Electrocardiogram Findings;Electrocardiogram Measurements;ECG Measurements,"P Wave Duration, Single Beat;Single Beat P Wave Duration;PWDURSB",Quantitative,An electrocardiographic interval measured from the onset of the P wave to the offset of the P wave of a single beat utilizing one or more leads. (CDISC),1,ECG Measurement (C62085); Single Beat P Wave Duration (C117776),9
Single Beat PR Interval,C117774,Single Beat PR Interval (C117774),C62085,Electrocardiogram Findings;Electrocardiogram Measurements;ECG Measurements,"Single Beat PR Interval;PQ Interval, Single Beat;PQSB;PR Interval, Single Beat;PR Interval, Single Beat;PRSB",Quantitative,An electrocardiographic interval measured from the onset of the P wave to the onset of the QRS complex of a single beat utilizing one or more leads. (CDISC),1,ECG Measurement (C62085); Single Beat PR Interval (C117774),9
Single Beat QRS Duration,C117780,Single Beat QRS Duration (C117780),C62085,Electrocardiogram Findings;Electrocardiogram Measurements;ECG Measurements,"QRS Duration, Single Beat;Single Beat QRS Duration;QRSSB",Quantitative,An electrocardiographic interval measured from the onset of the QRS complex to the offset of the QRS complex of a single beat utilizing one or more leads. (CDISC),1,ECG Measurement (C62085); Single Beat QRS Duration (C117780),9
Single Beat QT Interval,C117788,Single Beat QT Interval (C117788),C62085,Electrocardiogram Findings;Electrocardiogram Measurements;ECG Measurements,"QT Interval, Single Beat;Single Beat QT Interval;QTSB",Quantitative,An electrocardiographic interval measured from the onset of the QRS complex to the offset of the T wave of a single beat utilizing one or more leads. (CDISC),1,ECG Measurement (C62085); Single Beat QT Interval (C117788),9
Single Beat QTCB Interval,C117785,Single Beat QTCB Interval (C117785),C62085,Electrocardiogram Findings;Electrocardiogram Measurements;ECG Measurements,"QTcB Interval, Single Beat;Single Beat QTCB Interval;QTCBSB",Quantitative,A QT single beat interval corrected for heart rate using Bazett's formula.,1,ECG Measurement (C62085); Single Beat QTCB Interval (C117785),9
Single Beat QTCF Interval,C117787,Single Beat QTCF Interval (C117787),C62085,Electrocardiogram Findings;Electrocardiogram Measurements;ECG Measurements,"QTcF Interval, Single Beat;QTCFSB;Single Beat QTCF Interval",Quantitative,A QT single beat interval corrected for heart rate using Fridericia's formula.,1,ECG Measurement (C62085); Single Beat QTCF Interval (C117787),9
Single Measurement PP Interval,C117772,Single Measurement PP Interval (C117772),C62085,Electrocardiogram Findings;Electrocardiogram Measurements;ECG Measurements,"PP Interval, Single Measurement;Single Measurement PP Interval;PPSM",Quantitative,An electrocardiographic measurement of the interval between the onsets of two consecutive P waves. (CDISC),1,ECG Measurement (C62085); Single Measurement PP Interval (C117772),9
Single Nucleotide Variation Assessment,C181331,Single Nucleotide Variation Assessment (C181331),C18302,Genomics Findings;Genetic Variation Analysis,SNV;Single Nucleotide Variation,Quantitative;Nominal,"An assessment of the variability in a nucleotide found within a specified position of the genome, when compared to a reference nucleotide.",1,Genetic Variation Analysis (C18302); Single Nucleotide Variation Assessment (C181331),20
Single Site European Union State Trial Indicator,C127800,Single Site European Union State Trial Indicator (C127800),C25180,Trial Summary,Single Site EU State Trial Indicator;SSEUTIND,Nominal,An indication as to whether the clinical study is being conducted at only one site within the European Union member state concerned by the application.,1,Indicator (C25180); Single Site European Union State Trial Indicator (C127800),6
Sinus Node Rhythm and Arrhythmia ECG Assessment,C111312,Sinus Node Rhythm and Arrhythmia ECG Assessment (C111312),C83146,Electrocardiogram Findings;Electrocardiogram Abnormalities;ECG Findings;ECG Abnormalities,SNRARRY;Sinus Node Rhythms and Arrhythmias,Nominal,An electrocardiographic assessment of the typical and atypical cardiac rhythms originating from the sinoatrial node.,1,Electrocardiogram Test (C83146); Sinus Node Rhythm and Arrhythmia ECG Assessment (C111312),7
Skeletal Examination,C124598,Skeletal Examination (C124598),,Musculoskeletal Finding;Skeletal Examination,,,An assessment of the bone and cartilage structures.,0,Skeletal Examination (C124598),0
Skeletal Muscle Mass Measurement,C178017,Skeletal Muscle Mass Measurement (C178017),C112025,Musculoskeletal Findings;Mass Measurements,SMMASS;Skeletal Muscle Mass,Quantitative,A measurement of the mass of all skeletal muscle in the body.,1,Mass Measurement (C112025); Skeletal Muscle Mass Measurement (C178017),6
Skene's Gland Abnormality Indicator,C154879,Skene's Gland Abnormality Indicator (C154879),C93491,Reproductive Findings;Clinical Findings Indicator;Indicator,SKGLAIND,Nominal,An indication as to whether the Skene's gland is abnormal.,1,Abnormal Indicator (C93491); Skene's Gland Abnormality Indicator (C154879),2
Skin Classification Scheme,C74562,Skin Classification Scheme (C74562),,Integumentary System Findings,,,A data system used to specify attributes of the skin.,0,Skin Classification Scheme (C74562),0
Skinfold Thickness Analysis,C77537,Skinfold Thickness Analysis (C77537),,Vital Signs;Body Measurements,Skinfold Test,,Techniques for estimating body fat whereby a pinch of skin is precisely measured by calipers at several standardized points on the body to determine the subcutaneous fat layer thickness. These measurements are converted to an estimated body fat percentage by an equation.,0,Skinfold Thickness Analysis (C77537),0
Slow Vital Capacity,C111315,Slow Vital Capacity (C111315),C38081,Respiratory System Findings;Pulmonary Function Test,SVC,Quantitative,The maximum volume of air that can be exhaled after slow maximum inhalation.,1,Pulmonary Function Test (C38081); Slow Vital Capacity (C111315),3
Small for Gestational Age Indicator,C156662,Small for Gestational Age Indicator (C156662),C25180,Subject Characteristics,SMGAIND;Small for Gestational Age Indicator,Nominal,An indication as to whether the fetus or infant is small for the gestational age.,1,Indicator (C25180); Small for Gestational Age Indicator (C156662),3
Social Risk Factor,C102711,Social Risk Factor (C102711),C17103,Subject Characteristics,RISKSOC;Social Risk Factor,Nominal;Narrative,"Social factors such as personal behavior, lifestyle, or environment belonging to the subject which are known to increase the likelihood of infection and disease.",1,Risk Factor (C17103); Social Risk Factor (C102711),3
Socioeconomic Class,C198364,Socioeconomic Class (C198364),,Subject Characteristics,SOCECCLS;Socioeconomic Class;Socioeconomic Classification,Ordinal,"A characterization or classification of an individual that takes into account economics, demographics, and social interactions, used to stratify individual behaviors within a society or culture.",0,Socioeconomic Class (C198364),3
Socioeconomic Factors,C17468,Socioeconomic Factors (C17468),,Subject Characteristics;Social Circumstances,Socioeconomic Status,,"Characteristics of a person such as education and occupation, used to describe the person's position in stratification systems, access to services, etc.",0,Socioeconomic Factors (C17468),0
Sodium Clearance Measurement,C106568,Sodium Clearance Measurement (C106568),C49237,Laboratory Tests;Chemistry Tests;Clearance Rates,NACLR;Sodium Clearance,Quantitative,The determination of the amount of the sodium clearance in a sample.,1,Chemistry Test (C49237); Sodium Clearance Measurement (C106568),6
Sodium Excretion Rate,C150823,Sodium Excretion Rate (C150823),C85534,Laboratory Tests;Biological Clearance Rates;Clearance Rates;Excreation Rates,SODMEXR,Quantitative,A determination of the amount of sodium being excreted in a biological specimen over a defined period of time.,1,Excretion Rate (C85534); Sodium Excretion Rate (C150823),6
Sodium Measurement,C64809,Sodium Measurement (C64809),C74946,Laboratory Tests;Chemistry Tests;Electrolyte Measurements,Sodium;NA,Quantitative,A quantitative measurement of the amount of sodium present in a sample.,2,Chemistry Test (C49237); Electrolyte Measurement (C74946); Sodium Measurement (C64809),5
Solicited Adverse Event,C179175,Solicited Adverse Event (C179175),C41331,Events;Reported Events;Adverse Events,Adverse Event,Nominal,"An adverse event that is reported by a healthcare professional, consumer, or patient through an organized data collection system.",1,Adverse Event [RETIRED] (C41331); Solicited Adverse Event (C179175),30
Solicited Medical History,C200145,Solicited Medical History (C200145),,Reported Events;Medical History Events;Medical Conditions;Presenting Conditions,Medical History;Medical History Collection,Nominal,"Information about an individual's personal medical history that is reported by a healthcare professional, consumer, or patient through an organized data collection system.",0,Solicited Medical History (C200145),14
Soluble Interleukin-6 Receptor Subunit Alpha Measurement,C200249,Soluble Interleukin-6 Receptor Subunit Alpha Measurement (C200249),C64430,Laboratory Tests;Protein or Enzyme Measurements;Chemistry Tests,sIL-6RA Measurement;sIL6RA Measurement;Soluble IL-6RA Measurement;Soluble IL6RA Measurement,Quantitative;Ordinal,The determination of the amount of soluble interleukin 6 receptor subunit alpha present in a sample.,1,Protein or Enzyme Type Measurement (C64430); Soluble Interleukin-6 Receptor Subunit Alpha Measurement (C200249),4
Source,C25683,Source (C25683),,Source,,,Where something is available or from where it originates.,0,Source (C25683),0
Specific Airway Conductance,C122186,Specific Airway Conductance (C122186),C38081,Respiratory System Findings;Pulmonary Function Test,SGAW;sGaw,Quantitative,A measurement of the airway conductance relative to lung volume.,1,Pulmonary Function Test (C38081); Specific Airway Conductance (C122186),2
Specific Airway Resistance,C123569,Specific Airway Resistance (C123569),C38081,Respiratory System Findings;Pulmonary Function Test,SRAW;sRAW,Quantitative,A measurement used to describe airway behavior irrespective of lung volume; it is calculated as airway resistance (Raw) multiplied by functional residual capacity (FRC).,1,Pulmonary Function Test (C38081); Specific Airway Resistance (C123569),3
Specific Airway Volume,C170618,Specific Airway Volume (C170618),C170457,Respiratory System Findings,SAWVOL,Quantitative,"A parameter used in functional respiratory imaging, derived by dividing the airway volume of a specified intrapulmonary region by the total volume of the same specified intrapulmonary region.",2,Volume (C25335); Airway Volume (C170457); Specific Airway Volume (C170618),3
Specific Gravity,C64832,Specific Gravity (C64832),C60819,Laboratory Tests;Urinalysis;Assay,SPGRAV,Quantitative,The density (mass per unit volume) of any material divided by that of water at a standard temperature.,1,Assay (C60819); Specific Gravity (C64832),4
Specimen Isolation,C128947,Specimen Isolation (C128947),,Biospecimen Events,Isolating;Isolated,Nominal,The act of separating a sub-component from the original collected specimen.,0,Specimen Isolation (C128947),6
Sponsor,C48355,Sponsor (C48355),,Clinical Trial Attribute;Trial Summary,Applicant,,A person or organization that supports or champions something.,0,Sponsor (C48355),0
Sponsor Commercial Status,C127789,Sponsor Commercial Status (C127789),C25688,Trial Summary,CMSPSTAT;Commercial Sponsor Status,Nominal,The state or condition of the sponsor as it pertains to whether the sponsor is considered a commercial entity.,1,Status (C25688); Sponsor Commercial Status (C127789),6
Sponsor Study Reference Identifier,C135009,Sponsor Study Reference Identifier (C135009),C25364,Trial Summary,Sponsor's Study Reference ID;SPREFID,Nominal,The reference identifier that is assigned by the sponsor and by which the study is known to the sponsor.,1,Identifier (C25364); Sponsor Study Reference Identifier (C135009),3
Stable Disease Minimum Duration,C98783,Stable Disease Minimum Duration (C98783),C25330,Trial Summary,SDMDUR,Temporal,The minimum amount of time required to meet the definition of stable disease.,1,Duration (C25330); Stable Disease Minimum Duration (C98783),4
Start Date,C68616,Start Date (C68616),,Clinical Trial Attribute;Trial Summary;Date,STDAT;Start;Starting Date,,The calendar date on which something is to start or did start.,0,Start Date (C68616),0
State-Specific Health Insurance Program Name,C209447,State-Specific Health Insurance Program Name (C209447),C42614,Subject Characteristics,SSHIPNAM;State-Specific Health Ins Program Name;State-Specific Health Insurance Program Name,Nominal,The name of the U.S. state-specific health insurance program.,1,Name (C42614); State-Specific Health Insurance Program Name (C209447),3
State-Specific Medicaid Program Name,C209691,State-Specific Medicaid Program Name (C209691),C209447,Subject Characteristics,SSMCDNAM;State-Specific Medicaid Program Name,Nominal,The name of the U.S. state-specific Medicaid program.,2,Name (C42614); State-Specific Health Insurance Program Name (C209447); State-Specific Medicaid Program Name (C209691),3
State-Specific Medicare Program Name,C209692,State-Specific Medicare Program Name (C209692),C209447,Subject Characteristics,SSMCRNAM;State-Specific Medicare Program Name,Nominal,The name of the U.S. state-specific Medicare program.,2,Name (C42614); State-Specific Health Insurance Program Name (C209447); State-Specific Medicare Program Name (C209692),3
Status,C25688,Status (C25688),,Clinical Trial Attribute;Trial Summary,,,A condition or state at a particular time.,0,Status (C25688),0
Steroid Use Status,C135483,Steroid Use Status (C135483),C83430,Oncology Standards;Disease Response;Disease Response Criteria;Disease Response and Clinical Classification;RS;RANO;iRANO,STRUSTAT,Ordinal,An assessment of steroid usage as a condition of disease response to therapy.,1,Substance Use Status (C83430); Steroid Use Status (C135483),5
Stillbirth Indicator,C122194,Stillbirth Indicator (C122194),C25180,Reproductive Findings;Clinical Findings Indicator;Indicator,STILBIND,Nominal,Specifies whether any pregnancies resulted in stillbirths.,1,Indicator (C25180); Stillbirth Indicator (C122194),2
Stratification Factors,C16153,Stratification Factors (C16153),C15787,Trial Summary,STRATFCT;Stratification Factor,Nominal,Selected pre-treatment factors by which patients are segregated to assure equal balance of these factors before randomization to the intervention arms of a clinical protocol.,1,Clinical Trials Design (C15787); Stratification Factors (C16153),3
Stroke Type,C119579,Stroke Type (C119579),C35552,Findings About Cardiovascular Events;Cardiovascular System Finding,STROKTYP,Nominal,A classification or description of a stroke.,1,Cardiovascular System Finding (C35552); Stroke Type (C119579),6
Student Indicator,C147485,Student Indicator (C147485),C25180,Subject Characteristics,STDNTIND;Student Indicator,Nominal,An indication as to whether the subject or associated person is enrolled in school.,1,Indicator (C25180); Student Indicator (C147485),3
Study Contact E-mail Address,C176375,Study Contact E-mail Address (C176375),C42775,Trial Summary,CONEMAIL;Contact E-Mail Address,Nominal,A text string identifier for a location to which e-mail for the study contact can be delivered.,1,E-mail Address (C42775); Study Contact E-mail Address (C176375),3
Study Contact Name,C176373,Study Contact Name (C176373),C176230,Trial Summary,CONNAME;Contact Name,Nominal,A non-unique textual identifier for the study contact.,1,Contact Name (C176230); Study Contact Name (C176373),3
Study Contact Postal Address,C176376,Study Contact Postal Address (C176376),C70946,Trial Summary,CONMAIL;Contact Mailing Address;Study Contact Mailing Address,Nominal,A physical location used by a study contact for the purpose of receiving postal mail deliveries.,1,Postal Address (C70946); Study Contact Postal Address (C176376),3
Study Contact Role,C176372,Study Contact Role (C176372),C142438,Trial Summary,CONROLE;Contact Role,Nominal,A title that describes the function of a study contact within their organization.,1,Clinical Study Functional Role (C142438); Study Contact Role (C176372),6
Study Contact Telephone Number,C176374,Study Contact Telephone Number (C176374),C40978,Trial Summary,CONPHONE;Contact Phone Number,Nominal,A sequence of decimal digits (0-9) that is used for identifying a destination telephone line or other device in a telephone network that is used by the study contact.,1,Telephone Number (C40978); Study Contact Telephone Number (C176374),3
Study Data Tabulation Model Implementation Guide Version,C156604,Study Data Tabulation Model Implementation Guide Version (C156604),C25714,Clinical Trial Attribute;Trial Summary,SDTIGVER;SDTM IG Version;SDTM Implementation Guide Version;SDTMIG Version,Nominal,The version of the CDISC Study Data Tabulation Model implementation guide that is being used in the study submission.,1,Version (C25714); Study Data Tabulation Model Implementation Guide Version (C156604),6
Study Data Tabulation Model Version,C156605,Study Data Tabulation Model Version (C156605),C25714,Trial Summary,SDTM Version;SDTMVER,Nominal,The version of the CDISC Study Data Tabulation Model that is being used in the study submission.,1,Version (C25714); Study Data Tabulation Model Version (C156605),6
Study Design,C15320,Study Design (C15320),,Clinical Trial Attribute;Trial Summary,Experiment Design;Experimental Design;Research Design,,"A plan detailing how a study will be performed in order to represent the phenomenon under examination, to answer the research questions that have been asked, and defining the methods of data analysis. Study design is driven by research hypothesis being posed, study subject/population/sample available, logistics/resources: technology, support, networking, collaborative support, etc.",0,Study Design (C15320),0
Study Participation Disposition,C224898,Study Participation Disposition (C224898),C74590,Protocol Events;Protocol Disposition Events,,Nominal,The way in which study participation is ended based on the reason for ending study participation.,1,Protocol Disposition Event (C74590); Study Participation Disposition (C224898),4
Study Population Description,C70834,Study Population Description (C70834),,Clinical Trial Attribute;Trial Summary,Study Design Population Description;Description of Study Population,,"A textual description of the target study population which contains precisely defined characteristics of potential participants. This includes inclusion and exclusion criteria, the number of potential participants, conditions of recruitment and sample structure, information on vulnerable population(s) involvement in the study (if applicable).  Other available appropriate characteristics of the population from which study subjects will be recruited and to which the study results could be reasonably generalized is considered noteworthy.",0,Study Population Description (C70834),0
Study Product Administration,C177924,Study Product Administration (C177924),,Exposure Reported Name of Treatment,Exposure;Study Treatment Administration,Nominal,"The act of the dispensing, applying, or tendering a study product to the participant.",0,Study Product Administration (C177924),15
Study Protocol Uniform Resource Locator,C127801,Study Protocol Uniform Resource Locator (C127801),C42743,Trial Summary,URL Related to Study;URLSTDY,Nominal,The uniform resource locator for a clinical study protocol.,1,Uniform Resource Locator (C42743); Study Protocol Uniform Resource Locator (C127801),3
Study Protocol Uniform Resource Locator Description,C127802,Study Protocol Uniform Resource Locator Description (C127802),C25365,Trial Summary,URL Related to Study Description;URLSTDYD,Nominal,A textual description for the uniform resource locator of a clinical study protocol.,1,Description (C25365); Study Protocol Uniform Resource Locator Description (C127802),3
Study Saved as XML Indicator,C127798,Study Saved as XML Indicator (C127798),C25180,Trial Summary,Request for XML Copy of Study Indicator;RXMLCIND,Nominal,An indication as to whether the data submitted to EudraCT should be saved to EudraCT as an XML file.,1,Indicator (C25180); Study Saved as XML Indicator (C127798),6
Study Site Transfer,C186208,Study Site Transfer (C186208),C150824,Subject Disposition;Disposition Events;Non-Protocol Disposition Events;Other Events,Site Transfer;Study Subject Site Transfer,Nominal,The study subject has been assigned to a different study site.,1,Non-Protocol Disposition Event (C150824); Study Site Transfer (C186208),5
Study Start Date,C69208,Study Start Date (C69208),C68616,Trial Summary,study start date;SSTDTC;Study Date,Temporal,The date on which a study began.,1,Start Date (C68616); Study Start Date (C69208),4
Study Status,C171103,Study Status (C171103),,Clinical Trial Attribute;Trial Summary,,,The status of a study or trial.,0,Study Status (C171103),0
Study Stop Rule,C49698,Study Stop Rule (C49698),C70705,Trial Summary,STOPRULE;Study Stop Rules,Nominal,"The rule, regulation and/or condition that determines the point in time when a clinical trial will be terminated.",1,Component of Study Protocol (C70705); Study Stop Rule (C49698),3
Study Subject Group Characteristics,C49695,Study Subject Group Characteristics (C49695),,Clinical Trial Attribute;Trial Summary,,,Study Subject Group Characteristics,0,Study Subject Group Characteristics (C49695),0
Study Terminated By Sponsor [RETIRED],C49632,Study Terminated By Sponsor [RETIRED] (C49632),,Subject Disposition,,,An indication that a clinical study was stopped by its sponsor. [RETIRED],0,Study Terminated By Sponsor [RETIRED] (C49632),0
Study Treatment Disposition,C224899,Study Treatment Disposition (C224899),C74590,Protocol Events;Protocol Disposition Events,,Nominal,The way in which study treatment is ended based on the reason for ending study treatment.,1,Protocol Disposition Event (C74590); Study Treatment Disposition (C224899),4
Study Type,C142175,Study Type (C142175),C25284,Trial Summary,Study Type Classification;STYPE,Nominal,The nature of the investigation or the investigational use for which the study is being done.,1,Type (C25284); Study Type (C142175),6
Subject Age,C69260,Subject Age (C69260),C25150,Demographic Data;Demographics;Personal Attribute;Age,Age,Quantitative,The age of a person who is the subject in a study.,1,Age (C25150); Subject Age (C69260),3
Subject Currently Breastfeeding a Child Indicator,C189360,Subject Currently Breastfeeding a Child Indicator (C189360),C25180,Reproductive Findings;Clinical Findings Indicator;Indicator,SCBFCIND;Subj Currently Breastfeeding a Child Ind,Nominal,An indication as to whether the individual is currently breastfeeding a child.,1,Indicator (C25180); Subject Currently Breastfeeding a Child Indicator (C189360),2
Subject Removed at Sponsor Request [RETIRED],C161410,Subject Removed at Sponsor Request [RETIRED] (C161410),,Subject Disposition,,,An indication that the study subject was removed from the study at the sponsor's request. [RETIRED],0,Subject Removed at Sponsor Request [RETIRED] (C161410),0
Subject is Randomized,C114209,Subject is Randomized (C114209),,Subject Disposition;Protocol Milestones,Randomized,Nominal,A status indication that a subject is already assigned to an arm of a clinical trial by chance.,0,Subject is Randomized (C114209),5
Subscapular Skinfold Thickness,C98785,Subscapular Skinfold Thickness (C98785),C77537,Vital Signs;Body Measurements,SSSKNF,Quantitative,A measurement of the thickness of a pinch of skin situated below or on the underside of the scapula.,1,Skinfold Thickness Analysis (C77537); Subscapular Skinfold Thickness (C98785),3
Substance Use Status,C83430,Substance Use Status (C83430),,Oncology Standards;Disease Response;Disease Response Criteria;Disease Response and Clinical Classification;RS,,,A term used to describe the state or condition of substance use data.,0,Substance Use Status (C83430),0
Substance Use Yes No Indicator,C219639,Substance Use Yes No Indicator (C219639),C82438,Event Occurrence Indicators;Substance Use,SUYN,Nominal,An indication of whether substance use has taken place.,1,Event Occurrence Indicator (C82438); Substance Use Yes No Indicator (C219639),2
Substudy Details,C126075,Substudy Details (C126075),C25365,Trial Summary,SSTDYDTL,Nominal,A textual description of the substudy.,1,Description (C25365); Substudy Details (C126075),3
Substudy Planned Indicator,C126076,Substudy Planned Indicator (C126076),C25180,Trial Summary,SSTDYIND,Nominal,An indication as to whether a study performed on a subgroup of subjects included in the original trial is planned to be included as part of the current study.,1,Indicator (C25180); Substudy Planned Indicator (C126076),6
Sudden Death Indicator,C174284,Sudden Death Indicator (C174284),C93546,Death Diagnosis and Details;Death Indicator,SDTHIND,Nominal,An indication as to whether death was unexpected or occurred without warning.,1,Death Indicator (C93546); Sudden Death Indicator (C174284),2
Supraventricular Arrhythmia ECG Assessment,C111320,Supraventricular Arrhythmia ECG Assessment (C111320),C83146,Electrocardiogram Findings;Electrocardiogram Abnormalities;ECG Findings;ECG Abnormalities,SPRARRY;Supraventricular Arrhythmias,Nominal,"An electrocardiographic assessment of the atypical cardiac rhythms originating in the atrium, AV node or AV junction.",1,Electrocardiogram Test (C83146); Supraventricular Arrhythmia ECG Assessment (C111320),7
Supraventricular Tachyarrhythmia ECG Assessment,C111321,Supraventricular Tachyarrhythmia ECG Assessment (C111321),C83146,Electrocardiogram Findings;Electrocardiogram Abnormalities;ECG Findings;ECG Abnormalities,SPRTARRY;Supraventricular Tachyarrhythmias,Nominal,An electrocardiographic assessment of the abnormally fast cardiac rhythms originating above the ventricles.,1,Electrocardiogram Test (C83146); Supraventricular Tachyarrhythmia ECG Assessment (C111321),7
Surgical Damage Indicator,C179824,Surgical Damage Indicator (C179824),C25180,Clinical Findings Indicator;Indicator;Urinary System Findings,SGDMGIND;Surgical Damage Indicator,Nominal,An indication as to whether damage occurred related to a surgical procedure.,1,Indicator (C25180); Surgical Damage Indicator (C179824),6
Surgical Margins Status,C123560,Surgical Margins Status (C123560),C125581,Pathology;Microscopic Findings,Margin Status;SGMGSTAT,Ordinal,The determination of the presence of actual or potential neoplastic tissue which has been left outside the boundary of a resected specimen within the patient.,1,Pathology Result (C125581); Surgical Margins Status (C123560),11
Surgical Procedure,C15329,Surgical Procedure (C15329),C25218,Clinical Interventions;Procedures;Operations,Operation;Surgery;Procedure,Nominal,"A diagnostic or treatment procedure performed by manual and/or instrumental means, often involving an incision and the removal or replacement of a diseased organ or tissue; of or relating to or involving or used in surgery or requiring or amenable to treatment by surgery.",1,Clinical Intervention or Procedure (C25218); Surgical Procedure (C15329),12
Swollen Indicator,C127774,Swollen Indicator (C127774),C119241,Musculoskeletal Finding;Symptom Indicator,SWLLIND,Nominal,An indicator as to whether the subject has symptoms of swelling.,1,Symptom Indicator (C119241); Swollen Indicator (C127774),5
Symptom,C4876,Symptom (C4876),,Subject Characteristics,Symptom,Nominal;Narrative,Subjective evidence of disease perceived by the patient.,0,Symptom (C4876),3
Symptom Indicator,C119241,Symptom Indicator (C119241),,Musculoskeletal Finding;Symptom Indicator;Reproductive Findings;Clinical Findings Indicator;Symptom Indicator;Skin Response;Reproductive Findings;Respiratory System Findings,SYMPINDC,,An indication as to whether the subject had symptoms related to the clinical event of interest.,0,Symptom Indicator (C119241),0
Systolic Blood Pressure,C25298,Systolic Blood Pressure (C25298),C54706,Vital Signs;Blood Pressure,SYSBP,Quantitative,The maximum pressure exerted into the systemic arterial circulation during the contraction of the left ventricle of the heart.,2,Vital Signs Measurement (C49672); Blood Pressure (C54706); Systolic Blood Pressure (C25298),7
Systolic Blood Pressure-for-Age Percentile,C172608,Systolic Blood Pressure-for-Age Percentile (C172608),,Vital Signs;Blood Pressure,SBPAPCTL;Systolic BP-for-Age Percentile,Quantitative,"A measurement of an individual's systolic blood pressure in relationship to age, in comparison to a reference percentile curve.",0,Systolic Blood Pressure-for-Age Percentile (C172608),2
Systolic Blood Pressure-for-Height Percentile,C172607,Systolic Blood Pressure-for-Height Percentile (C172607),,Vital Signs;Blood Pressure,SBPHPCTL;Systolic BP-for-Height Percentile,Quantitative,"A measurement of an individual's systolic blood pressure in relationship to height, in comparison to a reference percentile curve.",0,Systolic Blood Pressure-for-Height Percentile (C172607),2
T-Lymphocyte Count,C122157,T-Lymphocyte Count (C122157),C51949,Laboratory Tests;Hematology Tests;Blood Cell Counts;White Blood Cell Counts,T-Cell Lymphocytes;T-Cells;T-Lymphocytes,Quantitative,The determination of the amount of T-lymphocytes in a biological specimen.,4,Hematology Test (C49286); Blood Cell Count (C28133); Leukocyte Count (C51948); Lymphocyte Count (C51949); T-Lymphocyte Count (C122157),5
T-Score,C120401,T-Score (C120401),,Musculoskeletal Finding;T-Score,,,"A method for converting an individual score into a standard form. While similar to a z-score, t-score is used when the conversion is made without knowledge of the population standard deviation and mean.",0,T-Score (C120401),0
TTS Acceptability Survey,NEW_LZZT,TTS Acceptability Survey (NEW_LZZT),C91105,Questionnaires;Surveys;Acceptability Surveys,,,A survey question to assess acceptability of the transdermal patch,1,Clinical or Research Assessment Questionnaire (C91105); TTS Acceptability Survey (NEW_LZZT),3
TTS Acceptability Survey -  Patch Acceptability,NEW_LZZT4,TTS Acceptability Survey -  Patch Acceptability (NEW_LZZT4),NEW_LZZT,Questionnaires;Surveys;Acceptability Surveys,,Ordinal,A survey question to assess acceptability of using a transdermal patch compared to oral medication,2,Clinical or Research Assessment Questionnaire (C91105); TTS Acceptability Survey (NEW_LZZT); TTS Acceptability Survey -  Patch Acceptability (NEW_LZZT4),4
TTS Acceptability Survey -  Patch Appearance,NEW_LZZT1,TTS Acceptability Survey -  Patch Appearance (NEW_LZZT1),NEW_LZZT,Questionnaires;Surveys;Acceptability Surveys,,Ordinal,A survey question to assess acceptability of the appearance of a transdermal patch,2,Clinical or Research Assessment Questionnaire (C91105); TTS Acceptability Survey (NEW_LZZT); TTS Acceptability Survey -  Patch Appearance (NEW_LZZT1),4
TTS Acceptability Survey -  Patch Durability,NEW_LZZT3,TTS Acceptability Survey -  Patch Durability (NEW_LZZT3),NEW_LZZT,Questionnaires;Surveys;Acceptability Surveys,,Ordinal,A survey question to assess acceptability of the durability of a transdermal patch,2,Clinical or Research Assessment Questionnaire (C91105); TTS Acceptability Survey (NEW_LZZT); TTS Acceptability Survey -  Patch Durability (NEW_LZZT3),4
TTS Acceptability Survey -  Patch Size,NEW_LZZT2,TTS Acceptability Survey -  Patch Size (NEW_LZZT2),NEW_LZZT,Questionnaires;Surveys;Acceptability Surveys,,Ordinal,A survey question to assess acceptability of the size of a transdermal patch,2,Clinical or Research Assessment Questionnaire (C91105); TTS Acceptability Survey (NEW_LZZT); TTS Acceptability Survey -  Patch Size (NEW_LZZT2),4
Tanner Scale,C82394,Tanner Scale (C82394),,QRS;Clinical or Research Assessment Classification;Tanner Scale-Boy Clinical Classification Question;Tanner Scale Boy Version;TANN02;TANNER SCALE BOY;Tanner Scale-Boy;Tanner Scale-Girl Clinical Classification Question;Tanner Scale Girl Version;TANN01;TANNER SCALE GIRL;Tanner Scale Girl Version;Tanner Scale-Girl,,,"A scale of physical development in children, adolescents and adults based on external primary and secondary sex characteristics, such as the size of the breasts, genitalia, and development of pubic hair.",0,Tanner Scale (C82394),0
Tanner Scale Boy Version,C124703,Tanner Scale Boy Version (C124703),C82394,QRS;Clinical or Research Assessment Classification;Tanner Scale-Boy Clinical Classification Question;Tanner Scale Boy Version;TANN02;TANNER SCALE BOY;Tanner Scale-Boy,TANN02;TANNER SCALE BOY;Tanner Scale Boy Version;Tanner Scale-Boy,,"A standardized rating scale developed by Marshal and Tanner in 1970, which is a classification system used to measure physical development in children, adolescents and adults. The boy version of the tanner scale assesses the different stages of physical maturity based on testicular volume, genitalia growth and the development of pubic hair. This instrument has 5 stages.",1,Tanner Scale (C82394); Tanner Scale Boy Version (C124703),4
Tanner Scale Girl Version,C124704,Tanner Scale Girl Version (C124704),C82394,QRS;Clinical or Research Assessment Classification;Tanner Scale-Girl Clinical Classification Question;Tanner Scale Girl Version;TANN01;TANNER SCALE GIRL;Tanner Scale Girl Version;Tanner Scale-Girl,TANN01;TANNER SCALE GIRL;Tanner Scale-Girl,,"A standardized rating scale developed by Marshal and Tanner in 1969, which is a classification system used to measure physical development in children, adolescents and adults. The girl version of the tanner scale assesses the different stages of physical maturity based on breast development and the growth of pubic hair. This instrument has 5 stages.",1,Tanner Scale (C82394); Tanner Scale Girl Version (C124704),4
Tanner Scale-Boy - Genitalia Stages,C124716,Tanner Scale-Boy - Genitalia Stages (C124716),C124689,QRS;Clinical or Research Assessment Classification;Tanner Scale-Boy Clinical Classification Question;Tanner Scale Boy Version;TANN02;TANNER SCALE BOY;Tanner Scale-Boy,TANN02-Genitalia Stages;TANN0201;Tanner Scale-Boy - Genitalia Stages,Ordinal,Tanner Scale Boy Version (Tanner Scale-Boy) Genitalia stages.,3,Clinical or Research Assessment Question (C91102); CDISC QRS Instruments Questions (C211913); Tanner Scale-Boy Clinical Classification Question (C124689); Tanner Scale-Boy - Genitalia Stages (C124716),3
Tanner Scale-Boy - Pubic Hair Stages,C124717,Tanner Scale-Boy - Pubic Hair Stages (C124717),C124689,QRS;Clinical or Research Assessment Classification;Tanner Scale-Boy Clinical Classification Question;Tanner Scale Boy Version;TANN02;TANNER SCALE BOY;Tanner Scale-Boy,TANN02-Pubic Hair Stages;TANN0202;Tanner Scale-Boy - Pubic Hair Stages,Ordinal,Tanner Scale Boy Version (Tanner Scale-Boy) Pubic hair stages.,3,Clinical or Research Assessment Question (C91102); CDISC QRS Instruments Questions (C211913); Tanner Scale-Boy Clinical Classification Question (C124689); Tanner Scale-Boy - Pubic Hair Stages (C124717),3
Tanner Scale-Boy Clinical Classification Question,C124689,Tanner Scale-Boy Clinical Classification Question (C124689),C211913,QRS Instrument Questions,,,A question associated with the Tanner Scale-Boy clinical classification.,2,Clinical or Research Assessment Question (C91102); CDISC QRS Instruments Questions (C211913); Tanner Scale-Boy Clinical Classification Question (C124689),0
Tanner Scale-Girl - Breast Stages,C124718,Tanner Scale-Girl - Breast Stages (C124718),C124690,QRS;Clinical or Research Assessment Classification;Tanner Scale-Girl Clinical Classification Question;Tanner Scale Girl Version;TANN01;TANNER SCALE GIRL;Tanner Scale Girl Version;Tanner Scale-Girl,TANN01-Breast Stages;TANN0101;Tanner Scale-Girl - Breast Stages,Ordinal,Tanner Scale Girl Version (Tanner Scale-Girl) Breast stages.,3,Clinical or Research Assessment Question (C91102); CDISC QRS Instruments Questions (C211913); Tanner Scale-Girl Clinical Classification Question (C124690); Tanner Scale-Girl - Breast Stages (C124718),3
Tanner Scale-Girl - Pubic Hair Stages,C124719,Tanner Scale-Girl - Pubic Hair Stages (C124719),C124690,QRS;Clinical or Research Assessment Classification;Tanner Scale-Girl Clinical Classification Question;Tanner Scale Girl Version;TANN01;TANNER SCALE GIRL;Tanner Scale Girl Version;Tanner Scale-Girl,TANN01-Pubic Hair Stages;TANN0102;Tanner Scale-Girl - Pubic Hair Stages,Ordinal,Tanner Scale Girl Version (Tanner Scale-Girl) Pubic hair stages.,3,Clinical or Research Assessment Question (C91102); CDISC QRS Instruments Questions (C211913); Tanner Scale-Girl Clinical Classification Question (C124690); Tanner Scale-Girl - Pubic Hair Stages (C124719),3
Tanner Scale-Girl Clinical Classification Question,C124690,Tanner Scale-Girl Clinical Classification Question (C124690),C211913,QRS Instrument Questions,,,A question associated with the Tanner Scale-Girl clinical classification.,2,Clinical or Research Assessment Question (C91102); CDISC QRS Instruments Questions (C211913); Tanner Scale-Girl Clinical Classification Question (C124690),0
Target Indicator,C178053,Target Indicator (C178053),C25180,Oncology Standards;Tumor/Lesion Identification;TU;RECIST 1.1,TIND,Nominal,"An indication as to whether a target tumor, lesion, or site of disease is present.",1,Indicator (C25180); Target Indicator (C178053),4
Telephone Number,C40978,Telephone Number (C40978),,Clinical Trial Attribute;Trial Summary,Phone Number;Phone;Telephone,,A sequence of decimal digits (0-9) that is used for identifying a destination telephone line or other device in a telephone network.,0,Telephone Number (C40978),0
Temporal Qualifier,C21514,Temporal Qualifier (C21514),,Clinical Trial Attribute;Trial Summary,,,Terms used to indicate units of time or other terms associated with time.,0,Temporal Qualifier (C21514),0
Tenderness Indicator,C127775,Tenderness Indicator (C127775),C119241,Reproductive Findings;Clinical Findings Indicator;Indicator,TNDRIND,Nominal,An indicator as to whether the subject has symptoms of tenderness.,1,Symptom Indicator (C119241); Tenderness Indicator (C127775),4
Term Pregnancy Category,C176361,Term Pregnancy Category (C176361),C92720,Reproductive Findings,TRMPGCAT,Nominal,A classification of the gestation duration of the pregnancy at the time of infant birth.,1,Pregnancy Finding (C92720); Term Pregnancy Category (C176361),2
Test Occurrence,C82525,Test Occurrence (C82525),C82438,Test Occurrence;Test Performed,PERF;Test Occurrence,Nominal,An indication or description that a test has occurred.,1,Event Occurrence Indicator (C82438); Test Occurrence (C82525),2
Test Product Added to Existing Treatment,C49703,Test Product Added to Existing Treatment (C49703),C54346,Trial Summary,Added on to Existing Treatments;ADDON,Nominal,An indication that an investigational drug or substance has been added to the existing treatment regimen.,1,Dose Modification (C54346); Test Product Added to Existing Treatment (C49703),6
Thawed Specimen,C158280,Thawed Specimen (C158280),,Biospecimen Events,Thawing;Thawed,Nominal,A specimen that has changed from a frozen to a liquid or semi-liquid state.,0,Thawed Specimen (C158280),6
Thelarche Age,C189361,Thelarche Age (C189361),C69217,Reproductive Findings;Age,THLARAGE,Quantitative,The age at onset of breast development.,1,Age Started (C69217); Thelarche Age (C189361),3
Therapeutic Area,C101302,Therapeutic Area (C101302),C70772,Trial Summary,therapeutic area;Therapeutic Areas;THERAREA,Nominal,"A knowledge field that focuses on research and development of treatments for diseases and pathologic findings, as well as prevention of conditions that negatively impact the health of an individual.",1,Knowledge Field (C70772); Therapeutic Area (C101302),3
Therapeutic Procedure,C49236,Therapeutic Procedure (C49236),,Clinical Trial Attribute;Trial Summary;Oncology Standards;Therapeutic Procedure;Radiation Therapy,Treatment;therapy;treatment;treatment or therapy;treatment_or_therapy;TREAT;any therapy;any_therapy;Therapeutic Interventions;Therapeutic Method;Therapeutic Technique;Therapy;TX;Therapeutic,,"Medical care intended to treat or cure a condition or lessen its symptoms. This includes the administration of drugs, surgical procedures, physical or psychotherapy, or the use of therapeutic devices.",0,Therapeutic Procedure (C49236),0
Thickness,C41145,Thickness (C41145),,Reproductive Findings;Nervous System Findings;Biospecimen Findings;Microscopic Findings;Ophthalmic Findings,THICK,Quantitative,"The dimension between two surfaces of an object, usually the smallest dimension as opposed to the width or the length: also, viscous consistency.",0,Thickness (C41145),3
Thoracic Gas Volume,C124426,Thoracic Gas Volume (C124426),C38081,Respiratory System Findings;Pulmonary Function Test,TGV,Quantitative,The absolute volume of gas contained in the thoracic cavity at any given point in time and at any level of alveolar pressure.,1,Pulmonary Function Test (C38081); Thoracic Gas Volume (C124426),3
Thyrotropin Measurement,C64813,Thyrotropin Measurement (C64813),C75385,Laboratory Tests;Protein or Riboprotein Complexes,TSH;Thyrotropin,Quantitative;Ordinal,A quantitative measurement of the amount of thyrotropin present in a sample.,2,Hormone Measurement (C74742); Peptide Hormone Measurement (C75385); Thyrotropin Measurement (C64813),5
Tibial Length,C191365,Tibial Length (C191365),C25334,Vital Signs;Body Measurements,TIBIAL,Quantitative,A measurement of the length of the tibia.,1,Length (C25334); Tibial Length (C191365),3
Tidal Volume,C111324,Tidal Volume (C111324),C38081,Respiratory System Findings;Pulmonary Function Test,TIDALVOL;TV,Quantitative,The volume of air moved into and out of the lungs during breathing at rest.,1,Pulmonary Function Test (C38081); Tidal Volume (C111324),3
Tissue Culture,C17201,Tissue Culture (C17201),,Biospecimen Events,Culturing;Cultured,Nominal,"Originally the maintenance and growth of pieces of explanted tissue (plant or animal) in culture away from the source organism. Now usually refers to the (much more frequently used) technique of cell culture, using cells dispersed from tissues or distant descendants of such cells.",0,Tissue Culture (C17201),6
Tissue Elastance,C139260,Tissue Elastance (C139260),C38081,Respiratory System Findings;Pulmonary Function Test,TSUELAS,Quantitative,A reflection of energy conservation within a given tissue.,1,Pulmonary Function Test (C38081); Tissue Elastance (C139260),3
Tissue Hysteresivity Measurement,C139261,Tissue Hysteresivity Measurement (C139261),C38081,Respiratory System Findings;Pulmonary Function Test,Tissue Hysteresivity;TSUHYS,Quantitative,"The energy dissipated relative to the elastic energy stored in the tissue in a P-V cycle. Fredberg, J.J., Stamenovic, D. (1 December 1989). On the Imperfect Elasticity of Lung Tissue. Journal of Applied Physiology, Vol. 67. Retrieved from https://owl.english.purdue.edu/owl/resource/560/10/",1,Pulmonary Function Test (C38081); Tissue Hysteresivity Measurement (C139261),2
Title,C42774,Title (C42774),,Clinical Trial Attribute;Trial Summary,Document Title,,"An official descriptive name of a document, e.g. the long name of a study protocol provided by the study sponsor.",0,Title (C42774),0
Tomography,C38093,Tomography (C38093),,Diagnostic Imaging;Medical Imaging,,,Imaging by sections or sectioning.,0,Tomography (C38093),0
Total Bilirubin Measurement,C38037,Total Bilirubin Measurement (C38037),C74954,Laboratory Tests;Chemistry Tests;Liver Function Tests;Drug-Induced Liver Injury;DILI,Bilirubin;Total Bilirubin Level,Quantitative;Ordinal,"The measurement of the total amount of bilirubin present in a particular substrate. The substrate most often tested is blood, but other fluids extracted from the body may be used periodically depending on the purpose of the test.",2,Chemistry Test (C49237); Liver Function Test (C74954); Total Bilirubin Measurement (C38037),5
Total Body Fat to Total Body Mass Ratio Measurement,C139218,Total Body Fat to Total Body Mass Ratio Measurement (C139218),C19332,Musculoskeletal Finding;Personal Attribute,BODYFATP,Quantitative,"The amount of an individual's total body mass that is fat, expressed as a percent.",1,Personal Attribute (C19332); Total Body Fat to Total Body Mass Ratio Measurement (C139218),4
Total Body Length,C81298,Total Body Length (C81298),C25334,Vital Signs;Body Measurements,BODLNGTH;Body Length,Quantitative,The total linear extent of the body.,1,Length (C25334); Total Body Length (C81298),3
Total Body Water Measurement,C104622,Total Body Water Measurement (C104622),C20989,Vital Signs;Body Water Measurement,TBW;Total Body Water,Quantitative,"A measurement of the quantity of water within the body, including both the intracellular and extracellular compartments.",1,Physical Examination (C20989); Total Body Water Measurement (C104622),3
Total Lung Capacity,C111325,Total Lung Capacity (C111325),C38081,Respiratory System Findings;Pulmonary Function Test,Lung volume test;TLC;TLUNGCAP;Total lung capacity,Quantitative,The total volume of air in the lungs after maximum inhalation.,1,Pulmonary Function Test (C38081); Total Lung Capacity (C111325),3
Total Number,C127787,Total Number (C127787),,Number,,,The determination of the amount of total number of entities.,0,Total Number (C127787),0
Total Number of Sexual Partners,C181525,Total Number of Sexual Partners (C181525),C127787,Reproductive Findings,TSXPARTN,Quantitative,The total count of all sexual partners.,1,Total Number (C127787); Total Number of Sexual Partners (C181525),2
Total Protein Measurement,C64858,Total Protein Measurement (C64858),C49237,Laboratory Tests;Chemistry Tests;Protein Measurements,Protein,Quantitative;Ordinal;Nominal,A quantitative measurement of the amount of total protein present in a sample.,1,Chemistry Test (C49237); Total Protein Measurement (C64858),5
Total Respiratory System Resistance,C122185,Total Respiratory System Resistance (C122185),C38081,Respiratory System Findings;Pulmonary Function Test,RRS,Quantitative,"A calculated value based on all factors that influence the flow of gas from the airway opening to the alveoli, including airway resistance, and tissue resistance of the lung and chest wall.",1,Pulmonary Function Test (C38081); Total Respiratory System Resistance (C122185),3
Transcription,C17208,Transcription (C17208),C28614,Genomic Findings;Gene Expression Process;Transcription Process,TRNSCPTN;RNA Expression;Genetic Transcription;Transcriptional,Quantitative;Ordinal,"A genetic process in which single-stranded RNA with base sequence complementary to a region of plus strand DNA is synthesized by DNA-dependent RNA polymerases. Following the binding of RNA polymerase on DNA promoter regions, the RNA product is synthesized in a 5' to 3' direction, elongating RNA along the DNA strand as the polymerase proceeds, accompanied by unwinding and rewinding of the DNA template.",2,Gene Expression Process (C21049); Transcription Process (C28614); Transcription (C17208),15
Transcription Process,C28614,Transcription Process (C28614),C21049,Genomic Findings;Gene Expression Process;Transcription Process,,,A Transcription Process is any cellular event or activity directly involved in the synthesis a nascent RNA transcript.,1,Gene Expression Process (C21049); Transcription Process (C28614),0
Treatment Regimen,C15697,Treatment Regimen (C15697),,Clinical Trial Attribute;Trial Summary,regimen or line of therapy;regimen_or_line_of_therapy;regimen;Regimen;Treatment Protocol;Treatment Schedule,,"A treatment plan that specifies the dosage, the schedule, and the duration of treatment.",0,Treatment Regimen (C15697),0
Treponema pallidum Antibody Measurement,C132388,Treponema pallidum Antibody Measurement (C132388),C210010,Laboratory Tests;Microbiology Tests;Immunology Tests;Antibody Measurements,TPLAB;Treponema pallidum Antibody;Syphilis Antibody,Quantitative;Ordinal,The determination of the amount of Treponema pallidum antibody in a biological sample.,1,Antibody Measurement (C210010); Treponema pallidum Antibody Measurement (C132388),5
Treponema pallidum DNA Measurement,C198341,Treponema pallidum DNA Measurement (C198341),C184647,Laboratory Tests;Microbiology Tests;Immunology Tests,TPADNA;Syphilis DNA,Ordinal,The determination of the amount of Treponema pallidum DNA present in a sample.,3,Microbiology Test (C49188); Gram Negative Bacteria Measurement (C154812); Treponema pallidum Measurement (C184647); Treponema pallidum DNA Measurement (C198341),5
Treponema pallidum Measurement,C184647,Treponema pallidum Measurement (C184647),C154812,Laboratory Tests;Microbiology Tests;Serology Tests;Gram Negative Bacteria Measurements,TPA,Ordinal,The determination of the amount of Treponema pallidum in a biological sample.,2,Microbiology Test (C49188); Gram Negative Bacteria Measurement (C154812); Treponema pallidum Measurement (C184647),5
Trial Blinding Schema,C49658,Trial Blinding Schema (C49658),C15320,Trial Summary,Study Blinding Design;Study Blinding Schema;Study Masking Design;TBLIND;Trial Blinding Design;Trial Masking Design;Blinding Schema,Nominal,"The type of experimental design used to describe the level of awareness of the study subjects and/ or study personnel as it relates to the respective intervention(s) or assessments being observed, received or administered.",1,Study Design (C15320); Trial Blinding Schema (C49658),6
Trial Expanded Access Status,C127793,Trial Expanded Access Status (C127793),C171103,Trial Summary,Expanded Access Status;EXPASTAT,Nominal,The state or condition of an experimental drug or device as it pertains to its availability for use in expanded access studies.,1,Study Status (C171103); Trial Expanded Access Status (C127793),4
Trial Exploratory Objective,C163559,Trial Exploratory Objective (C163559),C142450,Trial Summary,exploratory objective;Exploratory Objective;OBJEXP;Study Exploratory Objective,Nominal,The exploratory purpose of the trial.,1,Clinical Trial Objective (C142450); Trial Exploratory Objective (C163559),3
Trial Indication,C112038,Trial Indication (C112038),C41184,Trial Summary,Disease/Condition Indication Description;INDC;INDIC;Indication for Use;Trial Disease/Condition Indication;Trial Disease/Condition Indication Description,Nominal,The disease under study which serves as the basis for initiation of a study treatment in a clinical trial.,1,Indication (C41184); Trial Indication (C112038),6
Trial Length,C49697,Trial Length (C49697),C70705,Trial Summary,LENGTH,Temporal,The anticipated length of a clinical trial measured as a unit of time.,1,Component of Study Protocol (C70705); Trial Length (C49697),4
Trial Phase,C48281,Trial Phase (C48281),C25257,Trial Summary,phase;phase (of clinical development);TPHASE;Trial Phase Classification,Nominal,"Clinical trials are broken into three or four phases: Phase I tests a new drug or treatment for safety in a small group; Phase II expands the study to a larger group of people; Phase III expands the study to an even larger group of people to measure whether the treatment actually benefits patients, and whether its benefits exceed its risks; and Phase IV takes place after the drug or treatment has been licensed and marketed.",1,Phase (C25257); Trial Phase (C48281),6
Trial Primary Objective,C85826,Trial Primary Objective (C85826),C142450,Trial Summary,primary objective;OBJPRIM;Study Primary Objective,Nominal,The principal purpose of the trial.,1,Clinical Trial Objective (C142450); Trial Primary Objective (C85826),3
Trial Screen Failure [RETIRED],C49628,Trial Screen Failure [RETIRED] (C49628),,Subject Disposition,,,The failure of a potential subject of meeting one or more criteria required for participation in a trial. [RETIRED],0,Trial Screen Failure [RETIRED] (C49628),0
Trial Secondary Objective,C85827,Trial Secondary Objective (C85827),C142450,Trial Summary,secondary objective;OBJSEC;Study Secondary Objective,Nominal,The auxiliary purpose of the trial.,1,Clinical Trial Objective (C142450); Trial Secondary Objective (C85827),3
Trial Site Terminated by Sponsor [RETIRED],C106576,Trial Site Terminated by Sponsor [RETIRED] (C106576),,Subject Disposition,,,An indication that a clinical study was stopped at a particular site by its sponsor. [RETIRED],0,Trial Site Terminated by Sponsor [RETIRED] (C106576),0
Trial Title,C49802,Trial Title (C49802),C42774,Trial Summary,Official Study Title;Study Title;TITLE,Nominal,The name of a clinical trial.,1,Title (C42774); Trial Title (C49802),3
Trial Type,C49660,Trial Type (C49660),C15320,Trial Summary,"Trial Scope;TTYPE;Clinical Study by Product, Procedure, or Method Tested",Nominal,"The type of clinical trial performed e.g. efficacy, safety.",1,Study Design (C15320); Trial Type (C49660),6
Tribal Affiliation,C205754,Tribal Affiliation (C205754),C18823,Subject Characteristics,TRIBAFIL;Tribal Affiliation,Nominal,"The tribe that an individual associates themselves with, regardless of whether or not they are an enrolled member.",1,Group Affiliation (C18823); Tribal Affiliation (C205754),3
Triceps Skinfold Thickness,C98793,Triceps Skinfold Thickness (C98793),C77537,Vital Signs;Body Measurements,TRSKNF,Quantitative,A measurement of the thickness of a pinch of skin on the triceps.,1,Skinfold Thickness Analysis (C77537); Triceps Skinfold Thickness (C98793),3
Triglyceride Measurement,C64812,Triglyceride Measurement (C64812),C74949,Laboratory Tests;Chemistry Tests;Lipid Measurements,TRIG;Triglycerides,Quantitative;Ordinal,A quantitative measurement of the amount of triglyceride present in a sample.,2,Chemistry Test (C49237); Lipid Measurement (C74949); Triglyceride Measurement (C64812),5
Triiodothyronine Measurement,C74747,Triiodothyronine Measurement (C74747),C74742,Laboratory Tests;Chemistry Tests;Endocrine Tests;Hormone Measurements,T3;Total T3,Quantitative,The determination of the amount of free and bound triiodothyronine present in a sample.,1,Hormone Measurement (C74742); Triiodothyronine Measurement (C74747),5
Triiodothyronine Uptake Measurement,C74748,Triiodothyronine Uptake Measurement (C74748),C74747,Laboratory Tests;Chemistry Tests;Endocrine Tests;Hormone Measurements,T3UP;T3U;Triiodothyronine Resin Uptake,Quantitative,The determination of the binding of triiodothyonine to thyroxine binding globulin protein in a sample.,2,Hormone Measurement (C74742); Triiodothyronine Measurement (C74747); Triiodothyronine Uptake Measurement (C74748),5
Triple-Negative Breast Cancer Finding,C71428,Triple-Negative Breast Cancer Finding (C71428),C94299,Receptor Status,ER-Negative PR-Negative ERBB2-Negative;ER-negative PR-negative HER2/neu-negative;ER/PR/HER2 Negative;ESR1/PGR/ERBB2 Negative Finding;TNBC;Triple Negative Breast Cancer Result,Ordinal,Triple-negative breast cancer finding is a negative test result that occurs when the cells in the tumor of a breast cancer patient lack the receptors for both estrogen and progesterone and the human epidermal growth factor receptor 2.,1,Receptor Status (C94299); Triple-Negative Breast Cancer Finding (C71428),7
Troponin I Measurement,C74749,Troponin I Measurement (C74749),C111327,Laboratory Tests;Chemistry Tests;Protein or Enzyme Type Measurements;Troponin Measurements,TROPONI,Quantitative;Ordinal,The determination of the amount of troponin I present in a blood sample.,2,Protein or Enzyme Type Measurement (C64430); Troponin Measurement (C111327); Troponin I Measurement (C74749),5
Troponin Measurement,C111327,Troponin Measurement (C111327),C64430,Laboratory Tests;Chemistry Tests;Protein or Enzyme Type Measurements,Troponin,,The determination of the amount of total troponin present in a sample.,1,Protein or Enzyme Type Measurement (C64430); Troponin Measurement (C111327),0
Tumor Examination,C90479,Tumor Examination (C90479),,Medical Examination,TUMEX,,An assessment or evaluation of a neoplastic mass.,0,Tumor Examination (C90479),0
Tumor Fragmentation,C96642,Tumor Fragmentation (C96642),C82547,Abnormal Finding;Tumor Identification,Tumor Split;Tumor Mass Fragmentation,Nominal,A finding indicating that a tumor mass has been divided into two or more tumors.,1,Abnormal Finding (C82547); Tumor Fragmentation (C96642),10
Tumor Fragmentation Assessment,C225438,Tumor Fragmentation Assessment (C225438),C90479,Oncology Standards;Tumor/Lesion Identification;TU;RECIST 1.1,TUSPLIT;Tumor Split,Nominal,An assessment as to whether a single tumor has divided into two or more tumors.,1,Tumor Examination (C90479); Tumor Fragmentation Assessment (C225438),10
Tumor Identification,C94523,Tumor Identification (C94523),C94189,Oncology Standards;Tumor/Lesion Identification;TU;RECIST 1.1,TUMIDENT,Nominal,A diagnostic procedure to localize and characterize a tumor.,1,Lesion Identification (C94189); Tumor Identification (C94523),10
Tumor Mutation Burden Assessment,C181335,Tumor Mutation Burden Assessment (C181335),C18302,Genomics Findings;Genetic Variation Analysis,TMB;Tumor Mutational Burden;Tumor Mutation Burden,Quantitative;Nominal,"A quantitative or qualitative assessment of the number of genomic alterations found in genetic material from tumor cells, when compared to a reference sequence.",1,Genetic Variation Analysis (C18302); Tumor Mutation Burden Assessment (C181335),11
Tumor Size Measurement,C106303,Tumor Size Measurement (C106303),,Tumor Results;Tumor Measurements,,Quantitative,The measurement of the size of a tumor mass either clinically or in a surgically resected specimen.,0,Tumor Size Measurement (C106303),8
Tumor Status,C96643,Tumor Status (C96643),C171082,Oncology Standards;Tumor/Lesion Results;TR;RECIST 1.1,TUMSTATE;Tumor State,Nominal,The condition or state of the tumor at a particular time.,1,Medical Status (C171082); Tumor Status (C96643),9
Twin Type,C112424,Twin Type (C112424),C19332,Subject Characteristics,TWINTYP;Twin Type,Nominal,The classification of the two offspring born from the same pregnancy.,1,Personal Attribute (C19332); Twin Type (C112424),3
Type,C25284,Type (C25284),,Clinical Trial Attribute;Trial Summary;Type,Kind,,Something distinguishable as an identifiable class based on common qualities.,0,Type (C25284),0
Type of Contagion Contact,C102723,Type of Contagion Contact (C102723),C25284,Subject Characteristics,TYPCON;Type of Contact;Type of Contagion Contact,Nominal,Identification and clinical investigation of disease contacts.,1,Type (C25284); Type of Contagion Contact (C102723),3
US FDA Tobacco Product Applicant,C204581,US FDA Tobacco Product Applicant (C204581),C61186,Trial Summary,APPLCNT;Applicant;Applicant Organization;Applicant Organization Name,Nominal,"Any party, which may include the tobacco manufacturer and its authorized representative, who is subject to FDA's jurisdiction under chapter IX of the FD&C Act and submits an application to FDA for authority to market a tobacco product. (After PMTA Rule 21 CFR Part 1114 2021; SE Final Rule 21 CFR Part 1107 2021)",1,Applicant (C61186); US FDA Tobacco Product Applicant (C204581),5
Ulcer Indicator,C154881,Ulcer Indicator (C154881),C119241,Reproductive Findings;Clinical Findings Indicator;Indicator,ULCERIND;Ulceration Indicator,Nominal,An indication as to whether an ulcer is present.,1,Symptom Indicator (C119241); Ulcer Indicator (C154881),4
Ulnar Length,C174376,Ulnar Length (C174376),C25334,Vital Signs;Body Measurements,ULNARL,Quantitative,A measurement of the length of the ulna.,1,Length (C25334); Ulnar Length (C174376),3
Ultrasound Imaging,C17230,Ultrasound Imaging (C17230),C17369,Diagnostic Imaging;Medical Imaging;Diagnostic Procedures,Ultrasonography;2-Dimensional Ultrasound Imaging;Ultrasound;Ultrasound Test;US,Nominal,The use of high-frequency sound waves to generate images of the body.,1,Imaging Procedure (C17369); Ultrasound Imaging (C17230),11
Unblinding,C142742,Unblinding (C142742),,Subject Disposition;Disposition Events;Other Events;Blinding,Unblinded;Unmasking,Nominal,The process by which identifying information for a patient or group of outcomes from a clinical trial is revealed to the subject and/or investigators conducting the clinical study.,0,Unblinding (C142742),5
Unhoused Indicator,C209694,Unhoused Indicator (C209694),C25180,Subject Characteristics,UHOUSIND;Homeless Indicator;Unhoused Indicator,Nominal,An indication as to whether the subject is unhoused.,1,Indicator (C25180); Unhoused Indicator (C209694),3
Uniform Resource Locator,C42743,Uniform Resource Locator (C42743),,Clinical Trial Attribute;Trial Summary,uniform resource locator (URL);URL,,The global address of documents and other resources on the World Wide Web.,0,Uniform Resource Locator (C42743),0
Unique Identifier,C70663,Unique Identifier (C70663),,Clinical Trial Attribute;Trial Summary,uuid;UI;UID,,"A set of characters used as a code that is unique in the context or the system for which it is created. It serves as a means of identification and reference (often instead of a name) for an entity, person, thing, function, procedure, activity, variable, or body of data.",0,Unique Identifier (C70663),0
Unsolicited Adverse Event,C179176,Unsolicited Adverse Event (C179176),C41331,Events;Reported Events;Adverse Events,Adverse Event,Nominal,"An adverse event that is voluntarily reported by a healthcare professional, consumer, or patient outside of an organized data collection system.",1,Adverse Event [RETIRED] (C41331); Unsolicited Adverse Event (C179176),25
Urate Measurement,C64814,Urate Measurement (C64814),C49237,Laboratory Tests;Chemistry Tests,Urate;Uric Acid,Quantitative;Ordinal,A quantitative measurement of the amount of urate present in a sample.,1,Chemistry Test (C49237); Urate Measurement (C64814),5
Urea Nitrogen Measurement,C125949,Urea Nitrogen Measurement (C125949),C49237,Laboratory Tests;Chemistry Tests;Renal Function Tests,Urea Nitrogen,Quantitative,The determination of the amount of urea nitrogen present in a sample.,1,Chemistry Test (C49237); Urea Nitrogen Measurement (C125949),5
Urinalysis,C17241,Urinalysis (C17241),C49237,Laboratory Tests,Urine Test;UA,,"Laboratory analysis of urine, commonly used to aid in the diagnosis of disease or to detect the presence of a specific substance. It involves examination of the urine by physical or chemical means as well as microscopic examination that helps to screen for urinary tract infections, renal disease, and diseases of other organs, that result in abnormal metabolites (break-down products) appearing in the urine.",1,Chemistry Test (C49237); Urinalysis (C17241),0
Urinary System Examination,C198401,Urinary System Examination (C198401),C25305,Medical Examination;Urinary System Findings,UREXAM;Urinary System Examination,Narrative,"An observation, assessment or examination of the urinary system.",1,Medical Examination Assessment (C25305); Urinary System Examination (C198401),5
Urine Dipstick Test,C147905,Urine Dipstick Test (C147905),C17241,Laboratory Tests,Urine Test Strip,,Use of a test strip designed to detect one or more specific substances in urine. Results are indicated by a color change and may be qualitative or semi-quantitative.,2,Chemistry Test (C49237); Urinalysis (C17241); Urine Dipstick Test (C147905),0
Urine Glucose Test Strip Measurement [RETIRED],NEW_1,Urine Glucose Test Strip Measurement [RETIRED] (NEW_1),C147905,Laboratory Tests,Urine Glucose Dipstick,Ordinal,An ordinal measurement of glucose present in a sample. [RETIRED],3,Chemistry Test (C49237); Urinalysis (C17241); Urine Dipstick Test (C147905); Urine Glucose Test Strip Measurement [RETIRED] (NEW_1),4
Urine Protein Measurement,C74760,Urine Protein Measurement (C74760),,Laboratory Tests;Chemistry Tests;Protein or Enzyme Type Measurements,,,The determination of the amount of protein present in a urine sample.,0,Urine Protein Measurement (C74760),0
Urobilinogen Measurement,C64816,Urobilinogen Measurement (C64816),C49237,Laboratory Tests;Chemistry Tests,Urobilinogen;UROBIL,Quantitative;Ordinal,A quantitative measurement of the amount of urobilinogen present in a sample.,1,Chemistry Test (C49237); Urobilinogen Measurement (C64816),5
Vaginal Bleeding and/or Spotting Frequency Description,C176359,Vaginal Bleeding and/or Spotting Frequency Description (C176359),,Reproductive Findings,VBSFRQD;Vaginal Bleeding/Spotting Freq Desc;Vaginal Bleeding/Spotting Frequency Description,Narrative,A description of the frequency at which vaginal bleeding and/or spotting has occurred.,0,Vaginal Bleeding and/or Spotting Frequency Description (C176359),2
Variable Number Tandem Repeats Assessment,C189440,Variable Number Tandem Repeats Assessment (C189440),C18302,Genomic Findings;Genetic Variation Analysis,VNTR;Tandem Repeat Variation;Variable Nucleotide Tandem Repeats;Variable Number Tandem Repeats,Quantitative;Nominal,"An assessment of the variations in the number of tandem repeat nucleotide sequences, which are end-to-end adjacent copies of a short (2 to 60 nucleotides) DNA sequence.",1,Genetic Variation Analysis (C18302); Variable Number Tandem Repeats Assessment (C189440),18
Variant Profile Assessment,C189441,Variant Profile Assessment (C189441),C18302,Genomic Findings;Genetic Variation Analysis,VARPROF;Variant Profile,Nominal,An assessment of the unique pattern of sequence variation of one or more loci associated with a normal or abnormal biological process.,1,Genetic Variation Analysis (C18302); Variant Profile Assessment (C189441),11
Ventilatory Threshold,C123909,Ventilatory Threshold (C123909),,Respiratory System Findings,,,The point during exercise at which pulmonary ventilation becomes disproportionately high with respect to oxygen consumption.,0,Ventilatory Threshold (C123909),0
Ventricular Arrhythmia ECG Assessment,C111330,Ventricular Arrhythmia ECG Assessment (C111330),C83146,Electrocardiogram Findings;Electrocardiogram Abnormalities;ECG Findings;ECG Abnormalities,VTARRY;Ventricular Arrhythmias,Nominal,An electrocardiographic assessment of the atypical cardiac rhythms originating in the ventricle.,1,Electrocardiogram Test (C83146); Ventricular Arrhythmia ECG Assessment (C111330),7
Ventricular Tachyarrhythmia ECG Assessment,C111331,Ventricular Tachyarrhythmia ECG Assessment (C111331),C83146,Electrocardiogram Findings;Electrocardiogram Abnormalities;ECG Findings;ECG Abnormalities,VTTARRY;Ventricular Tachyarrhythmias,Nominal,An electrocardiographic assessment of the abnormally fast cardiac rhythms originating within the ventricles.,1,Electrocardiogram Test (C83146); Ventricular Tachyarrhythmia ECG Assessment (C111331),7
Version,C25714,Version (C25714),,Clinical Trial Attribute;Trial Summary,VERS;Versioned,,"A form or variant of a type or original; one of a sequence of copies of a program, each incorporating new modifications.",0,Version (C25714),0
Very Low Density Lipoprotein Cholesterol Measurement,C105589,Very Low Density Lipoprotein Cholesterol Measurement (C105589),C74949,Laboratory Tests;Chemistry Tests;Lipid Measurements,VLDL;VLDL Cholesterol,Quantitative,The determination of the amount of very low-density lipoprotein cholesterol present in a sample.,2,Chemistry Test (C49237); Lipid Measurement (C74949); Very Low Density Lipoprotein Cholesterol Measurement (C105589),5
Village of Permanent Address,C176364,Village of Permanent Address (C176364),,Subject Characteristics,VILLPAD;Village of Permanent Address,Nominal,The village in which an individual permanently resides.,0,Village of Permanent Address (C176364),3
Virus-Based Immunology Test,C210012,Virus-Based Immunology Test (C210012),C16723,Laboratory Tests;Immunology Tests,Virus Immunoassay,,Any laboratory test designed for the detection and/or quantification of viral antigens or their specific antibodies within a biological specimen.,1,Immunology Test (C16723); Virus-Based Immunology Test (C210012),0
Vital Signs Measurement,C49672,Vital Signs Measurement (C49672),,Vital Signs,Vital Signs;VS,,"The act of assessing an individual's current temperature, heart rate, respiratory rate, pulse oxygenation, and blood pressure.",0,Vital Signs Measurement (C49672),0
Vitamin B12 Measurement,C64817,Vitamin B12 Measurement (C64817),C74803,Laboratory Tests;Chemistry Tests;Vitamin Measurements,Cobalamin;Vitamin B12;VITB12,Quantitative;Ordinal,A quantitative measurement of the amount of vitamin B12 present in a sample.,2,Chemistry Test (C49237); Vitamin Measurement (C74803); Vitamin B12 Measurement (C64817),5
Vitamin Measurement,C74803,Vitamin Measurement (C74803),C49237,Laboratory Tests;Chemistry Tests,,,The determination of the type and amount of vitamins in a sample.,1,Chemistry Test (C49237); Vitamin Measurement (C74803),0
Volume,C25335,Volume (C25335),,Respiratory System Findings,Vol;Total Volume,,The amount of three dimensional space occupied by an object or the capacity of a space or container.,0,Volume (C25335),0
Volume Measurement,C74720,Volume Measurement (C74720),,Respiratory System Findings,VOL;VOLUME;Volume,,The determination of the volume of a sample.,0,Volume Measurement (C74720),0
Waist Circumference,C100948,Waist Circumference (C100948),,Vital Signs;Body Measurements,WSTCIR,Quantitative,"A circumferential measurement of the waist, which may be classified as the area immediately below the lowest rib, at the narrowest part of the torso, midpoint between the lowest rib and the iliac crest, or immediately above the iliac crest.",0,Waist Circumference (C100948),4
Waist to Heel Length,C181552,Waist to Heel Length (C181552),C25334,Vital Signs;Body Measurements,WASTHEEL,Quantitative,A measurement from the top of the waist to the bottom of the heel.,1,Length (C25334); Waist to Heel Length (C181552),3
Waist-Hip Ratio,C17651,Waist-Hip Ratio (C17651),C19332,Vital Signs;Body Measurements,Waist to Hip Ratio;WAISTHIP,Quantitative,The ratio of the abdominal circumference at the navel to maximum hip and buttocks circumference; looks at the proportion of fat stored on the body around the waist and hip. Carrying extra weight around the waist is a greater health risk than carrying extra weight around the hips or thighs.,1,Personal Attribute (C19332); Waist-Hip Ratio (C17651),3
Weight,C25208,Weight (C25208),,Vital Signs;Body Measurements,,Quantitative,The vertical force exerted by a mass as a result of gravity.,0,Weight (C25208),0
Weight-for-Age Percentile,C163569,Weight-for-Age Percentile (C163569),,Vital Signs;Body Measurements,WTAPCTL,Quantitative,"A measurement of an individual's weight in relationship to age, in comparison to a reference percentile curve.",0,Weight-for-Age Percentile (C163569),2
Weight-for-Height Percentile,C163570,Weight-for-Height Percentile (C163570),,Vital Signs;Body Measurements,WTHTPCTL,Quantitative,"A measurement of an individual's weight in relationship to height, in comparison to a reference percentile curve.",0,Weight-for-Height Percentile (C163570),2
Wheal Diameter Interpretation,C130186,Wheal Diameter Interpretation (C130186),C125009,Clinical Interpretation;Skin Response,WHLINT,Nominal,"A further, qualitative assessment based on the diameter of a wheal on the skin.",1,Clinical Interpretation (C125009); Wheal Diameter Interpretation (C130186),6
Wheal Longest Diameter,C112427,Wheal Longest Diameter (C112427),C96684,Longest Diameter;Skin Response,WHLLDIAM,Quantitative,"The longest diameter of the flat, circular, slightly raised area that forms around the site of an antigenic challenge to the skin.",2,Diameter (C25285); Longest Diameter (C96684); Wheal Longest Diameter (C112427),7
Wheal Mean Diameter,C112428,Wheal Mean Diameter (C112428),C120716,Mean Diameter;Skin Response,WHLMDIAM,Quantitative,"The mean diameter of the flat, circular, slightly raised area that forms around the site of an antigenic challenge to the skin.",1,Mean Diameter (C120716); Wheal Mean Diameter (C112428),7
Wheal Size Measurement,C112429,Wheal Size Measurement (C112429),C15260,Diagnostic Procedure;Skin Response,WHEALSZ,Ordinal,"The determination of the size of the flat, circular, slightly raised area that forms around the site of an antigenic challenge to the skin.",1,Immunodiagnostic Procedure (C15260); Wheal Size Measurement (C112429),6
Withdrawal by Subject [RETIRED],C49634,Withdrawal by Subject [RETIRED] (C49634),,Subject Disposition,,,An indication that a study participant has removed themself from the study or from one or more segments of the study. [RETIRED],0,Withdrawal by Subject [RETIRED] (C49634),0
Withdrawal of Consent From Protocol-Specified Activity,C170610,Withdrawal of Consent From Protocol-Specified Activity (C170610),,Subject Disposition;Disposition Events;Other Events;Consent;Withdrawal,,Nominal,"The subject or parent/guardian withdraws their consent for the subject to participate in certain protocol-specified study activities, but does not withdraw consent from participation in the study as a whole.",0,Withdrawal of Consent From Protocol-Specified Activity (C170610),5
X-Ray Imaging,C38101,X-Ray Imaging (C38101),C16502,Diagnostic Imaging;Medical Imaging,Conventional X-Ray;Medical Imaging;X-Ray;Static X-Ray,Nominal,A radiographic procedure using the emission of x-rays to form an image of the structure penetrated by the radiation.,1,Diagnostic Imaging Testing (C16502); X-Ray Imaging (C38101),11
Z-Score,C68741,Z-Score (C68741),,Musculoskeletal Finding;Z-Score,,,"A method for converting an individual score into a standard form. The z-score indicates how far and in what direction an item deviates from its distribution's mean, expressed in units of standard deviation. Calculation of a z-score requires knowledge about the population's standard deviation and mean.",0,Z-Score (C68741),0
pH,C45997,pH (C45997),C158424,Laboratory Tests;Urinalysis,PH;potential of Hydrogen,Quantitative;Ordinal,"Quantity of dimension one used to express on a scale from 0 to 14 the amount-of-substance concentration of hydrogen ion of dilute aqueous solution, calculated as the logarithm of the reciprocal of hydrogen-ion concentration in gram atoms per liter.",1,Physical Property (C158424); pH (C45997),4
