package_date,short_name,bc_id,ncit_code,parent_bc_id,bc_categories,synonyms,result_scales,definition,system,system_name,code,dec_id,ncit_dec_code,dec_label,data_type,example_set
2026-05-26,6 Minute Walk Functional Test 2008 Version,C115789,C115789,C222260,QRS;Functional Assessment;6 Minute Walk Functional Test;SIX MINUTE WALK;SIXMW1;6MWT,6MWT;SIXMW1;SIX MINUTE WALK,,"A standardized rating scale developed by Bruno Blake in 1963, which is a performance-based evaluation of functional exercise capacity in subjects with chronic respiratory disease and heart failure, as well as other populations such as healthy older adults and people suffering from fibromyalgia and scleroderma. This functional test contains 6 items and measures the distance an individual is able to walk over a total of six minutes on a hard, flat surface.",,,,C82525,C82525,Test Occurrence,string,N;Y
2026-05-26,6 Minute Walk Functional Test 2008 Version,C115789,C115789,C222260,QRS;Functional Assessment;6 Minute Walk Functional Test;SIX MINUTE WALK;SIXMW1;6MWT,6MWT;SIXMW1;SIX MINUTE WALK,,"A standardized rating scale developed by Bruno Blake in 1963, which is a performance-based evaluation of functional exercise capacity in subjects with chronic respiratory disease and heart failure, as well as other populations such as healthy older adults and people suffering from fibromyalgia and scleroderma. This functional test contains 6 items and measures the distance an individual is able to walk over a total of six minutes on a hard, flat surface.",,,,C93300,C93300,Assistive Device,string,cane
2026-05-26,6 Minute Walk Functional Test 2008 Version,C115789,C115789,C222260,QRS;Functional Assessment;6 Minute Walk Functional Test;SIX MINUTE WALK;SIXMW1;6MWT,6MWT;SIXMW1;SIX MINUTE WALK,,"A standardized rating scale developed by Bruno Blake in 1963, which is a performance-based evaluation of functional exercise capacity in subjects with chronic respiratory disease and heart failure, as well as other populations such as healthy older adults and people suffering from fibromyalgia and scleroderma. This functional test contains 6 items and measures the distance an individual is able to walk over a total of six minutes on a hard, flat surface.",,,,C25372,C25372,Category,string,SIX MINUTE WALK
2026-05-26,6 Minute Walk Functional Test 2008 Version,C115789,C115789,C222260,QRS;Functional Assessment;6 Minute Walk Functional Test;SIX MINUTE WALK;SIXMW1;6MWT,6MWT;SIXMW1;SIX MINUTE WALK,,"A standardized rating scale developed by Bruno Blake in 1963, which is a performance-based evaluation of functional exercise capacity in subjects with chronic respiratory disease and heart failure, as well as other populations such as healthy older adults and people suffering from fibromyalgia and scleroderma. This functional test contains 6 items and measures the distance an individual is able to walk over a total of six minutes on a hard, flat surface.",,,,C82515,C82515,Collection Date Time,datetime,
2026-05-26,Abnormal Bleeding Indicator,C154889,C154889,C181043,Reproductive Findings;Clinical Findings Indicator;Indicator,BLEEDIND;Abnormal Indicator,Nominal,An indication as to whether there is the presence of abnormal bleeding.,,,,C25185,C25185,Laterality,string,Left;Right
2026-05-26,Abnormal Bleeding Indicator,C154889,C154889,C181043,Reproductive Findings;Clinical Findings Indicator;Indicator,BLEEDIND;Abnormal Indicator,Nominal,An indication as to whether there is the presence of abnormal bleeding.,,,,C82515,C82515,Collection Date Time,datetime,
2026-05-26,Abnormal Bleeding Indicator,C154889,C154889,C181043,Reproductive Findings;Clinical Findings Indicator;Indicator,BLEEDIND;Abnormal Indicator,Nominal,An indication as to whether there is the presence of abnormal bleeding.,,,,C70856,C70856,Observation Result,string,N;Y;U
2026-05-26,Abnormal Bleeding Indicator,C154889,C154889,C181043,Reproductive Findings;Clinical Findings Indicator;Indicator,BLEEDIND;Abnormal Indicator,Nominal,An indication as to whether there is the presence of abnormal bleeding.,,,,C13717,C13717,Anatomic Site,string,
2026-05-26,Abnormal Involuntary Movement Scale Clinical Classification,C102111,C102111,C118969,QRS;Clinical or Research Assessment Classification;Abnormal Involuntary Movement Scale Clinical Classification;AIMS;AIMS01,AIMS;AIMS01,,"A standardized rating scale developed by William Guy in 1976 which is used to evaluate the severity of tardive dyskinesia in individuals taking neuroleptic agents. This instrument contains 5 sections with a total of 12 items pertaining to facial and oral movements, global judgments, trunk movements, dental status, and extremity movements. Each item is rated on either a 0 to 4 scale with 0 being none and 4 being severe, or as 'yes' or 'no.'",,,,C25372,C25372,Category,string,AIMS
2026-05-26,Abnormal Involuntary Movement Scale Clinical Classification,C102111,C102111,C118969,QRS;Clinical or Research Assessment Classification;Abnormal Involuntary Movement Scale Clinical Classification;AIMS;AIMS01,AIMS;AIMS01,,"A standardized rating scale developed by William Guy in 1976 which is used to evaluate the severity of tardive dyskinesia in individuals taking neuroleptic agents. This instrument contains 5 sections with a total of 12 items pertaining to facial and oral movements, global judgments, trunk movements, dental status, and extremity movements. Each item is rated on either a 0 to 4 scale with 0 being none and 4 being severe, or as 'yes' or 'no.'",,,,C82525,C82525,Test Occurrence,string,N;Y
2026-05-26,Abnormal Involuntary Movement Scale Clinical Classification,C102111,C102111,C118969,QRS;Clinical or Research Assessment Classification;Abnormal Involuntary Movement Scale Clinical Classification;AIMS;AIMS01,AIMS;AIMS01,,"A standardized rating scale developed by William Guy in 1976 which is used to evaluate the severity of tardive dyskinesia in individuals taking neuroleptic agents. This instrument contains 5 sections with a total of 12 items pertaining to facial and oral movements, global judgments, trunk movements, dental status, and extremity movements. Each item is rated on either a 0 to 4 scale with 0 being none and 4 being severe, or as 'yes' or 'no.'",,,,C82515,C82515,Collection Date Time,datetime,
2026-05-26,Actively Menstruating Indicator,C204695,C204695,C25180,Reproductive Findings;Clinical Findings Indicator;Indicator,AMENSIND,Nominal,An indication as to whether the subject is menstruating at the time the question is asked.,,,,C70856,C70856,Observation Result,string,N;Y;U
2026-05-26,Actively Menstruating Indicator,C204695,C204695,C25180,Reproductive Findings;Clinical Findings Indicator;Indicator,AMENSIND,Nominal,An indication as to whether the subject is menstruating at the time the question is asked.,,,,C82515,C82515,Collection Date Time,datetime,
2026-05-26,Aggregate RR Interval,C117791,C117791,C62085,Electrocardiogram Findings;Electrocardiogram Measurements;ECG Measurements,RR Interval Aggregate;RRAG,Quantitative,"An aggregate RR value based on the measurement of RR intervals from multiple beats within a single ECG. The method of aggregation, which can vary, is typically a measure of central tendency such as the mean. (CDISC)",http://loinc.org/,LOINC,18505-8,C82535,C82535,Test Method,string,12 Lead Standard;12 Lead Continuous ECG;10 Lead Standard;6 Lead Standard
2026-05-26,Aggregate RR Interval,C117791,C117791,C62085,Electrocardiogram Findings;Electrocardiogram Measurements;ECG Measurements,RR Interval Aggregate;RRAG,Quantitative,"An aggregate RR value based on the measurement of RR intervals from multiple beats within a single ECG. The method of aggregation, which can vary, is typically a measure of central tendency such as the mean. (CDISC)",http://loinc.org/,LOINC,18505-8,C82515,C82515,Collection Date Time,datetime,
2026-05-26,Aggregate RR Interval,C117791,C117791,C62085,Electrocardiogram Findings;Electrocardiogram Measurements;ECG Measurements,RR Interval Aggregate;RRAG,Quantitative,"An aggregate RR value based on the measurement of RR intervals from multiple beats within a single ECG. The method of aggregation, which can vary, is typically a measure of central tendency such as the mean. (CDISC)",http://loinc.org/,LOINC,18505-8,C50282,C50282,Lead Device,string,Lead 1;Lead 2
2026-05-26,Aggregate RR Interval,C117791,C117791,C62085,Electrocardiogram Findings;Electrocardiogram Measurements;ECG Measurements,RR Interval Aggregate;RRAG,Quantitative,"An aggregate RR value based on the measurement of RR intervals from multiple beats within a single ECG. The method of aggregation, which can vary, is typically a measure of central tendency such as the mean. (CDISC)",http://loinc.org/,LOINC,18505-8,C25372,C25372,Category,string,Interval
2026-05-26,Aggregate RR Interval,C117791,C117791,C62085,Electrocardiogram Findings;Electrocardiogram Measurements;ECG Measurements,RR Interval Aggregate;RRAG,Quantitative,"An aggregate RR value based on the measurement of RR intervals from multiple beats within a single ECG. The method of aggregation, which can vary, is typically a measure of central tendency such as the mean. (CDISC)",http://loinc.org/,LOINC,18505-8,C25330,C25330,Duration,integer,
2026-05-26,Aggregate RR Interval,C117791,C117791,C62085,Electrocardiogram Findings;Electrocardiogram Measurements;ECG Measurements,RR Interval Aggregate;RRAG,Quantitative,"An aggregate RR value based on the measurement of RR intervals from multiple beats within a single ECG. The method of aggregation, which can vary, is typically a measure of central tendency such as the mean. (CDISC)",http://loinc.org/,LOINC,18505-8,C82516,C82516,Observation End Date Time,datetime,
2026-05-26,Aggregate RR Interval,C117791,C117791,C62085,Electrocardiogram Findings;Electrocardiogram Measurements;ECG Measurements,RR Interval Aggregate;RRAG,Quantitative,"An aggregate RR value based on the measurement of RR intervals from multiple beats within a single ECG. The method of aggregation, which can vary, is typically a measure of central tendency such as the mean. (CDISC)",http://loinc.org/,LOINC,18505-8,C51824,C51824,Evaluator,string,Investigator;Vendor;Adjudication Committee
2026-05-26,Aggregate RR Interval,C117791,C117791,C62085,Electrocardiogram Findings;Electrocardiogram Measurements;ECG Measurements,RR Interval Aggregate;RRAG,Quantitative,"An aggregate RR value based on the measurement of RR intervals from multiple beats within a single ECG. The method of aggregation, which can vary, is typically a measure of central tendency such as the mean. (CDISC)",http://loinc.org/,LOINC,18505-8,C42574,C42574,Unit of Time,string,Milliseconds;Seconds
2026-05-26,Aggregate RR Interval,C117791,C117791,C62085,Electrocardiogram Findings;Electrocardiogram Measurements;ECG Measurements,RR Interval Aggregate;RRAG,Quantitative,"An aggregate RR value based on the measurement of RR intervals from multiple beats within a single ECG. The method of aggregation, which can vary, is typically a measure of central tendency such as the mean. (CDISC)",http://loinc.org/,LOINC,18505-8,C62164,C62164,Body Position,string,Supine;Sitting
2026-05-26,Allergen-induced IgA Antibody Measurement,C187776,C187776,C182150,Laboratory Tests;Immunogenicity Specimen Assessments;Immunoglobulin A Measurements;Allergen-induced Antibody Measurements,ARIGAAB;Allergen-induced IgA Antibody,Quantitative;Ordinal,The determination of the amount of allergen-induced IgA antibody in a sample.,,,,C218437,C218437,Immunogenicity Specimen Test Operational Objective,string,Screen;Confirm;Quantify;Overall Subject Status
2026-05-26,Allergen-induced IgA Antibody Measurement,C187776,C187776,C182150,Laboratory Tests;Immunogenicity Specimen Assessments;Immunoglobulin A Measurements;Allergen-induced Antibody Measurements,ARIGAAB;Allergen-induced IgA Antibody,Quantitative;Ordinal,The determination of the amount of allergen-induced IgA antibody in a sample.,,,,C42647,C42647,Binder Excipient,string,American Cockroach Antigen;Bermuda Grass Pollen;Cat Dander Antigen;Dog Dander Antigen;English Plantain Pollen;German Cockroach Antigen;Gliadin Antigen;Grass Mix Pollens;Mold Mix Antigens;Orchard Grass Pollen;Silver Birch Pollen;Timothy Grass Pollen;Weed Mix Pollens;Western Ragweed Pollen;Alternaria Alternata;Penicillium Chrysogenum;Mucor Racemosus
2026-05-26,Allergen-induced IgA Antibody Measurement,C187776,C187776,C182150,Laboratory Tests;Immunogenicity Specimen Assessments;Immunoglobulin A Measurements;Allergen-induced Antibody Measurements,ARIGAAB;Allergen-induced IgA Antibody,Quantitative;Ordinal,The determination of the amount of allergen-induced IgA antibody in a sample.,,,,C25692,C25692,Subcategory,string,
2026-05-26,Allergen-induced IgA Antibody Measurement,C187776,C187776,C182150,Laboratory Tests;Immunogenicity Specimen Assessments;Immunoglobulin A Measurements;Allergen-induced Antibody Measurements,ARIGAAB;Allergen-induced IgA Antibody,Quantitative;Ordinal,The determination of the amount of allergen-induced IgA antibody in a sample.,,,,C25372,C25372,Category,string,
2026-05-26,Allergen-induced IgA Antibody Measurement,C187776,C187776,C182150,Laboratory Tests;Immunogenicity Specimen Assessments;Immunoglobulin A Measurements;Allergen-induced Antibody Measurements,ARIGAAB;Allergen-induced IgA Antibody,Quantitative;Ordinal,The determination of the amount of allergen-induced IgA antibody in a sample.,,,,C48207,C48207,Unit of Concentration,string,mg/dL;g/L;umol/L;U/mL
2026-05-26,Allergen-induced IgA Antibody Measurement,C187776,C187776,C182150,Laboratory Tests;Immunogenicity Specimen Assessments;Immunoglobulin A Measurements;Allergen-induced Antibody Measurements,ARIGAAB;Allergen-induced IgA Antibody,Quantitative;Ordinal,The determination of the amount of allergen-induced IgA antibody in a sample.,,,,C82535,C82535,Test Method,string,Immunoassay
2026-05-26,Allergen-induced IgA Antibody Measurement,C187776,C187776,C182150,Laboratory Tests;Immunogenicity Specimen Assessments;Immunoglobulin A Measurements;Allergen-induced Antibody Measurements,ARIGAAB;Allergen-induced IgA Antibody,Quantitative;Ordinal,The determination of the amount of allergen-induced IgA antibody in a sample.,,,,C82515,C82515,Collection Date Time,datetime,
2026-05-26,Allergen-induced IgA Antibody Measurement,C187776,C187776,C182150,Laboratory Tests;Immunogenicity Specimen Assessments;Immunoglobulin A Measurements;Allergen-induced Antibody Measurements,ARIGAAB;Allergen-induced IgA Antibody,Quantitative;Ordinal,The determination of the amount of allergen-induced IgA antibody in a sample.,,,,C70856,C70856,Observation Result,string,
2026-05-26,Allergen-induced IgA Antibody Measurement,C187776,C187776,C182150,Laboratory Tests;Immunogenicity Specimen Assessments;Immunoglobulin A Measurements;Allergen-induced Antibody Measurements,ARIGAAB;Allergen-induced IgA Antibody,Quantitative;Ordinal,The determination of the amount of allergen-induced IgA antibody in a sample.,,,,C70713,C70713,Biospecimen Type,string,Serum;Plasma;Blood;Saliva;Urine;Cerebrospinal Fluid
2026-05-26,Alzheimer's Disease Assessment Scale-Cognitive CDISC Version Functional Test,C100762,C100762,C222259,QRS;Functional Assessment;Alzheimer's Disease Assessment Scale-Cognitive CDISC Version Functional Test;ADAS-Cog;ADC,,,"The CDISC version of the Alzheimer's Disease Assessment Scale-Cognitive (CDISC ADAS-Cog) containing 15 summary-level tests. This version is based on combining the total pool of ADAS-Cog tests that were observed during a review of multiple case report forms administered in clinical trials of Alzheimer's disease, as well as the CRF administered in the Alzheimer's Disease Neuroimaging Initiative (ADNI) observational study. (Modified from Mohs RC, Rosen WG, Davis KL. The Alzheimer's disease assessment scale: an instrument for assessing treatment efficacy. Psychopharmacol Bull 1983;19(3):448-450. Rosen WG, Mohs RC, Davis KL. A new rating scale for Alzheimer's disease. Am J Psychiatry 1984;141(11):1356-1364. Mohs RC, Knopman D, Petersen RC et al. Development of cognitive instruments for use in clinical trials of antidementia drugs: additions to the Alzheimer's Disease Assessment Scale that broaden its scope. The Alzheimer's Disease Cooperative Study. Alzheimer Dis Assoc Disord 1997;11 Suppl 2:S13-S21. Wouters H, van Gool WA, Schmand B, Lindeboom R. Revising the ADAS-cog for a more accurate assessment of cognitive impairment. Alzheimer Dis Assoc Disord 2008;22(3):236-244.).",,,,C82525,C82525,Test Occurrence,string,N;Y
2026-05-26,Alzheimer's Disease Assessment Scale-Cognitive CDISC Version Functional Test,C100762,C100762,C222259,QRS;Functional Assessment;Alzheimer's Disease Assessment Scale-Cognitive CDISC Version Functional Test;ADAS-Cog;ADC,,,"The CDISC version of the Alzheimer's Disease Assessment Scale-Cognitive (CDISC ADAS-Cog) containing 15 summary-level tests. This version is based on combining the total pool of ADAS-Cog tests that were observed during a review of multiple case report forms administered in clinical trials of Alzheimer's disease, as well as the CRF administered in the Alzheimer's Disease Neuroimaging Initiative (ADNI) observational study. (Modified from Mohs RC, Rosen WG, Davis KL. The Alzheimer's disease assessment scale: an instrument for assessing treatment efficacy. Psychopharmacol Bull 1983;19(3):448-450. Rosen WG, Mohs RC, Davis KL. A new rating scale for Alzheimer's disease. Am J Psychiatry 1984;141(11):1356-1364. Mohs RC, Knopman D, Petersen RC et al. Development of cognitive instruments for use in clinical trials of antidementia drugs: additions to the Alzheimer's Disease Assessment Scale that broaden its scope. The Alzheimer's Disease Cooperative Study. Alzheimer Dis Assoc Disord 1997;11 Suppl 2:S13-S21. Wouters H, van Gool WA, Schmand B, Lindeboom R. Revising the ADAS-cog for a more accurate assessment of cognitive impairment. Alzheimer Dis Assoc Disord 2008;22(3):236-244.).",,,,C82556,C82556,Not-Done Reason,string,Participant refused;Participant unable for physical reasons;Participant unable for cognitive reasons;Not done for reasons other than physical/cognitive
2026-05-26,Alzheimer's Disease Assessment Scale-Cognitive CDISC Version Functional Test,C100762,C100762,C222259,QRS;Functional Assessment;Alzheimer's Disease Assessment Scale-Cognitive CDISC Version Functional Test;ADAS-Cog;ADC,,,"The CDISC version of the Alzheimer's Disease Assessment Scale-Cognitive (CDISC ADAS-Cog) containing 15 summary-level tests. This version is based on combining the total pool of ADAS-Cog tests that were observed during a review of multiple case report forms administered in clinical trials of Alzheimer's disease, as well as the CRF administered in the Alzheimer's Disease Neuroimaging Initiative (ADNI) observational study. (Modified from Mohs RC, Rosen WG, Davis KL. The Alzheimer's disease assessment scale: an instrument for assessing treatment efficacy. Psychopharmacol Bull 1983;19(3):448-450. Rosen WG, Mohs RC, Davis KL. A new rating scale for Alzheimer's disease. Am J Psychiatry 1984;141(11):1356-1364. Mohs RC, Knopman D, Petersen RC et al. Development of cognitive instruments for use in clinical trials of antidementia drugs: additions to the Alzheimer's Disease Assessment Scale that broaden its scope. The Alzheimer's Disease Cooperative Study. Alzheimer Dis Assoc Disord 1997;11 Suppl 2:S13-S21. Wouters H, van Gool WA, Schmand B, Lindeboom R. Revising the ADAS-cog for a more accurate assessment of cognitive impairment. Alzheimer Dis Assoc Disord 2008;22(3):236-244.).",,,,C25372,C25372,Category,string,EQ-5D-5L
2026-05-26,Alzheimer's Disease Assessment Scale-Cognitive CDISC Version Functional Test,C100762,C100762,C222259,QRS;Functional Assessment;Alzheimer's Disease Assessment Scale-Cognitive CDISC Version Functional Test;ADAS-Cog;ADC,,,"The CDISC version of the Alzheimer's Disease Assessment Scale-Cognitive (CDISC ADAS-Cog) containing 15 summary-level tests. This version is based on combining the total pool of ADAS-Cog tests that were observed during a review of multiple case report forms administered in clinical trials of Alzheimer's disease, as well as the CRF administered in the Alzheimer's Disease Neuroimaging Initiative (ADNI) observational study. (Modified from Mohs RC, Rosen WG, Davis KL. The Alzheimer's disease assessment scale: an instrument for assessing treatment efficacy. Psychopharmacol Bull 1983;19(3):448-450. Rosen WG, Mohs RC, Davis KL. A new rating scale for Alzheimer's disease. Am J Psychiatry 1984;141(11):1356-1364. Mohs RC, Knopman D, Petersen RC et al. Development of cognitive instruments for use in clinical trials of antidementia drugs: additions to the Alzheimer's Disease Assessment Scale that broaden its scope. The Alzheimer's Disease Cooperative Study. Alzheimer Dis Assoc Disord 1997;11 Suppl 2:S13-S21. Wouters H, van Gool WA, Schmand B, Lindeboom R. Revising the ADAS-cog for a more accurate assessment of cognitive impairment. Alzheimer Dis Assoc Disord 2008;22(3):236-244.).",,,,C82515,C82515,Collection Date Time,datetime,
2026-05-26,Assay,C60819,C60819,,Laboratory Tests;Mixed Category Laboratory Procedure;Assay,,,A qualitative or quantitative analysis performed to determine the amount of a particular constituent in a sample or the biological or pharmacological properties or activity of a drug or substance.,,,,,,,,
2026-05-26,Bartholin's Gland Abnormality Indicator,C154880,C154880,C181043,Reproductive Findings;Clinical Findings Indicator;Indicator,BTHGLIND;Abnormal Indicator,Nominal,An indication as to whether the Bartholin's gland is abnormal.,,,,C70856,C70856,Observation Result,string,N;Y;U
2026-05-26,Bartholin's Gland Abnormality Indicator,C154880,C154880,C181043,Reproductive Findings;Clinical Findings Indicator;Indicator,BTHGLIND;Abnormal Indicator,Nominal,An indication as to whether the Bartholin's gland is abnormal.,,,,C82515,C82515,Collection Date Time,datetime,
2026-05-26,Bleeding or Spotting Between Menstrual Periods Indicator,C189352,C189352,C154889,Reproductive Findings;Clinical Findings Indicator;Indicator,BSBMPIND;Bleed/Spot Between Menstrual Periods Ind,Nominal,An indication as to whether the individual has experienced bleeding or spotting between menstrual periods.,,,,C82515,C82515,Collection Date Time,datetime,
2026-05-26,Bleeding or Spotting Between Menstrual Periods Indicator,C189352,C189352,C154889,Reproductive Findings;Clinical Findings Indicator;Indicator,BSBMPIND;Bleed/Spot Between Menstrual Periods Ind,Nominal,An indication as to whether the individual has experienced bleeding or spotting between menstrual periods.,,,,C70856,C70856,Observation Result,string,N;Y;U
2026-05-26,Blistering Indicator,C122195,C122195,C119241,Symptom Indicator;Skin Response;Reproductive Findings,BLISTIND,Nominal,Specifies whether blistering occurred.,,,,C82515,C82515,Collection Date Time,datetime,
2026-05-26,Blistering Indicator,C122195,C122195,C119241,Symptom Indicator;Skin Response;Reproductive Findings,BLISTIND,Nominal,Specifies whether blistering occurred.,,,,C13717,C13717,Anatomic Site,string,
2026-05-26,Blistering Indicator,C122195,C122195,C119241,Symptom Indicator;Skin Response;Reproductive Findings,BLISTIND,Nominal,Specifies whether blistering occurred.,,,,C25185,C25185,Laterality,string,
2026-05-26,Blistering Indicator,C122195,C122195,C119241,Symptom Indicator;Skin Response;Reproductive Findings,BLISTIND,Nominal,Specifies whether blistering occurred.,,,,C70856,C70856,Observation Result,string,N;U;Y
2026-05-26,Blistering Indicator,C122195,C122195,C119241,Symptom Indicator;Skin Response;Reproductive Findings,BLISTIND,Nominal,Specifies whether blistering occurred.,,,,C82546,C82546,Observation Object,string,
2026-05-26,Blistering Indicator,C122195,C122195,C119241,Symptom Indicator;Skin Response;Reproductive Findings,BLISTIND,Nominal,Specifies whether blistering occurred.,,,,C82535,C82535,Test Method,string,
2026-05-26,Blood Pressure,C54706,C54706,C49672,Vital Signs;Blood Pressure,BP,,The pressure of the circulating blood against the walls of the blood vessels.,,,,,,,,
2026-05-26,Body Surface Area,C25157,C25157,C19332,Vital Signs;Body Measurements,BSA,Quantitative,"A measure of the 2-dimensional extent of the body surface (i.e., the skin). Body surface area (BSA) can be calculated by mathematical formula or from a chart that relates height to weight. BSA is often an important factor in dosing.",http://loinc.org/,LOINC,8277-6,C82515,C82515,Collection Date Time,datetime,
2026-05-26,Body Surface Area,C25157,C25157,C19332,Vital Signs;Body Measurements,BSA,Quantitative,"A measure of the 2-dimensional extent of the body surface (i.e., the skin). Body surface area (BSA) can be calculated by mathematical formula or from a chart that relates height to weight. BSA is often an important factor in dosing.",http://loinc.org/,LOINC,8277-6,C70856,C70856,Observation Result,decimal,
2026-05-26,Body Surface Area,C25157,C25157,C19332,Vital Signs;Body Measurements,BSA,Quantitative,"A measure of the 2-dimensional extent of the body surface (i.e., the skin). Body surface area (BSA) can be calculated by mathematical formula or from a chart that relates height to weight. BSA is often an important factor in dosing.",http://loinc.org/,LOINC,8277-6,C48037,C48037,Unit of Area,string,m2
2026-05-26,Bone Marrow Disease Involvement Indicator,C135477,C135477,C181043,Oncology Standards;Disease Response;Disease Response Criteria;Disease Response and Clinical Classification;RS;LUGANO CLASSIFICATION,BMIVLIND;Bone Marrow Involvement Indicator,Nominal,An indication as to whether disease is present in the bone marrow.,,,,C51824,C51824,Evaluator,string,Investigator;Independent Assessor
2026-05-26,Bone Marrow Disease Involvement Indicator,C135477,C135477,C181043,Oncology Standards;Disease Response;Disease Response Criteria;Disease Response and Clinical Classification;RS;LUGANO CLASSIFICATION,BMIVLIND;Bone Marrow Involvement Indicator,Nominal,An indication as to whether disease is present in the bone marrow.,,,,C70856,C70856,Observation Result,string,N;U;Y
2026-05-26,Bone Marrow Disease Involvement Indicator,C135477,C135477,C181043,Oncology Standards;Disease Response;Disease Response Criteria;Disease Response and Clinical Classification;RS;LUGANO CLASSIFICATION,BMIVLIND;Bone Marrow Involvement Indicator,Nominal,An indication as to whether disease is present in the bone marrow.,,,,C25372,C25372,Category,string,LUGANO CLASSIFICATION
2026-05-26,Bone Marrow Disease Involvement Indicator,C135477,C135477,C181043,Oncology Standards;Disease Response;Disease Response Criteria;Disease Response and Clinical Classification;RS;LUGANO CLASSIFICATION,BMIVLIND;Bone Marrow Involvement Indicator,Nominal,An indication as to whether disease is present in the bone marrow.,,,,C117043,C117043,Evaluator Identifier,string,Radiologist 1;Radiologist 2;Radiologist 3;Hematologist 1;Hematologist 2
2026-05-26,Bone Marrow Disease Involvement Indicator,C135477,C135477,C181043,Oncology Standards;Disease Response;Disease Response Criteria;Disease Response and Clinical Classification;RS;LUGANO CLASSIFICATION,BMIVLIND;Bone Marrow Involvement Indicator,Nominal,An indication as to whether disease is present in the bone marrow.,,,,C82515,C82515,Collection Date Time,datetime,
2026-05-26,Child-Pugh Clinical Classification,C121007,C121007,C118969,QRS;Clinical or Research Assessment Classification;Child-Pugh Clinical Classification;CHILD-PUGH CLASSIFICATION;Child-Pugh;CPS01;Child-Pugh Clinical Classification Question,Child-Pugh;CHILD-PUGH CLASSIFICATION;Child-Pugh Classification;Child-Pugh Score;CPS01,,"A standardized rating scale used to assess the severity of liver cirrhosis and determine the prognosis, the required strength of treatment, and the necessity of liver transplantation. This instrument uses the following clinical and lab criteria: encephalopathy grade, ascites, bilirubin, albumin, and prothrombin index.",,,,C25372,C25372,Category,string,CHILD-PUGH CLASSIFICATION
2026-05-26,Child-Pugh Clinical Classification,C121007,C121007,C118969,QRS;Clinical or Research Assessment Classification;Child-Pugh Clinical Classification;CHILD-PUGH CLASSIFICATION;Child-Pugh;CPS01;Child-Pugh Clinical Classification Question,Child-Pugh;CHILD-PUGH CLASSIFICATION;Child-Pugh Classification;Child-Pugh Score;CPS01,,"A standardized rating scale used to assess the severity of liver cirrhosis and determine the prognosis, the required strength of treatment, and the necessity of liver transplantation. This instrument uses the following clinical and lab criteria: encephalopathy grade, ascites, bilirubin, albumin, and prothrombin index.",,,,C82525,C82525,Test Occurrence,string,N;Y
2026-05-26,Child-Pugh Clinical Classification,C121007,C121007,C118969,QRS;Clinical or Research Assessment Classification;Child-Pugh Clinical Classification;CHILD-PUGH CLASSIFICATION;Child-Pugh;CPS01;Child-Pugh Clinical Classification Question,Child-Pugh;CHILD-PUGH CLASSIFICATION;Child-Pugh Classification;Child-Pugh Score;CPS01,,"A standardized rating scale used to assess the severity of liver cirrhosis and determine the prognosis, the required strength of treatment, and the necessity of liver transplantation. This instrument uses the following clinical and lab criteria: encephalopathy grade, ascites, bilirubin, albumin, and prothrombin index.",,,,C82515,C82515,Collection Date Time,datetime,
2026-05-26,Childbearing Potential,C106508,C106508,C19332,Reproductive Findings,CHILDPOT,Nominal,An indicator as to whether the female subject has the potential to become pregnant.,,,,C70856,C70856,Observation Result,string,N;Y;U
2026-05-26,Childbearing Potential,C106508,C106508,C19332,Reproductive Findings,CHILDPOT,Nominal,An indicator as to whether the female subject has the potential to become pregnant.,,,,C82515,C82515,Collection Date Time,datetime,
2026-05-26,Clinical or Research Functional Assessment Tool,C222260,C222260,,QRS;Functional Assessment,,,Any evaluation or assessment tool used to ascertain the physical capacities or deficits of an individual.,,,,,,,,
2026-05-26,Cognitive Assessment Tool,C222259,C222259,,QRS;Functional Assessment,,,Any evaluation or assessment tool used to ascertain the cognitive capacities or deficits of an individual.,,,,,,,,
2026-05-26,Combat Exposure Scale Questionnaire,C132532,C132532,C91105,QRS;Clinical or Research Assessment Questionnaire;Combat Exposure Scale Questionnaire;CES;CES01,CES;CES01,,"A standardized 7-item self-report scale that was developed by Keane et al in 1989 to measure combat exposure. The instrument is derived from Figley's combat scale (1980), with additional items included by consensus of a group of clinical psychologists with experience in the assessment and treatment of combat-related PTSD. The items are weighted according to the severity of the combat experience.",,,,C82515,C82515,Collection Date Time,datetime,
2026-05-26,Combat Exposure Scale Questionnaire,C132532,C132532,C91105,QRS;Clinical or Research Assessment Questionnaire;Combat Exposure Scale Questionnaire;CES;CES01,CES;CES01,,"A standardized 7-item self-report scale that was developed by Keane et al in 1989 to measure combat exposure. The instrument is derived from Figley's combat scale (1980), with additional items included by consensus of a group of clinical psychologists with experience in the assessment and treatment of combat-related PTSD. The items are weighted according to the severity of the combat experience.",,,,C25372,C25372,Category,string,CES
2026-05-26,Combat Exposure Scale Questionnaire,C132532,C132532,C91105,QRS;Clinical or Research Assessment Questionnaire;Combat Exposure Scale Questionnaire;CES;CES01,CES;CES01,,"A standardized 7-item self-report scale that was developed by Keane et al in 1989 to measure combat exposure. The instrument is derived from Figley's combat scale (1980), with additional items included by consensus of a group of clinical psychologists with experience in the assessment and treatment of combat-related PTSD. The items are weighted according to the severity of the combat experience.",,,,C82525,C82525,Test Occurrence,string,N;Y
2026-05-26,Condom Use for Most Recent Sexual Intercourse Indicator,C181526,C181526,C25180,Reproductive Findings;Clinical Findings Indicator;Indicator,CNDMIND;Condom Use Most Recent Sex Interc Ind,Nominal,An indication as to whether a condom was used during the most recent occurrence of sexual intercourse.,,,,C82515,C82515,Collection Date Time,datetime,
2026-05-26,Condom Use for Most Recent Sexual Intercourse Indicator,C181526,C181526,C25180,Reproductive Findings;Clinical Findings Indicator;Indicator,CNDMIND;Condom Use Most Recent Sex Interc Ind,Nominal,An indication as to whether a condom was used during the most recent occurrence of sexual intercourse.,,,,C70856,C70856,Observation Result,string,N;Y;U
2026-05-26,Confluent Tumor Masses Assessment,C225437,C225437,C90479,Oncology Standards;Tumor/Lesion Identification;TU;RECIST 1.1,TUMERGE;Tumor Merged,Nominal,An assessment as to whether multiple tumors have coalesced into one tumor.,,,,C117043,C117043,Evaluator Identifier,string,Radiologist 1;Radiologist 2;Radiologist 3
2026-05-26,Confluent Tumor Masses Assessment,C225437,C225437,C90479,Oncology Standards;Tumor/Lesion Identification;TU;RECIST 1.1,TUMERGE;Tumor Merged,Nominal,An assessment as to whether multiple tumors have coalesced into one tumor.,,,,C51824,C51824,Evaluator,string,Investigator
2026-05-26,Confluent Tumor Masses Assessment,C225437,C225437,C90479,Oncology Standards;Tumor/Lesion Identification;TU;RECIST 1.1,TUMERGE;Tumor Merged,Nominal,An assessment as to whether multiple tumors have coalesced into one tumor.,,,,C25185,C25185,Laterality,string,Right;Left
2026-05-26,Confluent Tumor Masses Assessment,C225437,C225437,C90479,Oncology Standards;Tumor/Lesion Identification;TU;RECIST 1.1,TUMERGE;Tumor Merged,Nominal,An assessment as to whether multiple tumors have coalesced into one tumor.,,,,C117436,C117436,Tumor Identifier Link Identifier,string,T02/T03
2026-05-26,Confluent Tumor Masses Assessment,C225437,C225437,C90479,Oncology Standards;Tumor/Lesion Identification;TU;RECIST 1.1,TUMERGE;Tumor Merged,Nominal,An assessment as to whether multiple tumors have coalesced into one tumor.,,,,C82535,C82535,Test Method,string,MRI;CT Scan;Ultrasound;Photography
2026-05-26,Confluent Tumor Masses Assessment,C225437,C225437,C90479,Oncology Standards;Tumor/Lesion Identification;TU;RECIST 1.1,TUMERGE;Tumor Merged,Nominal,An assessment as to whether multiple tumors have coalesced into one tumor.,,,,C54215,C54215,Directionality,string,Upper
2026-05-26,Confluent Tumor Masses Assessment,C225437,C225437,C90479,Oncology Standards;Tumor/Lesion Identification;TU;RECIST 1.1,TUMERGE;Tumor Merged,Nominal,An assessment as to whether multiple tumors have coalesced into one tumor.,,,,C82515,C82515,Collection Date Time,datetime,
2026-05-26,Confluent Tumor Masses Assessment,C225437,C225437,C90479,Oncology Standards;Tumor/Lesion Identification;TU;RECIST 1.1,TUMERGE;Tumor Merged,Nominal,An assessment as to whether multiple tumors have coalesced into one tumor.,,,,C117442,C117442,Tumor Identifier Reference Identifier,string,IMG-00001;IMG-00002
2026-05-26,Confluent Tumor Masses Assessment,C225437,C225437,C90479,Oncology Standards;Tumor/Lesion Identification;TU;RECIST 1.1,TUMERGE;Tumor Merged,Nominal,An assessment as to whether multiple tumors have coalesced into one tumor.,,,,C170500,C170500,Result Anatomical Location,string,"Supraclavicular Lymph Node;Thoracic Lymph Node;Thyroid Gland;Skin of the Trunk;Mediastinal Lymph Node;Cerebellum;Lung, Left Lower Lobe;Femoral Lymph Node"
2026-05-26,Confluent Tumor Masses Assessment,C225437,C225437,C90479,Oncology Standards;Tumor/Lesion Identification;TU;RECIST 1.1,TUMERGE;Tumor Merged,Nominal,An assessment as to whether multiple tumors have coalesced into one tumor.,,,,C70856,C70856,Observation Result,string,Target
2026-05-26,Congenital Abnormality Indicator,C122187,C122187,C93491,Reproductive Findings;Clinical Findings Indicator;Indicator,CABNIND;Abnormal Indicator,Nominal,Specifies whether any abnormality was present at birth or during the neonatal period.,,,,C70856,C70856,Observation Result,string,N;Y;U
2026-05-26,Congenital Abnormality Indicator,C122187,C122187,C93491,Reproductive Findings;Clinical Findings Indicator;Indicator,CABNIND;Abnormal Indicator,Nominal,Specifies whether any abnormality was present at birth or during the neonatal period.,,,,C82515,C82515,Collection Date Time,datetime,
2026-05-26,Death Certification Indicator,C135385,C135385,C25180,Death Diagnosis and Details;Indicator,DTHCOIND;Death Certificate Obtained Indicator,Nominal,An indication as to whether a death certificate was obtained.,,,,C82515,C82515,Collection Date Time,datetime,
2026-05-26,Death Certification Indicator,C135385,C135385,C25180,Death Diagnosis and Details;Indicator,DTHCOIND;Death Certificate Obtained Indicator,Nominal,An indication as to whether a death certificate was obtained.,,,,C70856,C70856,Observation Result,string,N;Y;U
2026-05-26,Death Expected Indicator,C184505,C184505,C93565,Death Diagnosis and Details;Expected Indicator,DTHEXIND,Nominal,An indication as to whether the death was expected.,,,,C82515,C82515,Collection Date Time,datetime,
2026-05-26,Death Expected Indicator,C184505,C184505,C93565,Death Diagnosis and Details;Expected Indicator,DTHEXIND,Nominal,An indication as to whether the death was expected.,,,,C70856,C70856,Observation Result,string,N;Y;U
2026-05-26,Death Witnessed Indicator,C170571,C170571,C25180,Death Diagnosis and Details;Indicator,DTHWIND,Nominal,An indication as to whether the death event was witnessed by another individual.,,,,C70856,C70856,Observation Result,string,N;Y;U
2026-05-26,Death Witnessed Indicator,C170571,C170571,C25180,Death Diagnosis and Details;Indicator,DTHWIND,Nominal,An indication as to whether the death event was witnessed by another individual.,,,,C82515,C82515,Collection Date Time,datetime,
2026-05-26,Discharge Indicator,C154888,C154888,C25180,Reproductive Findings;Clinical Findings Indicator;Indicator,DSCHGIND,Nominal,An indication as to whether there is the presence of discharge.,,,,C82515,C82515,Collection Date Time,datetime,
2026-05-26,Discharge Indicator,C154888,C154888,C25180,Reproductive Findings;Clinical Findings Indicator;Indicator,DSCHGIND,Nominal,An indication as to whether there is the presence of discharge.,,,,C70856,C70856,Observation Result,string,N;Y;U
2026-05-26,Discharge Indicator,C154888,C154888,C25180,Reproductive Findings;Clinical Findings Indicator;Indicator,DSCHGIND,Nominal,An indication as to whether there is the presence of discharge.,,,,C25185,C25185,Laterality,string,Left;Right
2026-05-26,Discharge Indicator,C154888,C154888,C25180,Reproductive Findings;Clinical Findings Indicator;Indicator,DSCHGIND,Nominal,An indication as to whether there is the presence of discharge.,,,,C13717,C13717,Anatomic Site,string,
2026-05-26,Disease Indication Under Study Contributed to Death Indicator,C199843,C199843,C25180,Death Diagnosis and Details;Indicator,CUSCDIND;Cond Under Study Contrib to Death Ind;Condition Under Study Contributed to Death Indicator,Nominal,An indication as to whether the disease or condition under study contributed to the cause of death.,,,,C82515,C82515,Collection Date Time,datetime,
2026-05-26,Disease Indication Under Study Contributed to Death Indicator,C199843,C199843,C25180,Death Diagnosis and Details;Indicator,CUSCDIND;Cond Under Study Contrib to Death Ind;Condition Under Study Contributed to Death Indicator,Nominal,An indication as to whether the disease or condition under study contributed to the cause of death.,,,,C70856,C70856,Observation Result,string,N;Y;U
2026-05-26,Eastern Cooperative Oncology Group Performance Status Clinical Classification,C102116,C102116,C118969,QRS;Clinical or Research Assessment Classification;Eastern Cooperative Oncology Group Performance Status Clinical Classification;ECOG;ECOG1,ECOG,,"A standardized classification scale, published by Oken et al. in 1982 for the Eastern Cooperative Oncology Group (ECOG), that utilizes a six point rating scale to assess a patient's functional status.",,,,C25372,C25372,Category,string,ECOG
2026-05-26,Eastern Cooperative Oncology Group Performance Status Clinical Classification,C102116,C102116,C118969,QRS;Clinical or Research Assessment Classification;Eastern Cooperative Oncology Group Performance Status Clinical Classification;ECOG;ECOG1,ECOG,,"A standardized classification scale, published by Oken et al. in 1982 for the Eastern Cooperative Oncology Group (ECOG), that utilizes a six point rating scale to assess a patient's functional status.",,,,C82525,C82525,Test Occurrence,string,N;Y
2026-05-26,Eastern Cooperative Oncology Group Performance Status Clinical Classification,C102116,C102116,C118969,QRS;Clinical or Research Assessment Classification;Eastern Cooperative Oncology Group Performance Status Clinical Classification;ECOG;ECOG1,ECOG,,"A standardized classification scale, published by Oken et al. in 1982 for the Eastern Cooperative Oncology Group (ECOG), that utilizes a six point rating scale to assess a patient's functional status.",,,,C82515,C82515,Collection Date Time,datetime,
2026-05-26,Ecchymosis Indicator,C154884,C154884,C119241,Reproductive Findings;Clinical Findings Indicator;Indicator,ECCHYIND,Nominal,An indication as to whether ecchymosis is present.,,,,C25185,C25185,Laterality,string,Left;Right
2026-05-26,Ecchymosis Indicator,C154884,C154884,C119241,Reproductive Findings;Clinical Findings Indicator;Indicator,ECCHYIND,Nominal,An indication as to whether ecchymosis is present.,,,,C13717,C13717,Anatomic Site,string,
2026-05-26,Ecchymosis Indicator,C154884,C154884,C119241,Reproductive Findings;Clinical Findings Indicator;Indicator,ECCHYIND,Nominal,An indication as to whether ecchymosis is present.,,,,C82515,C82515,Collection Date Time,datetime,
2026-05-26,Ecchymosis Indicator,C154884,C154884,C119241,Reproductive Findings;Clinical Findings Indicator;Indicator,ECCHYIND,Nominal,An indication as to whether ecchymosis is present.,,,,C70856,C70856,Observation Result,string,N;Y;U
2026-05-26,Edema Indicator,C154885,C154885,C119241,Reproductive Findings;Clinical Findings Indicator;Indicator,EDEMAIND,Nominal,An indication as to whether edema is present.,,,,C70856,C70856,Observation Result,string,N;Y;U
2026-05-26,Edema Indicator,C154885,C154885,C119241,Reproductive Findings;Clinical Findings Indicator;Indicator,EDEMAIND,Nominal,An indication as to whether edema is present.,,,,C82515,C82515,Collection Date Time,datetime,
2026-05-26,Edema Indicator,C154885,C154885,C119241,Reproductive Findings;Clinical Findings Indicator;Indicator,EDEMAIND,Nominal,An indication as to whether edema is present.,,,,C13717,C13717,Anatomic Site,string,
2026-05-26,Edema Indicator,C154885,C154885,C119241,Reproductive Findings;Clinical Findings Indicator;Indicator,EDEMAIND,Nominal,An indication as to whether edema is present.,,,,C25185,C25185,Laterality,string,Left;Right
2026-05-26,Erythema Indicator,C154877,C154877,C119241,Reproductive Findings;Clinical Findings Indicator;Indicator,ERYTHIND;Redness Indicator,Nominal,An indication as to whether erythema is present.,,,,C25185,C25185,Laterality,string,Left;Right
2026-05-26,Erythema Indicator,C154877,C154877,C119241,Reproductive Findings;Clinical Findings Indicator;Indicator,ERYTHIND;Redness Indicator,Nominal,An indication as to whether erythema is present.,,,,C82515,C82515,Collection Date Time,datetime,
2026-05-26,Erythema Indicator,C154877,C154877,C119241,Reproductive Findings;Clinical Findings Indicator;Indicator,ERYTHIND;Redness Indicator,Nominal,An indication as to whether erythema is present.,,,,C13717,C13717,Anatomic Site,string,
2026-05-26,Erythema Indicator,C154877,C154877,C119241,Reproductive Findings;Clinical Findings Indicator;Indicator,ERYTHIND;Redness Indicator,Nominal,An indication as to whether erythema is present.,,,,C70856,C70856,Observation Result,string,N;Y;U
2026-05-26,Fetal Head Circumference,C158297,C158297,C81255,Vital Signs;Body Measurements;Fetal Body Measurements,FTHDCIRC,Quantitative,A circumferential measurement of the fetal head at the widest point.,http://loinc.org/,LOINC,11984-2,C82515,C82515,Collection Date Time,datetime,
2026-05-26,Fetal Head Circumference,C158297,C158297,C81255,Vital Signs;Body Measurements;Fetal Body Measurements,FTHDCIRC,Quantitative,A circumferential measurement of the fetal head at the widest point.,http://loinc.org/,LOINC,11984-2,C70856,C70856,Observation Result,decimal,
2026-05-26,Fetal Head Circumference,C158297,C158297,C81255,Vital Signs;Body Measurements;Fetal Body Measurements,FTHDCIRC,Quantitative,A circumferential measurement of the fetal head at the widest point.,http://loinc.org/,LOINC,11984-2,C42578,C42578,Unit of Length,string,cm;in;mm
2026-05-26,Fontanelle Closure Indicator,C154909,C154909,C181043,Musculoskeletal Finding;Clinical Findings Indicator,FOCLOIND,Nominal,An indication as to whether the fontanelle is closed.,,,,C82535,C82535,Test Method,string,
2026-05-26,Fontanelle Closure Indicator,C154909,C154909,C181043,Musculoskeletal Finding;Clinical Findings Indicator,FOCLOIND,Nominal,An indication as to whether the fontanelle is closed.,,,,C13717,C13717,Anatomic Site,string,Fontanelle
2026-05-26,Fontanelle Closure Indicator,C154909,C154909,C181043,Musculoskeletal Finding;Clinical Findings Indicator,FOCLOIND,Nominal,An indication as to whether the fontanelle is closed.,,,,C70856,C70856,Observation Result,string,N;Y;U
2026-05-26,Fontanelle Closure Indicator,C154909,C154909,C181043,Musculoskeletal Finding;Clinical Findings Indicator,FOCLOIND,Nominal,An indication as to whether the fontanelle is closed.,,,,C82515,C82515,Collection Date Time,datetime,
2026-05-26,Forced Expiratory Volume in 1 Second,C38084,C38084,C38081,Respiratory System Findings;Pulmonary Function Test,FEV1;FEV1%VC;Forced Expiratory Volume 1 Test;PFT/FEV1;Pulmonary Function Test/Forced Expiratory Volume 1,Quantitative,"A test of lung function, the FEV1 is the volume exhaled during the first second of a forced expiratory maneuver started from the level of total lung capacity. It is the most frequently used index for assessing bronchoconstriction or bronchodilatation.",http://loinc.org/,LOINC,20150-9,C82515,C82515,Collection Date Time,datetime,
2026-05-26,Forced Expiratory Volume in 1 Second,C38084,C38084,C38081,Respiratory System Findings;Pulmonary Function Test,FEV1;FEV1%VC;Forced Expiratory Volume 1 Test;PFT/FEV1;Pulmonary Function Test/Forced Expiratory Volume 1,Quantitative,"A test of lung function, the FEV1 is the volume exhaled during the first second of a forced expiratory maneuver started from the level of total lung capacity. It is the most frequently used index for assessing bronchoconstriction or bronchodilatation.",http://loinc.org/,LOINC,20150-9,C70856,C70856,Observation Result,decimal,
2026-05-26,Forced Expiratory Volume in 1 Second,C38084,C38084,C38081,Respiratory System Findings;Pulmonary Function Test,FEV1;FEV1%VC;Forced Expiratory Volume 1 Test;PFT/FEV1;Pulmonary Function Test/Forced Expiratory Volume 1,Quantitative,"A test of lung function, the FEV1 is the volume exhaled during the first second of a forced expiratory maneuver started from the level of total lung capacity. It is the most frequently used index for assessing bronchoconstriction or bronchodilatation.",http://loinc.org/,LOINC,20150-9,C44279,C44279,Unit of Volume,string,L;mL
2026-05-26,Gravida,C73435,C73435,C19332,Reproductive Findings,GRAVIND;PREGNANT;Gravida Indicator,Nominal,"A woman who currently is pregnant or has been in the past, irrespective of the pregnancy outcome.",,,,C70856,C70856,Observation Result,string,N;Y;U
2026-05-26,Gravida,C73435,C73435,C19332,Reproductive Findings,GRAVIND;PREGNANT;Gravida Indicator,Nominal,"A woman who currently is pregnant or has been in the past, irrespective of the pregnancy outcome.",,,,C82515,C82515,Collection Date Time,datetime,
2026-05-26,Has Menstrual Periods Indicator,C184708,C184708,C25180,Reproductive Findings;Clinical Findings Indicator;Indicator,HMPIND,Nominal,An indication as to whether the subject experiences menstrual cycles.,,,,C70856,C70856,Observation Result,string,N;Y;U
2026-05-26,Has Menstrual Periods Indicator,C184708,C184708,C25180,Reproductive Findings;Clinical Findings Indicator;Indicator,HMPIND,Nominal,An indication as to whether the subject experiences menstrual cycles.,,,,C82515,C82515,Collection Date Time,datetime,
2026-05-26,Hematoma Indicator,C179823,C179823,C181043,Clinical Findings Indicator;Indicator;Urinary System Findings,HEMAIND,Nominal,An indication as to whether a hematoma is present.,,,,C13717,C13717,Anatomic Site,string,
2026-05-26,Hematoma Indicator,C179823,C179823,C181043,Clinical Findings Indicator;Indicator;Urinary System Findings,HEMAIND,Nominal,An indication as to whether a hematoma is present.,,,,C25185,C25185,Laterality,string,Left;Right
2026-05-26,Hematoma Indicator,C179823,C179823,C181043,Clinical Findings Indicator;Indicator;Urinary System Findings,HEMAIND,Nominal,An indication as to whether a hematoma is present.,,,,C70856,C70856,Observation Result,string,N;Y;U
2026-05-26,Hematoma Indicator,C179823,C179823,C181043,Clinical Findings Indicator;Indicator;Urinary System Findings,HEMAIND,Nominal,An indication as to whether a hematoma is present.,,,,C54215,C54215,Directionality,string,Inner;Outer;Anterior;Dorsal;Superior
2026-05-26,Hematoma Indicator,C179823,C179823,C181043,Clinical Findings Indicator;Indicator;Urinary System Findings,HEMAIND,Nominal,An indication as to whether a hematoma is present.,,,,C82515,C82515,Collection Date Time,datetime,
2026-05-26,Hematoma Indicator,C179823,C179823,C181043,Clinical Findings Indicator;Indicator;Urinary System Findings,HEMAIND,Nominal,An indication as to whether a hematoma is present.,,,,C82535,C82535,Test Method,string,X-Ray;CT Scan
2026-05-26,Hemoglobin A1C to Hemoglobin Ratio Measurement,C111207,C111207,C64848,Laboratory Tests;Hematology Tests;Hemoglobin Measurements,Hemoglobin A1C/Hemoglobin;HBA1CHGB,Quantitative,The determination of the ratio of the glycated hemoglobin A1C to total hemoglobin present in a sample. The measurement may be expressed as a ratio or percentage.,,,,C70856,C70856,Observation Result,decimal,
2026-05-26,Hemoglobin A1C to Hemoglobin Ratio Measurement,C111207,C111207,C64848,Laboratory Tests;Hematology Tests;Hemoglobin Measurements,Hemoglobin A1C/Hemoglobin;HBA1CHGB,Quantitative,The determination of the ratio of the glycated hemoglobin A1C to total hemoglobin present in a sample. The measurement may be expressed as a ratio or percentage.,,,,C81268,C81268,Molar Ratio,string,mmol/mol;%
2026-05-26,Hemoglobin A1C to Hemoglobin Ratio Measurement,C111207,C111207,C64848,Laboratory Tests;Hematology Tests;Hemoglobin Measurements,Hemoglobin A1C/Hemoglobin;HBA1CHGB,Quantitative,The determination of the ratio of the glycated hemoglobin A1C to total hemoglobin present in a sample. The measurement may be expressed as a ratio or percentage.,,,,C93566,C93566,Fasting Status Indicator,boolean,
2026-05-26,Hemoglobin A1C to Hemoglobin Ratio Measurement,C111207,C111207,C64848,Laboratory Tests;Hematology Tests;Hemoglobin Measurements,Hemoglobin A1C/Hemoglobin;HBA1CHGB,Quantitative,The determination of the ratio of the glycated hemoglobin A1C to total hemoglobin present in a sample. The measurement may be expressed as a ratio or percentage.,,,,C70713,C70713,Biospecimen Type,string,Blood
2026-05-26,Hemoglobin A1C to Hemoglobin Ratio Measurement,C111207,C111207,C64848,Laboratory Tests;Hematology Tests;Hemoglobin Measurements,Hemoglobin A1C/Hemoglobin;HBA1CHGB,Quantitative,The determination of the ratio of the glycated hemoglobin A1C to total hemoglobin present in a sample. The measurement may be expressed as a ratio or percentage.,,,,C82515,C82515,Collection Date Time,datetime,
2026-05-26,Hospital Medical Record Indicator,C135386,C135386,C25180,Death Diagnosis and Details;Indicator,HMROIND;Hospital Medical Record Obtained Ind;Hospital Medical Record Obtained Indicator,Nominal,An indication as to whether medical records were obtained from the hospital.,,,,C82515,C82515,Collection Date Time,datetime,
2026-05-26,Hospital Medical Record Indicator,C135386,C135386,C25180,Death Diagnosis and Details;Indicator,HMROIND;Hospital Medical Record Obtained Ind;Hospital Medical Record Obtained Indicator,Nominal,An indication as to whether medical records were obtained from the hospital.,,,,C70856,C70856,Observation Result,string,N;Y;U;NA
2026-05-26,Hospitalized Due to Pregnancy Complication Indicator,C176360,C176360,C25180,Reproductive Findings;Clinical Findings Indicator;Indicator,HSPGCIND;Hosp Due to Pregnancy Complication Ind,Nominal,An indication as to whether the individual was hospitalized due to a pregnancy complication.,,,,C70856,C70856,Observation Result,string,N;Y;U
2026-05-26,Hospitalized Due to Pregnancy Complication Indicator,C176360,C176360,C25180,Reproductive Findings;Clinical Findings Indicator;Indicator,HSPGCIND;Hosp Due to Pregnancy Complication Ind,Nominal,An indication as to whether the individual was hospitalized due to a pregnancy complication.,,,,C82515,C82515,Collection Date Time,datetime,
2026-05-26,Hospitalized at Time of Death Indicator,C198258,C198258,C25180,Death Diagnosis and Details;Indicator,HSDTHIND,Nominal,An indication as to whether the subject was hospitalized at the time of death.,,,,C70856,C70856,Observation Result,string,N;Y;U
2026-05-26,Hospitalized at Time of Death Indicator,C198258,C198258,C25180,Death Diagnosis and Details;Indicator,HSDTHIND,Nominal,An indication as to whether the subject was hospitalized at the time of death.,,,,C82515,C82515,Collection Date Time,datetime,
2026-05-26,Individual Surgically Sterile Indicator,C189355,C189355,C25180,Reproductive Findings;Clinical Findings Indicator;Indicator,SRGSTIND;Surgically Sterile Indicator,Nominal,An indication as to whether the individual has been surgically sterilized.,,,,C70856,C70856,Observation Result,string,N;Y;U
2026-05-26,Individual Surgically Sterile Indicator,C189355,C189355,C25180,Reproductive Findings;Clinical Findings Indicator;Indicator,SRGSTIND;Surgically Sterile Indicator,Nominal,An indication as to whether the individual has been surgically sterilized.,,,,C82515,C82515,Collection Date Time,datetime,
2026-05-26,Induced Abortion Indicator,C156588,C156588,C25180,Reproductive Findings;Clinical Findings Indicator;Indicator,INABOIND,Nominal,An indication as to whether the female subject has had an induced abortion procedure.,,,,C70856,C70856,Observation Result,string,N;Y;U
2026-05-26,Induced Abortion Indicator,C156588,C156588,C25180,Reproductive Findings;Clinical Findings Indicator;Indicator,INABOIND,Nominal,An indication as to whether the female subject has had an induced abortion procedure.,,,,C82515,C82515,Collection Date Time,datetime,
2026-05-26,Infertility Indicator,C189356,C189356,C25180,Reproductive Findings;Clinical Findings Indicator;Indicator,INFRTIND,Nominal,An indication as to whether the individual has experienced infertility.,,,,C82515,C82515,Collection Date Time,datetime,
2026-05-26,Infertility Indicator,C189356,C189356,C25180,Reproductive Findings;Clinical Findings Indicator;Indicator,INFRTIND,Nominal,An indication as to whether the individual has experienced infertility.,,,,C70856,C70856,Observation Result,string,N;Y;U
2026-05-26,Irregular Menstrual Periods Indicator,C189353,C189353,C25180,Reproductive Findings;Clinical Findings Indicator;Indicator,IRRMPIND,Nominal,An indication as to whether the individual has experienced irregular menstrual periods.,,,,C70856,C70856,Observation Result,string,N;Y;U
2026-05-26,Irregular Menstrual Periods Indicator,C189353,C189353,C25180,Reproductive Findings;Clinical Findings Indicator;Indicator,IRRMPIND,Nominal,An indication as to whether the individual has experienced irregular menstrual periods.,,,,C82515,C82515,Collection Date Time,datetime,
2026-05-26,Kurtzke Functional Systems Scores Clinical Classification,C112522,C112522,C118969,QRS;Clinical or Research Assessment Classification;Kurtzke Functional Systems Scores Clinical Classification;KFSS;KFSS1,KFSS,,"A standardized rating scale developed by John F. Kurtzke in 1983 to measure the level of functioning in people with multiple sclerosis based on a standard neurological examination. The questionnaire contains 7 functional system; pyramidal functions, cerebellar functions, brainstem functions, sensory function, bowel and bladder function, visual function, and cerebral (or mental) functions. The functional system (FS) scores collected from this questionnaire are used in conjunction with observations and information regarding ambulation and the use of assistive devices to rate the EDSS.",,,,C82515,C82515,Collection Date Time,datetime,
2026-05-26,Kurtzke Functional Systems Scores Clinical Classification,C112522,C112522,C118969,QRS;Clinical or Research Assessment Classification;Kurtzke Functional Systems Scores Clinical Classification;KFSS;KFSS1,KFSS,,"A standardized rating scale developed by John F. Kurtzke in 1983 to measure the level of functioning in people with multiple sclerosis based on a standard neurological examination. The questionnaire contains 7 functional system; pyramidal functions, cerebellar functions, brainstem functions, sensory function, bowel and bladder function, visual function, and cerebral (or mental) functions. The functional system (FS) scores collected from this questionnaire are used in conjunction with observations and information regarding ambulation and the use of assistive devices to rate the EDSS.",,,,C25372,C25372,Category,string,KFSS
2026-05-26,Kurtzke Functional Systems Scores Clinical Classification,C112522,C112522,C118969,QRS;Clinical or Research Assessment Classification;Kurtzke Functional Systems Scores Clinical Classification;KFSS;KFSS1,KFSS,,"A standardized rating scale developed by John F. Kurtzke in 1983 to measure the level of functioning in people with multiple sclerosis based on a standard neurological examination. The questionnaire contains 7 functional system; pyramidal functions, cerebellar functions, brainstem functions, sensory function, bowel and bladder function, visual function, and cerebral (or mental) functions. The functional system (FS) scores collected from this questionnaire are used in conjunction with observations and information regarding ambulation and the use of assistive devices to rate the EDSS.",,,,C82525,C82525,Test Occurrence,string,N;Y
2026-05-26,Lean Body Mass to Total Body Mass Ratio Measurement,C139219,C139219,C19332,Vital Signs;Mass Measurement,LBMTBMR,Quantitative,The proportion of an individual's lean body mass to his total body weight; lean body mass is calculated by subtracting body fat from total body weight.,,,,C70856,C70856,Observation Result,decimal,
2026-05-26,Lean Body Mass to Total Body Mass Ratio Measurement,C139219,C139219,C19332,Vital Signs;Mass Measurement,LBMTBMR,Quantitative,The proportion of an individual's lean body mass to his total body weight; lean body mass is calculated by subtracting body fat from total body weight.,,,,C48570,C48570,Percent Unit,string,RATIO;%
2026-05-26,Lean Body Mass to Total Body Mass Ratio Measurement,C139219,C139219,C19332,Vital Signs;Mass Measurement,LBMTBMR,Quantitative,The proportion of an individual's lean body mass to his total body weight; lean body mass is calculated by subtracting body fat from total body weight.,,,,C82515,C82515,Collection Date Time,datetime,
2026-05-26,Live Birth Indicator,C156589,C156589,C25180,Reproductive Findings;Clinical Findings Indicator;Indicator,BRTLVIND,Nominal,An indication as to whether the subject has delivered live-born offspring.,,,,C70856,C70856,Observation Result,string,N;Y;U
2026-05-26,Live Birth Indicator,C156589,C156589,C25180,Reproductive Findings;Clinical Findings Indicator;Indicator,BRTLVIND,Nominal,An indication as to whether the subject has delivered live-born offspring.,,,,C82515,C82515,Collection Date Time,datetime,
2026-05-26,Location of Death,C124331,C124331,C25341,Death Diagnosis and Details;Location,LOCDTH;Location of Death,Nominal,The physical place at which the subject ceased to live.,,,,C82515,C82515,Collection Date Time,datetime,
2026-05-26,Location of Death,C124331,C124331,C25341,Death Diagnosis and Details;Location,LOCDTH;Location of Death,Nominal,The physical place at which the subject ceased to live.,,,,C70856,C70856,Observation Result,string,Clinic;Home;Hospital
2026-05-26,Longest Diameter,C96684,C96684,C25285,Oncology Standards;Tumor/Lesion Results;TR;RECIST 1.1,LDIAM,Quantitative,The longest possible length of a straight line passing through the center of a circular or spheroid object that connects two points on the circumference.,,,,C51824,C51824,Evaluator,string,Investigator
2026-05-26,Longest Diameter,C96684,C96684,C25285,Oncology Standards;Tumor/Lesion Results;TR;RECIST 1.1,LDIAM,Quantitative,The longest possible length of a straight line passing through the center of a circular or spheroid object that connects two points on the circumference.,,,,C42578,C42578,Unit of Length,string,mm
2026-05-26,Longest Diameter,C96684,C96684,C25285,Oncology Standards;Tumor/Lesion Results;TR;RECIST 1.1,LDIAM,Quantitative,The longest possible length of a straight line passing through the center of a circular or spheroid object that connects two points on the circumference.,,,,C82515,C82515,Collection Date Time,datetime,
2026-05-26,Longest Diameter,C96684,C96684,C25285,Oncology Standards;Tumor/Lesion Results;TR;RECIST 1.1,LDIAM,Quantitative,The longest possible length of a straight line passing through the center of a circular or spheroid object that connects two points on the circumference.,,,,C117043,C117043,Evaluator Identifier,string,Radiologist 1;Radiologist 2;Radiologist 3
2026-05-26,Longest Diameter,C96684,C96684,C25285,Oncology Standards;Tumor/Lesion Results;TR;RECIST 1.1,LDIAM,Quantitative,The longest possible length of a straight line passing through the center of a circular or spheroid object that connects two points on the circumference.,,,,C117413,C117413,Tumor Results Link Identifier,string,T01;NEW01
2026-05-26,Longest Diameter,C96684,C96684,C25285,Oncology Standards;Tumor/Lesion Results;TR;RECIST 1.1,LDIAM,Quantitative,The longest possible length of a straight line passing through the center of a circular or spheroid object that connects two points on the circumference.,,,,C117412,C117412,Tumor Results Link Group,string,A1;A2;A3
2026-05-26,Longest Diameter,C96684,C96684,C25285,Oncology Standards;Tumor/Lesion Results;TR;RECIST 1.1,LDIAM,Quantitative,The longest possible length of a straight line passing through the center of a circular or spheroid object that connects two points on the circumference.,,,,C117419,C117419,Tumor Results Reference Identifier,string,IMG-00001;IMG-00002
2026-05-26,Longest Diameter,C96684,C96684,C25285,Oncology Standards;Tumor/Lesion Results;TR;RECIST 1.1,LDIAM,Quantitative,The longest possible length of a straight line passing through the center of a circular or spheroid object that connects two points on the circumference.,,,,C117411,C117411,Tumor Results Group Identifier,string,Target;New
2026-05-26,Longest Diameter,C96684,C96684,C25285,Oncology Standards;Tumor/Lesion Results;TR;RECIST 1.1,LDIAM,Quantitative,The longest possible length of a straight line passing through the center of a circular or spheroid object that connects two points on the circumference.,,,,C70856,C70856,Observation Result,string,12;15;17;Too Small to Measure
2026-05-26,Longest Diameter,C96684,C96684,C25285,Oncology Standards;Tumor/Lesion Results;TR;RECIST 1.1,LDIAM,Quantitative,The longest possible length of a straight line passing through the center of a circular or spheroid object that connects two points on the circumference.,,,,C82535,C82535,Test Method,string,MRI;CT Scan;Ultrasound;Photography
2026-05-26,Longest Perpendicular,C96685,C96685,C96557,Oncology Standards;Tumor/Lesion Results;TR;RECIST 1.1,LPERP;Short Axis Diameter,Quantitative,The longest possible straight line or plane through a body or figure that is at a right angle to a given line or plane.,,,,C82515,C82515,Collection Date Time,datetime,
2026-05-26,Longest Perpendicular,C96685,C96685,C96557,Oncology Standards;Tumor/Lesion Results;TR;RECIST 1.1,LPERP;Short Axis Diameter,Quantitative,The longest possible straight line or plane through a body or figure that is at a right angle to a given line or plane.,,,,C117043,C117043,Evaluator Identifier,string,Radiologist 1;Radiologist 2;Radiologist 3
2026-05-26,Longest Perpendicular,C96685,C96685,C96557,Oncology Standards;Tumor/Lesion Results;TR;RECIST 1.1,LPERP;Short Axis Diameter,Quantitative,The longest possible straight line or plane through a body or figure that is at a right angle to a given line or plane.,,,,C51824,C51824,Evaluator,string,Investigator
2026-05-26,Longest Perpendicular,C96685,C96685,C96557,Oncology Standards;Tumor/Lesion Results;TR;RECIST 1.1,LPERP;Short Axis Diameter,Quantitative,The longest possible straight line or plane through a body or figure that is at a right angle to a given line or plane.,,,,C117419,C117419,Tumor Results Reference Identifier,string,IMG-00001;IMG-00002
2026-05-26,Longest Perpendicular,C96685,C96685,C96557,Oncology Standards;Tumor/Lesion Results;TR;RECIST 1.1,LPERP;Short Axis Diameter,Quantitative,The longest possible straight line or plane through a body or figure that is at a right angle to a given line or plane.,,,,C117412,C117412,Tumor Results Link Group,string,A1;A2;A3
2026-05-26,Longest Perpendicular,C96685,C96685,C96557,Oncology Standards;Tumor/Lesion Results;TR;RECIST 1.1,LPERP;Short Axis Diameter,Quantitative,The longest possible straight line or plane through a body or figure that is at a right angle to a given line or plane.,,,,C117413,C117413,Tumor Results Link Identifier,string,T01;NEW01
2026-05-26,Longest Perpendicular,C96685,C96685,C96557,Oncology Standards;Tumor/Lesion Results;TR;RECIST 1.1,LPERP;Short Axis Diameter,Quantitative,The longest possible straight line or plane through a body or figure that is at a right angle to a given line or plane.,,,,C42578,C42578,Unit of Length,string,mm
2026-05-26,Longest Perpendicular,C96685,C96685,C96557,Oncology Standards;Tumor/Lesion Results;TR;RECIST 1.1,LPERP;Short Axis Diameter,Quantitative,The longest possible straight line or plane through a body or figure that is at a right angle to a given line or plane.,,,,C117411,C117411,Tumor Results Group Identifier,string,Target;New
2026-05-26,Longest Perpendicular,C96685,C96685,C96557,Oncology Standards;Tumor/Lesion Results;TR;RECIST 1.1,LPERP;Short Axis Diameter,Quantitative,The longest possible straight line or plane through a body or figure that is at a right angle to a given line or plane.,,,,C70856,C70856,Observation Result,string,12;15;17
2026-05-26,Longest Perpendicular,C96685,C96685,C96557,Oncology Standards;Tumor/Lesion Results;TR;RECIST 1.1,LPERP;Short Axis Diameter,Quantitative,The longest possible straight line or plane through a body or figure that is at a right angle to a given line or plane.,,,,C82535,C82535,Test Method,string,MRI;CT Scan;Ultrasound;Photography
2026-05-26,Lymph Node State,C124448,C124448,C135508,Oncology Standards;Tumor/Lesion Results;TR;RECIST 1.1,LNSTATE,Nominal,A condition or state of a lymph node at a particular time.,,,,C70856,C70856,Observation Result,string,Pathological
2026-05-26,Lymph Node State,C124448,C124448,C135508,Oncology Standards;Tumor/Lesion Results;TR;RECIST 1.1,LNSTATE,Nominal,A condition or state of a lymph node at a particular time.,,,,C117043,C117043,Evaluator Identifier,string,Radiologist 1;Radiologist 2;Radiologist 3;Pathologist 1;Pathologist 2
2026-05-26,Lymph Node State,C124448,C124448,C135508,Oncology Standards;Tumor/Lesion Results;TR;RECIST 1.1,LNSTATE,Nominal,A condition or state of a lymph node at a particular time.,,,,C117412,C117412,Tumor Results Link Group,string,A1;A2;A3
2026-05-26,Lymph Node State,C124448,C124448,C135508,Oncology Standards;Tumor/Lesion Results;TR;RECIST 1.1,LNSTATE,Nominal,A condition or state of a lymph node at a particular time.,,,,C117413,C117413,Tumor Results Link Identifier,string,T01;NT01;NEW01
2026-05-26,Lymph Node State,C124448,C124448,C135508,Oncology Standards;Tumor/Lesion Results;TR;RECIST 1.1,LNSTATE,Nominal,A condition or state of a lymph node at a particular time.,,,,C51824,C51824,Evaluator,string,Investigator
2026-05-26,Lymph Node State,C124448,C124448,C135508,Oncology Standards;Tumor/Lesion Results;TR;RECIST 1.1,LNSTATE,Nominal,A condition or state of a lymph node at a particular time.,,,,C82535,C82535,Test Method,string,MRI;CT Scan;Ultrasound;Photography
2026-05-26,Lymph Node State,C124448,C124448,C135508,Oncology Standards;Tumor/Lesion Results;TR;RECIST 1.1,LNSTATE,Nominal,A condition or state of a lymph node at a particular time.,,,,C117419,C117419,Tumor Results Reference Identifier,string,IMG-00001;IMG-00002
2026-05-26,Lymph Node State,C124448,C124448,C135508,Oncology Standards;Tumor/Lesion Results;TR;RECIST 1.1,LNSTATE,Nominal,A condition or state of a lymph node at a particular time.,,,,C117411,C117411,Tumor Results Group Identifier,string,Target;Non-target;New
2026-05-26,Lymph Node State,C124448,C124448,C135508,Oncology Standards;Tumor/Lesion Results;TR;RECIST 1.1,LNSTATE,Nominal,A condition or state of a lymph node at a particular time.,,,,C82515,C82515,Collection Date Time,datetime,
2026-05-26,Mass Indicator,C154886,C154886,C181043,Reproductive Findings;Clinical Findings Indicator;Indicator,MASSIND,Nominal,An indication as to whether a mass is present.,,,,C25185,C25185,Laterality,string,Left;Right
2026-05-26,Mass Indicator,C154886,C154886,C181043,Reproductive Findings;Clinical Findings Indicator;Indicator,MASSIND,Nominal,An indication as to whether a mass is present.,,,,C82515,C82515,Collection Date Time,datetime,
2026-05-26,Mass Indicator,C154886,C154886,C181043,Reproductive Findings;Clinical Findings Indicator;Indicator,MASSIND,Nominal,An indication as to whether a mass is present.,,,,C13717,C13717,Anatomic Site,string,
2026-05-26,Mass Indicator,C154886,C154886,C181043,Reproductive Findings;Clinical Findings Indicator;Indicator,MASSIND,Nominal,An indication as to whether a mass is present.,,,,C70856,C70856,Observation Result,string,N;Y;U
2026-05-26,Matted Tumor Mass Present,C94525,C94525,C82547,Abnormal Finding;Tumor Identification,,Nominal,A finding indicating the presence of a malignant tumor mass that is formed following the spread of a malignant tumor to two or more adjacent lymph nodes and the resulting fusion and enlargement of the lymph nodes.,,,,C54215,C54215,Directionality,string,Upper
2026-05-26,Matted Tumor Mass Present,C94525,C94525,C82547,Abnormal Finding;Tumor Identification,,Nominal,A finding indicating the presence of a malignant tumor mass that is formed following the spread of a malignant tumor to two or more adjacent lymph nodes and the resulting fusion and enlargement of the lymph nodes.,,,,C82515,C82515,Collection Date Time,datetime,
2026-05-26,Matted Tumor Mass Present,C94525,C94525,C82547,Abnormal Finding;Tumor Identification,,Nominal,A finding indicating the presence of a malignant tumor mass that is formed following the spread of a malignant tumor to two or more adjacent lymph nodes and the resulting fusion and enlargement of the lymph nodes.,,,,C70856,C70856,Observation Result,string,Target
2026-05-26,Matted Tumor Mass Present,C94525,C94525,C82547,Abnormal Finding;Tumor Identification,,Nominal,A finding indicating the presence of a malignant tumor mass that is formed following the spread of a malignant tumor to two or more adjacent lymph nodes and the resulting fusion and enlargement of the lymph nodes.,,,,C170500,C170500,Result Anatomical Location,string,"Supraclavicular Lymph Node;Thoracic Lymph Node;Thyroid Gland;Skin of the Trunk;Mediastinal Lymph Node;Cerebellum;Lung, Left Lower Lobe;Femoral Lymph Node"
2026-05-26,Matted Tumor Mass Present,C94525,C94525,C82547,Abnormal Finding;Tumor Identification,,Nominal,A finding indicating the presence of a malignant tumor mass that is formed following the spread of a malignant tumor to two or more adjacent lymph nodes and the resulting fusion and enlargement of the lymph nodes.,,,,C117442,C117442,Tumor Identifier Reference Identifier,string,IMG-00001;IMG-00002
2026-05-26,Matted Tumor Mass Present,C94525,C94525,C82547,Abnormal Finding;Tumor Identification,,Nominal,A finding indicating the presence of a malignant tumor mass that is formed following the spread of a malignant tumor to two or more adjacent lymph nodes and the resulting fusion and enlargement of the lymph nodes.,,,,C82535,C82535,Test Method,string,MRI;CT Scan;Ultrasound;Photography
2026-05-26,Matted Tumor Mass Present,C94525,C94525,C82547,Abnormal Finding;Tumor Identification,,Nominal,A finding indicating the presence of a malignant tumor mass that is formed following the spread of a malignant tumor to two or more adjacent lymph nodes and the resulting fusion and enlargement of the lymph nodes.,,,,C117436,C117436,Tumor Identifier Link Identifier,string,T02/T03
2026-05-26,Matted Tumor Mass Present,C94525,C94525,C82547,Abnormal Finding;Tumor Identification,,Nominal,A finding indicating the presence of a malignant tumor mass that is formed following the spread of a malignant tumor to two or more adjacent lymph nodes and the resulting fusion and enlargement of the lymph nodes.,,,,C117043,C117043,Evaluator Identifier,string,Radiologist 1;Radiologist 2;Radiologist 3
2026-05-26,Matted Tumor Mass Present,C94525,C94525,C82547,Abnormal Finding;Tumor Identification,,Nominal,A finding indicating the presence of a malignant tumor mass that is formed following the spread of a malignant tumor to two or more adjacent lymph nodes and the resulting fusion and enlargement of the lymph nodes.,,,,C25185,C25185,Laterality,string,Right;Left
2026-05-26,Matted Tumor Mass Present,C94525,C94525,C82547,Abnormal Finding;Tumor Identification,,Nominal,A finding indicating the presence of a malignant tumor mass that is formed following the spread of a malignant tumor to two or more adjacent lymph nodes and the resulting fusion and enlargement of the lymph nodes.,,,,C51824,C51824,Evaluator,string,Investigator
2026-05-26,Menarche Indicator,C204694,C204694,C25180,Reproductive Findings;Clinical Findings Indicator;Indicator,MENARIND,Nominal,An indication as to whether the individual's first menstruation event has occurred.,,,,C82515,C82515,Collection Date Time,datetime,
2026-05-26,Menarche Indicator,C204694,C204694,C25180,Reproductive Findings;Clinical Findings Indicator;Indicator,MENARIND,Nominal,An indication as to whether the individual's first menstruation event has occurred.,,,,C70856,C70856,Observation Result,string,N;Y;U
2026-05-26,Micrometastasis Present Indicator,C202140,C202140,C181043,Morphologic Findings;Metastasis,Micrometastasis Indicator;Micrometastasis Present,Nominal,An indication of whether micrometastases were present in a sample.,,,,C70856,C70856,Observation Result,string,Absent;Present
2026-05-26,Micrometastasis Present Indicator,C202140,C202140,C181043,Morphologic Findings;Metastasis,Micrometastasis Indicator;Micrometastasis Present,Nominal,An indication of whether micrometastases were present in a sample.,,,,C82515,C82515,Collection Date Time,datetime,
2026-05-26,Micrometastasis Present Indicator,C202140,C202140,C181043,Morphologic Findings;Metastasis,Micrometastasis Indicator;Micrometastasis Present,Nominal,An indication of whether micrometastases were present in a sample.,,,,C171435,C171435,Specimen Anatomic Site,string,
2026-05-26,Micrometastasis Present Indicator,C202140,C202140,C181043,Morphologic Findings;Metastasis,Micrometastasis Indicator;Micrometastasis Present,Nominal,An indication of whether micrometastases were present in a sample.,,,,C25372,C25372,Category,string,
2026-05-26,Micrometastasis Present Indicator,C202140,C202140,C181043,Morphologic Findings;Metastasis,Micrometastasis Indicator;Micrometastasis Present,Nominal,An indication of whether micrometastases were present in a sample.,,,,C25692,C25692,Subcategory,string,
2026-05-26,Micrometastasis Present Indicator,C202140,C202140,C181043,Morphologic Findings;Metastasis,Micrometastasis Indicator;Micrometastasis Present,Nominal,An indication of whether micrometastases were present in a sample.,,,,C70713,C70713,Biospecimen Type,string,Tissue
2026-05-26,Miscarriage Indicator,C122191,C122191,C25180,Reproductive Findings;Clinical Findings Indicator;Indicator,MSCRGIND,Nominal,Specifies whether any pregnancies resulted in miscarriages.,,,,C70856,C70856,Observation Result,string,N;Y;U
2026-05-26,Miscarriage Indicator,C122191,C122191,C25180,Reproductive Findings;Clinical Findings Indicator;Indicator,MSCRGIND,Nominal,Specifies whether any pregnancies resulted in miscarriages.,,,,C82515,C82515,Collection Date Time,datetime,
2026-05-26,Motion Tenderness Indicator,C154887,C154887,C25180,Reproductive Findings;Clinical Findings Indicator;Indicator,MTENDIND,Nominal,An indication as to whether there are symptoms of motion tenderness.,,,,C25185,C25185,Laterality,string,Left;Right
2026-05-26,Motion Tenderness Indicator,C154887,C154887,C25180,Reproductive Findings;Clinical Findings Indicator;Indicator,MTENDIND,Nominal,An indication as to whether there are symptoms of motion tenderness.,,,,C13717,C13717,Anatomic Site,string,
2026-05-26,Motion Tenderness Indicator,C154887,C154887,C25180,Reproductive Findings;Clinical Findings Indicator;Indicator,MTENDIND,Nominal,An indication as to whether there are symptoms of motion tenderness.,,,,C70856,C70856,Observation Result,string,N;Y;U
2026-05-26,Motion Tenderness Indicator,C154887,C154887,C25180,Reproductive Findings;Clinical Findings Indicator;Indicator,MTENDIND,Nominal,An indication as to whether there are symptoms of motion tenderness.,,,,C82515,C82515,Collection Date Time,datetime,
2026-05-26,New Lesion Indicator,C142362,C142362,C181043,Oncology Standards;Disease Response;Disease Response Criteria;Disease Response and Clinical Classification;RS;iRECIST;LUGANO CLASSIFICATION;RANO;IRANO 2015,NEWLIND,Nominal,"An indication as to whether a lesion is newly identified, in comparison to a previous timepoint.",,,,C117043,C117043,Evaluator Identifier,string,Radiologist 1;Radiologist 2;Radiologist 3
2026-05-26,New Lesion Indicator,C142362,C142362,C181043,Oncology Standards;Disease Response;Disease Response Criteria;Disease Response and Clinical Classification;RS;iRECIST;LUGANO CLASSIFICATION;RANO;IRANO 2015,NEWLIND,Nominal,"An indication as to whether a lesion is newly identified, in comparison to a previous timepoint.",,,,C51824,C51824,Evaluator,string,Investigator;Independent Assessor
2026-05-26,New Lesion Indicator,C142362,C142362,C181043,Oncology Standards;Disease Response;Disease Response Criteria;Disease Response and Clinical Classification;RS;iRECIST;LUGANO CLASSIFICATION;RANO;IRANO 2015,NEWLIND,Nominal,"An indication as to whether a lesion is newly identified, in comparison to a previous timepoint.",,,,C70856,C70856,Observation Result,string,N;U;Y
2026-05-26,New Lesion Indicator,C142362,C142362,C181043,Oncology Standards;Disease Response;Disease Response Criteria;Disease Response and Clinical Classification;RS;iRECIST;LUGANO CLASSIFICATION;RANO;IRANO 2015,NEWLIND,Nominal,"An indication as to whether a lesion is newly identified, in comparison to a previous timepoint.",,,,C25372,C25372,Category,string,LUGANO CLASSIFICATION;iRECIST;RANO;IRANO 2015
2026-05-26,New Lesion Indicator,C142362,C142362,C181043,Oncology Standards;Disease Response;Disease Response Criteria;Disease Response and Clinical Classification;RS;iRECIST;LUGANO CLASSIFICATION;RANO;IRANO 2015,NEWLIND,Nominal,"An indication as to whether a lesion is newly identified, in comparison to a previous timepoint.",,,,C82515,C82515,Collection Date Time,datetime,
2026-05-26,Non-Target Indicator,C161483,C161483,C25180,Oncology Standards;Tumor/Lesion Identification;TU;RECIST 1.1,NTIND,Nominal,"An indication as to whether a non-target tumor, lesion, or site of disease is present.",,,,C51824,C51824,Evaluator,string,Investigator
2026-05-26,Non-Target Indicator,C161483,C161483,C25180,Oncology Standards;Tumor/Lesion Identification;TU;RECIST 1.1,NTIND,Nominal,"An indication as to whether a non-target tumor, lesion, or site of disease is present.",,,,C82515,C82515,Collection Date Time,datetime,
2026-05-26,Non-Target Indicator,C161483,C161483,C25180,Oncology Standards;Tumor/Lesion Identification;TU;RECIST 1.1,NTIND,Nominal,"An indication as to whether a non-target tumor, lesion, or site of disease is present.",,,,C117043,C117043,Evaluator Identifier,string,Radiologist 1;Radiologist 2;Radiologist 3
2026-05-26,Non-Target Indicator,C161483,C161483,C25180,Oncology Standards;Tumor/Lesion Identification;TU;RECIST 1.1,NTIND,Nominal,"An indication as to whether a non-target tumor, lesion, or site of disease is present.",,,,C70856,C70856,Observation Result,string,N;Y;U
2026-05-26,Partial Pressure Arterial Oxygen to Fraction Inspired Oxygen Ratio Measurement,C119293,C119293,C82624,Laboratory Tests;Blood Oxygen Levels;Respiratory System Findings,Horowitz Index;Carrico index;P/F ratio;Partial Pressure Arterial Oxygen to Fraction Inspired Oxygen Ratio Measurement;PO2FIO2;PAO2/FIO2;PP Arterial O2/Fraction Inspired O2,Quantitative,The determination of the ratio of the pressure of oxygen dissolved in arterial blood to the percentage oxygen of an inhaled mixture of gasses in a biological specimen.,http://loinc.org/,LOINC,50984-4,C82515,C82515,Collection Date Time,datetime,
2026-05-26,Partial Pressure Arterial Oxygen to Fraction Inspired Oxygen Ratio Measurement,C119293,C119293,C82624,Laboratory Tests;Blood Oxygen Levels;Respiratory System Findings,Horowitz Index;Carrico index;P/F ratio;Partial Pressure Arterial Oxygen to Fraction Inspired Oxygen Ratio Measurement;PO2FIO2;PAO2/FIO2;PP Arterial O2/Fraction Inspired O2,Quantitative,The determination of the ratio of the pressure of oxygen dissolved in arterial blood to the percentage oxygen of an inhaled mixture of gasses in a biological specimen.,http://loinc.org/,LOINC,50984-4,C70856,C70856,Observation Result,decimal,
2026-05-26,Partial Pressure Arterial Oxygen to Fraction Inspired Oxygen Ratio Measurement,C119293,C119293,C82624,Laboratory Tests;Blood Oxygen Levels;Respiratory System Findings,Horowitz Index;Carrico index;P/F ratio;Partial Pressure Arterial Oxygen to Fraction Inspired Oxygen Ratio Measurement;PO2FIO2;PAO2/FIO2;PP Arterial O2/Fraction Inspired O2,Quantitative,The determination of the ratio of the pressure of oxygen dissolved in arterial blood to the percentage oxygen of an inhaled mixture of gasses in a biological specimen.,http://loinc.org/,LOINC,50984-4,C70713,C70713,Biospecimen Type,string,Arterial Blood
2026-05-26,Partial Pressure Arterial Oxygen to Fraction Inspired Oxygen Ratio Measurement,C119293,C119293,C82624,Laboratory Tests;Blood Oxygen Levels;Respiratory System Findings,Horowitz Index;Carrico index;P/F ratio;Partial Pressure Arterial Oxygen to Fraction Inspired Oxygen Ratio Measurement;PO2FIO2;PAO2/FIO2;PP Arterial O2/Fraction Inspired O2,Quantitative,The determination of the ratio of the pressure of oxygen dissolved in arterial blood to the percentage oxygen of an inhaled mixture of gasses in a biological specimen.,http://loinc.org/,LOINC,50984-4,C49669,C49669,Unit of Pressure,string,mmHg
2026-05-26,Peeling Indicator,C154883,C154883,C119241,Reproductive Findings;Clinical Findings Indicator;Indicator,PEELIND,Nominal,An indication as to whether there is the presence of peeling.,,,,C82515,C82515,Collection Date Time,datetime,
2026-05-26,Peeling Indicator,C154883,C154883,C119241,Reproductive Findings;Clinical Findings Indicator;Indicator,PEELIND,Nominal,An indication as to whether there is the presence of peeling.,,,,C13717,C13717,Anatomic Site,string,
2026-05-26,Peeling Indicator,C154883,C154883,C119241,Reproductive Findings;Clinical Findings Indicator;Indicator,PEELIND,Nominal,An indication as to whether there is the presence of peeling.,,,,C25185,C25185,Laterality,string,Left;Right
2026-05-26,Peeling Indicator,C154883,C154883,C119241,Reproductive Findings;Clinical Findings Indicator;Indicator,PEELIND,Nominal,An indication as to whether there is the presence of peeling.,,,,C70856,C70856,Observation Result,string,N;Y;U
2026-05-26,Post-Partum Indicator,C198358,C198358,C25180,Reproductive Findings;Clinical Findings Indicator;Indicator,PPRTIND,Nominal,An indication as to whether the subject is in the stages of recovery post pregnancy and birth event.,,,,C82515,C82515,Collection Date Time,datetime,
2026-05-26,Post-Partum Indicator,C198358,C198358,C25180,Reproductive Findings;Clinical Findings Indicator;Indicator,PPRTIND,Nominal,An indication as to whether the subject is in the stages of recovery post pregnancy and birth event.,,,,C70856,C70856,Observation Result,string,N;Y;U
2026-05-26,Pregnancy Confirmed Indicator,C122192,C122192,C139264,Reproductive Findings;Clinical Findings Indicator;Indicator,PCONFIND,Nominal,Specifies whether the subject's pregnancy has been confirmed.,,,,C82515,C82515,Collection Date Time,datetime,
2026-05-26,Pregnancy Confirmed Indicator,C122192,C122192,C139264,Reproductive Findings;Clinical Findings Indicator;Indicator,PCONFIND,Nominal,Specifies whether the subject's pregnancy has been confirmed.,,,,C70856,C70856,Observation Result,string,N;Y;U
2026-05-26,Pregnancy Indicator,C139264,C139264,C25180,Reproductive Findings;Clinical Findings Indicator;Indicator,PREGIND;Pregnant Indicator,Nominal,An indication as to whether the individual is pregnant.,,,,C82515,C82515,Collection Date Time,datetime,
2026-05-26,Pregnancy Indicator,C139264,C139264,C25180,Reproductive Findings;Clinical Findings Indicator;Indicator,PREGIND;Pregnant Indicator,Nominal,An indication as to whether the individual is pregnant.,,,,C70856,C70856,Observation Result,string,N;Y;U
2026-05-26,Pregnancy Suspected Indicator,C186213,C186213,C139264,Reproductive Findings;Clinical Findings Indicator;Indicator,PSUSPIND,Nominal,An indication that the subject is believed likely to be pregnant.,,,,C70856,C70856,Observation Result,string,N;Y;U
2026-05-26,Pregnancy Suspected Indicator,C186213,C186213,C139264,Reproductive Findings;Clinical Findings Indicator;Indicator,PSUSPIND,Nominal,An indication that the subject is believed likely to be pregnant.,,,,C82515,C82515,Collection Date Time,datetime,
2026-05-26,Pregnant During the Study,C106561,C106561,C19332,Reproductive Findings;Clinical Findings Indicator;Indicator,PREGST,Nominal,An indicator as to whether the female subject is pregnant during the study period.,,,,C70856,C70856,Observation Result,string,N;Y;U
2026-05-26,Pregnant During the Study,C106561,C106561,C19332,Reproductive Findings;Clinical Findings Indicator;Indicator,PREGST,Nominal,An indicator as to whether the female subject is pregnant during the study period.,,,,C82515,C82515,Collection Date Time,datetime,
2026-05-26,Products of Conception Examined Indicator,C163557,C163557,C25180,Reproductive Findings;Clinical Findings Indicator;Indicator,PRDCEIND;Products of Conception Examined Ind,Nominal,An indication as to whether the products of conception have been examined.,,,,C70856,C70856,Observation Result,string,N;Y;U
2026-05-26,Products of Conception Examined Indicator,C163557,C163557,C25180,Reproductive Findings;Clinical Findings Indicator;Indicator,PRDCEIND;Products of Conception Examined Ind,Nominal,An indication as to whether the products of conception have been examined.,,,,C82515,C82515,Collection Date Time,datetime,
2026-05-26,Pustule Indicator,C154882,C154882,C119241,Reproductive Findings;Clinical Findings Indicator;Indicator,PUSTIND,Nominal,An indication as to whether a pustule is present.,,,,C25185,C25185,Laterality,string,Left;Right
2026-05-26,Pustule Indicator,C154882,C154882,C119241,Reproductive Findings;Clinical Findings Indicator;Indicator,PUSTIND,Nominal,An indication as to whether a pustule is present.,,,,C13717,C13717,Anatomic Site,string,
2026-05-26,Pustule Indicator,C154882,C154882,C119241,Reproductive Findings;Clinical Findings Indicator;Indicator,PUSTIND,Nominal,An indication as to whether a pustule is present.,,,,C82515,C82515,Collection Date Time,datetime,
2026-05-26,Pustule Indicator,C154882,C154882,C119241,Reproductive Findings;Clinical Findings Indicator;Indicator,PUSTIND,Nominal,An indication as to whether a pustule is present.,,,,C70856,C70856,Observation Result,string,N;Y;U
2026-05-26,Radiation Therapy,C15313,C15313,C49236,Oncology Standards;Therapeutic Procedure;Radiation Therapy,Cancer Radiotherapy;Radiotherapeutics;RT,Nominal,Treatment of a disease by means of exposure of the target or the whole body to radiation. Radiation therapy is often used as part of curative therapy and occasionally as a component of palliative treatment for cancer. Other uses include total body irradiation prior to transplantation.,,,,C127786,C127786,Occurrence Indicator,boolean,Y;N
2026-05-26,Radiation Therapy,C15313,C15313,C49236,Oncology Standards;Therapeutic Procedure;Radiation Therapy,Cancer Radiotherapy;Radiotherapeutics;RT,Nominal,Treatment of a disease by means of exposure of the target or the whole body to radiation. Radiation therapy is often used as part of curative therapy and occasionally as a component of palliative treatment for cancer. Other uses include total body irradiation prior to transplantation.,,,,C171000,C171000,Prespecified Event or Intervention Indicator,boolean,Y;N
2026-05-26,Radiation Therapy,C15313,C15313,C49236,Oncology Standards;Therapeutic Procedure;Radiation Therapy,Cancer Radiotherapy;Radiotherapeutics;RT,Nominal,Treatment of a disease by means of exposure of the target or the whole body to radiation. Radiation therapy is often used as part of curative therapy and occasionally as a component of palliative treatment for cancer. Other uses include total body irradiation prior to transplantation.,,,,C25692,C25692,Subcategory,string,External Beam Radiation Theraphy;Internal Radiation Theraphy
2026-05-26,Radiation Therapy,C15313,C15313,C49236,Oncology Standards;Therapeutic Procedure;Radiation Therapy,Cancer Radiotherapy;Radiotherapeutics;RT,Nominal,Treatment of a disease by means of exposure of the target or the whole body to radiation. Radiation therapy is often used as part of curative therapy and occasionally as a component of palliative treatment for cancer. Other uses include total body irradiation prior to transplantation.,,,,C117511,C117511,Reported Name of Procedure,string,3D Conformal Radiation Theraphy;Intensity Modulated Radiation Theraphy;Radiosurgery;Stereotactic Body Radiation Thereaphy;Total Body Irritattion;Intracavity Brachytheraphy;Interstitial Brachytheraphy;Radioembolization
2026-05-26,Radiation Therapy,C15313,C15313,C49236,Oncology Standards;Therapeutic Procedure;Radiation Therapy,Cancer Radiotherapy;Radiotherapeutics;RT,Nominal,Treatment of a disease by means of exposure of the target or the whole body to radiation. Radiation therapy is often used as part of curative therapy and occasionally as a component of palliative treatment for cancer. Other uses include total body irradiation prior to transplantation.,,,,C25185,C25185,Laterality,string,Right;Left;Bilateral
2026-05-26,Radiation Therapy,C15313,C15313,C49236,Oncology Standards;Therapeutic Procedure;Radiation Therapy,Cancer Radiotherapy;Radiotherapeutics;RT,Nominal,Treatment of a disease by means of exposure of the target or the whole body to radiation. Radiation therapy is often used as part of curative therapy and occasionally as a component of palliative treatment for cancer. Other uses include total body irradiation prior to transplantation.,,,,C117530,C117530,End Date and Time of Procedure,datetime,
2026-05-26,Radiation Therapy,C15313,C15313,C49236,Oncology Standards;Therapeutic Procedure;Radiation Therapy,Cancer Radiotherapy;Radiotherapeutics;RT,Nominal,Treatment of a disease by means of exposure of the target or the whole body to radiation. Radiation therapy is often used as part of curative therapy and occasionally as a component of palliative treatment for cancer. Other uses include total body irradiation prior to transplantation.,,,,C25488,C25488,Dose,integer,
2026-05-26,Radiation Therapy,C15313,C15313,C49236,Oncology Standards;Therapeutic Procedure;Radiation Therapy,Cancer Radiotherapy;Radiotherapeutics;RT,Nominal,Treatment of a disease by means of exposure of the target or the whole body to radiation. Radiation therapy is often used as part of curative therapy and occasionally as a component of palliative treatment for cancer. Other uses include total body irradiation prior to transplantation.,,,,C117529,C117529,Start Date and Time of Procedure,datetime,
2026-05-26,Radiation Therapy,C15313,C15313,C49236,Oncology Standards;Therapeutic Procedure;Radiation Therapy,Cancer Radiotherapy;Radiotherapeutics;RT,Nominal,Treatment of a disease by means of exposure of the target or the whole body to radiation. Radiation therapy is often used as part of curative therapy and occasionally as a component of palliative treatment for cancer. Other uses include total body irradiation prior to transplantation.,,,,C25372,C25372,Category,string,Radiation Therapy
2026-05-26,Radiation Therapy,C15313,C15313,C49236,Oncology Standards;Therapeutic Procedure;Radiation Therapy,Cancer Radiotherapy;Radiotherapeutics;RT,Nominal,Treatment of a disease by means of exposure of the target or the whole body to radiation. Radiation therapy is often used as part of curative therapy and occasionally as a component of palliative treatment for cancer. Other uses include total body irradiation prior to transplantation.,,,,C117512,C117512,Standardized Name of Procedure,string,3D Conformal Radiation Theraphy;Intensity Modulated Radiation Theraphy;Intracavity Brachytheraphy;Interstitial Brachytheraphy
2026-05-26,Radiation Therapy,C15313,C15313,C49236,Oncology Standards;Therapeutic Procedure;Radiation Therapy,Cancer Radiotherapy;Radiotherapeutics;RT,Nominal,Treatment of a disease by means of exposure of the target or the whole body to radiation. Radiation therapy is often used as part of curative therapy and occasionally as a component of palliative treatment for cancer. Other uses include total body irradiation prior to transplantation.,,,,C124444,C124444,Treatment Environmental Setting,string,Adjuvant;Neo-adjuvant;Metastatic
2026-05-26,Radiation Therapy,C15313,C15313,C49236,Oncology Standards;Therapeutic Procedure;Radiation Therapy,Cancer Radiotherapy;Radiotherapeutics;RT,Nominal,Treatment of a disease by means of exposure of the target or the whole body to radiation. Radiation therapy is often used as part of curative therapy and occasionally as a component of palliative treatment for cancer. Other uses include total body irradiation prior to transplantation.,,,,C18068,C18068,Radiation Dose Unit,string,Gy
2026-05-26,Radiation Therapy,C15313,C15313,C49236,Oncology Standards;Therapeutic Procedure;Radiation Therapy,Cancer Radiotherapy;Radiotherapeutics;RT,Nominal,Treatment of a disease by means of exposure of the target or the whole body to radiation. Radiation therapy is often used as part of curative therapy and occasionally as a component of palliative treatment for cancer. Other uses include total body irradiation prior to transplantation.,,,,C13717,C13717,Anatomic Site,string,Supraclavicular Lymph Node;Breast;Lumbar Vertebra;Axillary Lymph Node
2026-05-26,Radiation Therapy,C15313,C15313,C49236,Oncology Standards;Therapeutic Procedure;Radiation Therapy,Cancer Radiotherapy;Radiotherapeutics;RT,Nominal,Treatment of a disease by means of exposure of the target or the whole body to radiation. Radiation therapy is often used as part of curative therapy and occasionally as a component of palliative treatment for cancer. Other uses include total body irradiation prior to transplantation.,,,,C41184,C41184,Indication,string,Breast Cancer
2026-05-26,Radiation Therapy,C15313,C15313,C49236,Oncology Standards;Therapeutic Procedure;Radiation Therapy,Cancer Radiotherapy;Radiotherapeutics;RT,Nominal,Treatment of a disease by means of exposure of the target or the whole body to radiation. Radiation therapy is often used as part of curative therapy and occasionally as a component of palliative treatment for cancer. Other uses include total body irradiation prior to transplantation.,,,,C210652,C210652,Treatment Intent,string,Palliative;Curative
2026-05-26,Rash Indicator,C154878,C154878,C119241,Reproductive Findings;Clinical Findings Indicator;Indicator,RASHIND,Nominal,An indication as to whether rash is present.,,,,C25185,C25185,Laterality,string,Left;Right
2026-05-26,Rash Indicator,C154878,C154878,C119241,Reproductive Findings;Clinical Findings Indicator;Indicator,RASHIND,Nominal,An indication as to whether rash is present.,,,,C70856,C70856,Observation Result,string,N;Y;U
2026-05-26,Rash Indicator,C154878,C154878,C119241,Reproductive Findings;Clinical Findings Indicator;Indicator,RASHIND,Nominal,An indication as to whether rash is present.,,,,C82515,C82515,Collection Date Time,datetime,
2026-05-26,Rash Indicator,C154878,C154878,C119241,Reproductive Findings;Clinical Findings Indicator;Indicator,RASHIND,Nominal,An indication as to whether rash is present.,,,,C13717,C13717,Anatomic Site,string,
2026-05-26,Skene's Gland Abnormality Indicator,C154879,C154879,C93491,Reproductive Findings;Clinical Findings Indicator;Indicator,SKGLAIND,Nominal,An indication as to whether the Skene's gland is abnormal.,,,,C82515,C82515,Collection Date Time,datetime,
2026-05-26,Skene's Gland Abnormality Indicator,C154879,C154879,C93491,Reproductive Findings;Clinical Findings Indicator;Indicator,SKGLAIND,Nominal,An indication as to whether the Skene's gland is abnormal.,,,,C70856,C70856,Observation Result,string,N;Y;U
2026-05-26,Stillbirth Indicator,C122194,C122194,C25180,Reproductive Findings;Clinical Findings Indicator;Indicator,STILBIND,Nominal,Specifies whether any pregnancies resulted in stillbirths.,,,,C82515,C82515,Collection Date Time,datetime,
2026-05-26,Stillbirth Indicator,C122194,C122194,C25180,Reproductive Findings;Clinical Findings Indicator;Indicator,STILBIND,Nominal,Specifies whether any pregnancies resulted in stillbirths.,,,,C70856,C70856,Observation Result,string,N;Y;U
2026-05-26,Subject Currently Breastfeeding a Child Indicator,C189360,C189360,C25180,Reproductive Findings;Clinical Findings Indicator;Indicator,SCBFCIND;Subj Currently Breastfeeding a Child Ind,Nominal,An indication as to whether the individual is currently breastfeeding a child.,,,,C82515,C82515,Collection Date Time,datetime,
2026-05-26,Subject Currently Breastfeeding a Child Indicator,C189360,C189360,C25180,Reproductive Findings;Clinical Findings Indicator;Indicator,SCBFCIND;Subj Currently Breastfeeding a Child Ind,Nominal,An indication as to whether the individual is currently breastfeeding a child.,,,,C70856,C70856,Observation Result,string,N;Y;U
2026-05-26,Sudden Death Indicator,C174284,C174284,C93546,Death Diagnosis and Details;Death Indicator,SDTHIND,Nominal,An indication as to whether death was unexpected or occurred without warning.,,,,C82515,C82515,Collection Date Time,datetime,
2026-05-26,Sudden Death Indicator,C174284,C174284,C93546,Death Diagnosis and Details;Death Indicator,SDTHIND,Nominal,An indication as to whether death was unexpected or occurred without warning.,,,,C70856,C70856,Observation Result,string,N;Y;U
2026-05-26,Surgical Damage Indicator,C179824,C179824,C25180,Clinical Findings Indicator;Indicator;Urinary System Findings,SGDMGIND;Surgical Damage Indicator,Nominal,An indication as to whether damage occurred related to a surgical procedure.,,,,C82515,C82515,Collection Date Time,datetime,
2026-05-26,Surgical Damage Indicator,C179824,C179824,C25180,Clinical Findings Indicator;Indicator;Urinary System Findings,SGDMGIND;Surgical Damage Indicator,Nominal,An indication as to whether damage occurred related to a surgical procedure.,,,,C82535,C82535,Test Method,string,X-Ray;CT Scan
2026-05-26,Surgical Damage Indicator,C179824,C179824,C25180,Clinical Findings Indicator;Indicator;Urinary System Findings,SGDMGIND;Surgical Damage Indicator,Nominal,An indication as to whether damage occurred related to a surgical procedure.,,,,C25185,C25185,Laterality,string,Left;Right
2026-05-26,Surgical Damage Indicator,C179824,C179824,C25180,Clinical Findings Indicator;Indicator;Urinary System Findings,SGDMGIND;Surgical Damage Indicator,Nominal,An indication as to whether damage occurred related to a surgical procedure.,,,,C70856,C70856,Observation Result,string,N;Y;U
2026-05-26,Surgical Damage Indicator,C179824,C179824,C25180,Clinical Findings Indicator;Indicator;Urinary System Findings,SGDMGIND;Surgical Damage Indicator,Nominal,An indication as to whether damage occurred related to a surgical procedure.,,,,C54215,C54215,Directionality,string,Inner;Outer;Anterior;Dorsal;Superior
2026-05-26,Surgical Damage Indicator,C179824,C179824,C25180,Clinical Findings Indicator;Indicator;Urinary System Findings,SGDMGIND;Surgical Damage Indicator,Nominal,An indication as to whether damage occurred related to a surgical procedure.,,,,C13717,C13717,Anatomic Site,string,Kidney
2026-05-26,Swollen Indicator,C127774,C127774,C119241,Musculoskeletal Finding;Symptom Indicator,SWLLIND,Nominal,An indicator as to whether the subject has symptoms of swelling.,,,,C82515,C82515,Collection Date Time,datetime,
2026-05-26,Swollen Indicator,C127774,C127774,C119241,Musculoskeletal Finding;Symptom Indicator,SWLLIND,Nominal,An indicator as to whether the subject has symptoms of swelling.,,,,C70856,C70856,Observation Result,string,N;Y;U
2026-05-26,Swollen Indicator,C127774,C127774,C119241,Musculoskeletal Finding;Symptom Indicator,SWLLIND,Nominal,An indicator as to whether the subject has symptoms of swelling.,,,,C82535,C82535,Test Method,string,
2026-05-26,Swollen Indicator,C127774,C127774,C119241,Musculoskeletal Finding;Symptom Indicator,SWLLIND,Nominal,An indicator as to whether the subject has symptoms of swelling.,,,,C13717,C13717,Anatomic Site,string,
2026-05-26,Swollen Indicator,C127774,C127774,C119241,Musculoskeletal Finding;Symptom Indicator,SWLLIND,Nominal,An indicator as to whether the subject has symptoms of swelling.,,,,C25185,C25185,Laterality,string,Right;Left
2026-05-26,Target Indicator,C178053,C178053,C25180,Oncology Standards;Tumor/Lesion Identification;TU;RECIST 1.1,TIND,Nominal,"An indication as to whether a target tumor, lesion, or site of disease is present.",,,,C82515,C82515,Collection Date Time,datetime,
2026-05-26,Target Indicator,C178053,C178053,C25180,Oncology Standards;Tumor/Lesion Identification;TU;RECIST 1.1,TIND,Nominal,"An indication as to whether a target tumor, lesion, or site of disease is present.",,,,C51824,C51824,Evaluator,string,Investigator
2026-05-26,Target Indicator,C178053,C178053,C25180,Oncology Standards;Tumor/Lesion Identification;TU;RECIST 1.1,TIND,Nominal,"An indication as to whether a target tumor, lesion, or site of disease is present.",,,,C117043,C117043,Evaluator Identifier,string,Radiologist 1;Radiologist 2;Radiologist 3
2026-05-26,Target Indicator,C178053,C178053,C25180,Oncology Standards;Tumor/Lesion Identification;TU;RECIST 1.1,TIND,Nominal,"An indication as to whether a target tumor, lesion, or site of disease is present.",,,,C70856,C70856,Observation Result,string,N;Y;U
2026-05-26,Tenderness Indicator,C127775,C127775,C119241,Reproductive Findings;Clinical Findings Indicator;Indicator,TNDRIND,Nominal,An indicator as to whether the subject has symptoms of tenderness.,,,,C25185,C25185,Laterality,string,Left;Right
2026-05-26,Tenderness Indicator,C127775,C127775,C119241,Reproductive Findings;Clinical Findings Indicator;Indicator,TNDRIND,Nominal,An indicator as to whether the subject has symptoms of tenderness.,,,,C70856,C70856,Observation Result,string,N;Y;U
2026-05-26,Tenderness Indicator,C127775,C127775,C119241,Reproductive Findings;Clinical Findings Indicator;Indicator,TNDRIND,Nominal,An indicator as to whether the subject has symptoms of tenderness.,,,,C13717,C13717,Anatomic Site,string,
2026-05-26,Tenderness Indicator,C127775,C127775,C119241,Reproductive Findings;Clinical Findings Indicator;Indicator,TNDRIND,Nominal,An indicator as to whether the subject has symptoms of tenderness.,,,,C82515,C82515,Collection Date Time,datetime,
2026-05-26,Total Body Fat to Total Body Mass Ratio Measurement,C139218,C139218,C19332,Musculoskeletal Finding;Personal Attribute,BODYFATP,Quantitative,"The amount of an individual's total body mass that is fat, expressed as a percent.",,,,C82515,C82515,Collection Date Time,datetime,
2026-05-26,Total Body Fat to Total Body Mass Ratio Measurement,C139218,C139218,C19332,Musculoskeletal Finding;Personal Attribute,BODYFATP,Quantitative,"The amount of an individual's total body mass that is fat, expressed as a percent.",,,,C70856,C70856,Observation Result,decimal,
2026-05-26,Total Body Fat to Total Body Mass Ratio Measurement,C139218,C139218,C19332,Musculoskeletal Finding;Personal Attribute,BODYFATP,Quantitative,"The amount of an individual's total body mass that is fat, expressed as a percent.",,,,C48570,C48570,Percent Unit,string,%
2026-05-26,Total Body Fat to Total Body Mass Ratio Measurement,C139218,C139218,C19332,Musculoskeletal Finding;Personal Attribute,BODYFATP,Quantitative,"The amount of an individual's total body mass that is fat, expressed as a percent.",,,,C82535,C82535,Test Method,string,
2026-05-26,Tumor Examination,C90479,C90479,,Medical Examination,TUMEX,,An assessment or evaluation of a neoplastic mass.,,,,,,,,
2026-05-26,Tumor Fragmentation,C96642,C96642,C82547,Abnormal Finding;Tumor Identification,Tumor Split;Tumor Mass Fragmentation,Nominal,A finding indicating that a tumor mass has been divided into two or more tumors.,,,,C117442,C117442,Tumor Identifier Reference Identifier,string,IMG-00001;IMG-00002
2026-05-26,Tumor Fragmentation,C96642,C96642,C82547,Abnormal Finding;Tumor Identification,Tumor Split;Tumor Mass Fragmentation,Nominal,A finding indicating that a tumor mass has been divided into two or more tumors.,,,,C117436,C117436,Tumor Identifier Link Identifier,string,T04.1;T04.2
2026-05-26,Tumor Fragmentation,C96642,C96642,C82547,Abnormal Finding;Tumor Identification,Tumor Split;Tumor Mass Fragmentation,Nominal,A finding indicating that a tumor mass has been divided into two or more tumors.,,,,C54215,C54215,Directionality,string,Upper
2026-05-26,Tumor Fragmentation,C96642,C96642,C82547,Abnormal Finding;Tumor Identification,Tumor Split;Tumor Mass Fragmentation,Nominal,A finding indicating that a tumor mass has been divided into two or more tumors.,,,,C82535,C82535,Test Method,string,MRI;CT Scan;Ultrasound;Photography
2026-05-26,Tumor Fragmentation,C96642,C96642,C82547,Abnormal Finding;Tumor Identification,Tumor Split;Tumor Mass Fragmentation,Nominal,A finding indicating that a tumor mass has been divided into two or more tumors.,,,,C170500,C170500,Result Anatomical Location,string,"Supraclavicular Lymph Node;Thoracic Lymph Node;Thyroid Gland;Skin of the Trunk;Mediastinal Lymph Node;Cerebellum;Lung, Left Lower Lobe;Femoral Lymph Node"
2026-05-26,Tumor Fragmentation,C96642,C96642,C82547,Abnormal Finding;Tumor Identification,Tumor Split;Tumor Mass Fragmentation,Nominal,A finding indicating that a tumor mass has been divided into two or more tumors.,,,,C51824,C51824,Evaluator,string,Investigator
2026-05-26,Tumor Fragmentation,C96642,C96642,C82547,Abnormal Finding;Tumor Identification,Tumor Split;Tumor Mass Fragmentation,Nominal,A finding indicating that a tumor mass has been divided into two or more tumors.,,,,C117043,C117043,Evaluator Identifier,string,Radiologist 1;Radiologist 2;Radiologist 3
2026-05-26,Tumor Fragmentation,C96642,C96642,C82547,Abnormal Finding;Tumor Identification,Tumor Split;Tumor Mass Fragmentation,Nominal,A finding indicating that a tumor mass has been divided into two or more tumors.,,,,C25185,C25185,Laterality,string,Right;Left
2026-05-26,Tumor Fragmentation,C96642,C96642,C82547,Abnormal Finding;Tumor Identification,Tumor Split;Tumor Mass Fragmentation,Nominal,A finding indicating that a tumor mass has been divided into two or more tumors.,,,,C70856,C70856,Observation Result,string,Target
2026-05-26,Tumor Fragmentation,C96642,C96642,C82547,Abnormal Finding;Tumor Identification,Tumor Split;Tumor Mass Fragmentation,Nominal,A finding indicating that a tumor mass has been divided into two or more tumors.,,,,C82515,C82515,Collection Date Time,datetime,
2026-05-26,Tumor Fragmentation Assessment,C225438,C225438,C90479,Oncology Standards;Tumor/Lesion Identification;TU;RECIST 1.1,TUSPLIT;Tumor Split,Nominal,An assessment as to whether a single tumor has divided into two or more tumors.,,,,C82535,C82535,Test Method,string,MRI;CT Scan;Ultrasound;Photography
2026-05-26,Tumor Fragmentation Assessment,C225438,C225438,C90479,Oncology Standards;Tumor/Lesion Identification;TU;RECIST 1.1,TUSPLIT;Tumor Split,Nominal,An assessment as to whether a single tumor has divided into two or more tumors.,,,,C117442,C117442,Tumor Identifier Reference Identifier,string,IMG-00001;IMG-00002
2026-05-26,Tumor Fragmentation Assessment,C225438,C225438,C90479,Oncology Standards;Tumor/Lesion Identification;TU;RECIST 1.1,TUSPLIT;Tumor Split,Nominal,An assessment as to whether a single tumor has divided into two or more tumors.,,,,C170500,C170500,Result Anatomical Location,string,"Supraclavicular Lymph Node;Thoracic Lymph Node;Thyroid Gland;Skin of the Trunk;Mediastinal Lymph Node;Cerebellum;Lung, Left Lower Lobe;Femoral Lymph Node"
2026-05-26,Tumor Fragmentation Assessment,C225438,C225438,C90479,Oncology Standards;Tumor/Lesion Identification;TU;RECIST 1.1,TUSPLIT;Tumor Split,Nominal,An assessment as to whether a single tumor has divided into two or more tumors.,,,,C70856,C70856,Observation Result,string,Target
2026-05-26,Tumor Fragmentation Assessment,C225438,C225438,C90479,Oncology Standards;Tumor/Lesion Identification;TU;RECIST 1.1,TUSPLIT;Tumor Split,Nominal,An assessment as to whether a single tumor has divided into two or more tumors.,,,,C51824,C51824,Evaluator,string,Investigator
2026-05-26,Tumor Fragmentation Assessment,C225438,C225438,C90479,Oncology Standards;Tumor/Lesion Identification;TU;RECIST 1.1,TUSPLIT;Tumor Split,Nominal,An assessment as to whether a single tumor has divided into two or more tumors.,,,,C25185,C25185,Laterality,string,Right;Left
2026-05-26,Tumor Fragmentation Assessment,C225438,C225438,C90479,Oncology Standards;Tumor/Lesion Identification;TU;RECIST 1.1,TUSPLIT;Tumor Split,Nominal,An assessment as to whether a single tumor has divided into two or more tumors.,,,,C54215,C54215,Directionality,string,Upper
2026-05-26,Tumor Fragmentation Assessment,C225438,C225438,C90479,Oncology Standards;Tumor/Lesion Identification;TU;RECIST 1.1,TUSPLIT;Tumor Split,Nominal,An assessment as to whether a single tumor has divided into two or more tumors.,,,,C82515,C82515,Collection Date Time,datetime,
2026-05-26,Tumor Fragmentation Assessment,C225438,C225438,C90479,Oncology Standards;Tumor/Lesion Identification;TU;RECIST 1.1,TUSPLIT;Tumor Split,Nominal,An assessment as to whether a single tumor has divided into two or more tumors.,,,,C117043,C117043,Evaluator Identifier,string,Radiologist 1;Radiologist 2;Radiologist 3
2026-05-26,Tumor Fragmentation Assessment,C225447,C225438,C90479,Oncology Standards;Tumor/Lesion Identification;TU,TUSPLIT;Tumor Split,Nominal,An assessment as to whether a single tumor has divided into two or more tumors.,,,,C117043,C117043,Evaluator Identifier,string,Radiologist 1;Radiologist 2;Radiologist 3
2026-05-26,Tumor Fragmentation Assessment,C225439,C225438,C90479,Oncology Standards;Tumor/Lesion Identification;TU,TUSPLIT;Tumor Split,Nominal,An assessment as to whether a single tumor has divided into two or more tumors.,,,,C82515,C82515,Collection Date Time,datetime,
2026-05-26,Tumor Fragmentation Assessment,C225446,C225438,C90479,Oncology Standards;Tumor/Lesion Identification;TU,TUSPLIT;Tumor Split,Nominal,An assessment as to whether a single tumor has divided into two or more tumors.,,,,C117436,C117436,Tumor Identifier Link Identifier,string,T02/T03
2026-05-26,Tumor Fragmentation Assessment,C225446,C225438,C90479,Oncology Standards;Tumor/Lesion Identification;TU,TUSPLIT;Tumor Split,Nominal,An assessment as to whether a single tumor has divided into two or more tumors.,,,,C82515,C82515,Collection Date Time,datetime,
2026-05-26,Tumor Fragmentation Assessment,C225445,C225438,C90479,Oncology Standards;Tumor/Lesion Identification;TU,TUSPLIT;Tumor Split,Nominal,An assessment as to whether a single tumor has divided into two or more tumors.,,,,C25185,C25185,Laterality,string,Right;Left
2026-05-26,Tumor Fragmentation Assessment,C225445,C225438,C90479,Oncology Standards;Tumor/Lesion Identification;TU,TUSPLIT;Tumor Split,Nominal,An assessment as to whether a single tumor has divided into two or more tumors.,,,,C117442,C117442,Tumor Identifier Reference Identifier,string,IMG-00001;IMG-00002
2026-05-26,Tumor Fragmentation Assessment,C225444,C225438,C90479,Oncology Standards;Tumor/Lesion Identification;TU,TUSPLIT;Tumor Split,Nominal,An assessment as to whether a single tumor has divided into two or more tumors.,,,,C117043,C117043,Evaluator Identifier,string,Radiologist 1;Radiologist 2;Radiologist 3
2026-05-26,Tumor Fragmentation Assessment,C225444,C225438,C90479,Oncology Standards;Tumor/Lesion Identification;TU,TUSPLIT;Tumor Split,Nominal,An assessment as to whether a single tumor has divided into two or more tumors.,,,,C117436,C117436,Tumor Identifier Link Identifier,string,T04.1;T04.2
2026-05-26,Tumor Fragmentation Assessment,C225443,C225438,C90479,Oncology Standards;Tumor/Lesion Identification;TU,TUSPLIT;Tumor Split,Nominal,An assessment as to whether a single tumor has divided into two or more tumors.,,,,C51824,C51824,Evaluator,string,Investigator
2026-05-26,Tumor Fragmentation Assessment,C225439,C225438,C90479,Oncology Standards;Tumor/Lesion Identification;TU,TUSPLIT;Tumor Split,Nominal,An assessment as to whether a single tumor has divided into two or more tumors.,,,,C25185,C25185,Laterality,string,Right;Left
2026-05-26,Tumor Fragmentation Assessment,C225438,C225438,C90479,Oncology Standards;Tumor/Lesion Identification;TU;RECIST 1.1,TUSPLIT;Tumor Split,Nominal,An assessment as to whether a single tumor has divided into two or more tumors.,,,,C117436,C117436,Tumor Identifier Link Identifier,string,T04.1;T04.2
2026-05-26,Tumor Fragmentation Assessment,C225440,C225438,C90479,Oncology Standards;Tumor/Lesion Identification;TU,TUSPLIT;Tumor Split,Nominal,An assessment as to whether a single tumor has divided into two or more tumors.,,,,C51824,C51824,Evaluator,string,Investigator
2026-05-26,Tumor Fragmentation Assessment,C225440,C225438,C90479,Oncology Standards;Tumor/Lesion Identification;TU,TUSPLIT;Tumor Split,Nominal,An assessment as to whether a single tumor has divided into two or more tumors.,,,,C54215,C54215,Directionality,string,Upper
2026-05-26,Tumor Fragmentation Assessment,C225441,C225438,C90479,Oncology Standards;Tumor/Lesion Identification;TU,TUSPLIT;Tumor Split,Nominal,An assessment as to whether a single tumor has divided into two or more tumors.,,,,C70856,C70856,Observation Result,string,Target
2026-05-26,Tumor Fragmentation Assessment,C225441,C225438,C90479,Oncology Standards;Tumor/Lesion Identification;TU,TUSPLIT;Tumor Split,Nominal,An assessment as to whether a single tumor has divided into two or more tumors.,,,,C70856,C70856,Observation Result,string,Target
2026-05-26,Tumor Fragmentation Assessment,C225442,C225438,C90479,Oncology Standards;Tumor/Lesion Identification;TU,TUSPLIT;Tumor Split,Nominal,An assessment as to whether a single tumor has divided into two or more tumors.,,,,C170500,C170500,Result Anatomical Location,string,"Supraclavicular Lymph Node;Thoracic Lymph Node;Thyroid Gland;Skin of the Trunk;Mediastinal Lymph Node;Cerebellum;Lung, Left Lower Lobe;Femoral Lymph Node"
2026-05-26,Tumor Fragmentation Assessment,C225442,C225438,C90479,Oncology Standards;Tumor/Lesion Identification;TU,TUSPLIT;Tumor Split,Nominal,An assessment as to whether a single tumor has divided into two or more tumors.,,,,C82535,C82535,Test Method,string,MRI;CT Scan;Ultrasound;Photography
2026-05-26,Tumor Fragmentation Assessment,C225443,C225438,C90479,Oncology Standards;Tumor/Lesion Identification;TU,TUSPLIT;Tumor Split,Nominal,An assessment as to whether a single tumor has divided into two or more tumors.,,,,C82535,C82535,Test Method,string,MRI;CT Scan;Ultrasound;Photography
2026-05-26,Tumor Identification,C94523,C94523,C94189,Oncology Standards;Tumor/Lesion Identification;TU;RECIST 1.1,TUMIDENT,Nominal,A diagnostic procedure to localize and characterize a tumor.,,,,C51824,C51824,Evaluator,string,Investigator
2026-05-26,Tumor Identification,C94523,C94523,C94189,Oncology Standards;Tumor/Lesion Identification;TU;RECIST 1.1,TUMIDENT,Nominal,A diagnostic procedure to localize and characterize a tumor.,,,,C70856,C70856,Observation Result,string,Target;Non-target;New
2026-05-26,Tumor Identification,C94523,C94523,C94189,Oncology Standards;Tumor/Lesion Identification;TU;RECIST 1.1,TUMIDENT,Nominal,A diagnostic procedure to localize and characterize a tumor.,,,,C170500,C170500,Result Anatomical Location,string,"Supraclavicular Lymph Node;Thoracic Lymph Node;Thyroid Gland;Skin of the Trunk;Mediastinal Lymph Node;Cerebellum;Lung, Left Lower Lobe;Femoral Lymph Node"
2026-05-26,Tumor Identification,C94523,C94523,C94189,Oncology Standards;Tumor/Lesion Identification;TU;RECIST 1.1,TUMIDENT,Nominal,A diagnostic procedure to localize and characterize a tumor.,,,,C25185,C25185,Laterality,string,Right;Left
2026-05-26,Tumor Identification,C94523,C94523,C94189,Oncology Standards;Tumor/Lesion Identification;TU;RECIST 1.1,TUMIDENT,Nominal,A diagnostic procedure to localize and characterize a tumor.,,,,C117442,C117442,Tumor Identifier Reference Identifier,string,IMG-00001;IMG-00002
2026-05-26,Tumor Identification,C94523,C94523,C94189,Oncology Standards;Tumor/Lesion Identification;TU;RECIST 1.1,TUMIDENT,Nominal,A diagnostic procedure to localize and characterize a tumor.,,,,C54215,C54215,Directionality,string,Upper
2026-05-26,Tumor Identification,C94523,C94523,C94189,Oncology Standards;Tumor/Lesion Identification;TU;RECIST 1.1,TUMIDENT,Nominal,A diagnostic procedure to localize and characterize a tumor.,,,,C82515,C82515,Collection Date Time,datetime,
2026-05-26,Tumor Identification,C94523,C94523,C94189,Oncology Standards;Tumor/Lesion Identification;TU;RECIST 1.1,TUMIDENT,Nominal,A diagnostic procedure to localize and characterize a tumor.,,,,C117043,C117043,Evaluator Identifier,string,Radiologist 1;Radiologist 2;Radiologist 3
2026-05-26,Tumor Identification,C94523,C94523,C94189,Oncology Standards;Tumor/Lesion Identification;TU;RECIST 1.1,TUMIDENT,Nominal,A diagnostic procedure to localize and characterize a tumor.,,,,C117436,C117436,Tumor Identifier Link Identifier,string,T01;NT01;NEW01
2026-05-26,Tumor Identification,C94523,C94523,C94189,Oncology Standards;Tumor/Lesion Identification;TU;RECIST 1.1,TUMIDENT,Nominal,A diagnostic procedure to localize and characterize a tumor.,,,,C82535,C82535,Test Method,string,MRI;CT Scan;Ultrasound;Photography
2026-05-26,Tumor Status,C96643,C96643,C171082,Oncology Standards;Tumor/Lesion Results;TR;RECIST 1.1,TUMSTATE;Tumor State,Nominal,The condition or state of the tumor at a particular time.,,,,C82515,C82515,Collection Date Time,datetime,
2026-05-26,Tumor Status,C96643,C96643,C171082,Oncology Standards;Tumor/Lesion Results;TR;RECIST 1.1,TUMSTATE;Tumor State,Nominal,The condition or state of the tumor at a particular time.,,,,C117411,C117411,Tumor Results Group Identifier,string,Target;Non-target;New
2026-05-26,Tumor Status,C96643,C96643,C171082,Oncology Standards;Tumor/Lesion Results;TR;RECIST 1.1,TUMSTATE;Tumor State,Nominal,The condition or state of the tumor at a particular time.,,,,C117412,C117412,Tumor Results Link Group,string,A1;A2;A3
2026-05-26,Tumor Status,C96643,C96643,C171082,Oncology Standards;Tumor/Lesion Results;TR;RECIST 1.1,TUMSTATE;Tumor State,Nominal,The condition or state of the tumor at a particular time.,,,,C117419,C117419,Tumor Results Reference Identifier,string,IMG-00001;IMG-00002
2026-05-26,Tumor Status,C96643,C96643,C171082,Oncology Standards;Tumor/Lesion Results;TR;RECIST 1.1,TUMSTATE;Tumor State,Nominal,The condition or state of the tumor at a particular time.,,,,C70856,C70856,Observation Result,string,Present;Absent;Unequivocal;Equivocal
2026-05-26,Tumor Status,C96643,C96643,C171082,Oncology Standards;Tumor/Lesion Results;TR;RECIST 1.1,TUMSTATE;Tumor State,Nominal,The condition or state of the tumor at a particular time.,,,,C82535,C82535,Test Method,string,MRI;CT Scan;Ultrasound;Photography
2026-05-26,Tumor Status,C96643,C96643,C171082,Oncology Standards;Tumor/Lesion Results;TR;RECIST 1.1,TUMSTATE;Tumor State,Nominal,The condition or state of the tumor at a particular time.,,,,C51824,C51824,Evaluator,string,Investigator
2026-05-26,Tumor Status,C96643,C96643,C171082,Oncology Standards;Tumor/Lesion Results;TR;RECIST 1.1,TUMSTATE;Tumor State,Nominal,The condition or state of the tumor at a particular time.,,,,C117413,C117413,Tumor Results Link Identifier,string,T01;NT01;NEW01
2026-05-26,Tumor Status,C96643,C96643,C171082,Oncology Standards;Tumor/Lesion Results;TR;RECIST 1.1,TUMSTATE;Tumor State,Nominal,The condition or state of the tumor at a particular time.,,,,C117043,C117043,Evaluator Identifier,string,Radiologist 1;Radiologist 2;Radiologist 3
2026-05-26,Ulcer Indicator,C154881,C154881,C119241,Reproductive Findings;Clinical Findings Indicator;Indicator,ULCERIND;Ulceration Indicator,Nominal,An indication as to whether an ulcer is present.,,,,C82515,C82515,Collection Date Time,datetime,
2026-05-26,Ulcer Indicator,C154881,C154881,C119241,Reproductive Findings;Clinical Findings Indicator;Indicator,ULCERIND;Ulceration Indicator,Nominal,An indication as to whether an ulcer is present.,,,,C25185,C25185,Laterality,string,Left;Right
2026-05-26,Ulcer Indicator,C154881,C154881,C119241,Reproductive Findings;Clinical Findings Indicator;Indicator,ULCERIND;Ulceration Indicator,Nominal,An indication as to whether an ulcer is present.,,,,C13717,C13717,Anatomic Site,string,
2026-05-26,Ulcer Indicator,C154881,C154881,C119241,Reproductive Findings;Clinical Findings Indicator;Indicator,ULCERIND;Ulceration Indicator,Nominal,An indication as to whether an ulcer is present.,,,,C70856,C70856,Observation Result,string,N;Y;U
