package_date,short_name,bc_id,ncit_code,parent_bc_id,bc_categories,synonyms,result_scales,definition,system,system_name,code,dec_id,ncit_dec_code,dec_label,data_type,example_set
2026-07-14,6 Minute Walk Functional Test 2008 Version,C115789,C115789,C222260,QRS;Functional Assessment;6 Minute Walk Functional Test;SIX MINUTE WALK;SIXMW1;6MWT,6MWT;SIXMW1;SIX MINUTE WALK,,"A standardized rating scale developed by Bruno Blake in 1963, which is a performance-based evaluation of functional exercise capacity in subjects with chronic respiratory disease and heart failure, as well as other populations such as healthy older adults and people suffering from fibromyalgia and scleroderma. This functional test contains 6 items and measures the distance an individual is able to walk over a total of six minutes on a hard, flat surface.",,,,C82525,C82525,Test Occurrence,string,N;Y
2026-07-14,6 Minute Walk Functional Test 2008 Version,C115789,C115789,C222260,QRS;Functional Assessment;6 Minute Walk Functional Test;SIX MINUTE WALK;SIXMW1;6MWT,6MWT;SIXMW1;SIX MINUTE WALK,,"A standardized rating scale developed by Bruno Blake in 1963, which is a performance-based evaluation of functional exercise capacity in subjects with chronic respiratory disease and heart failure, as well as other populations such as healthy older adults and people suffering from fibromyalgia and scleroderma. This functional test contains 6 items and measures the distance an individual is able to walk over a total of six minutes on a hard, flat surface.",,,,C82515,C82515,Collection Date Time,datetime,
2026-07-14,6 Minute Walk Functional Test 2008 Version,C115789,C115789,C222260,QRS;Functional Assessment;6 Minute Walk Functional Test;SIX MINUTE WALK;SIXMW1;6MWT,6MWT;SIXMW1;SIX MINUTE WALK,,"A standardized rating scale developed by Bruno Blake in 1963, which is a performance-based evaluation of functional exercise capacity in subjects with chronic respiratory disease and heart failure, as well as other populations such as healthy older adults and people suffering from fibromyalgia and scleroderma. This functional test contains 6 items and measures the distance an individual is able to walk over a total of six minutes on a hard, flat surface.",,,,C93300,C93300,Assistive Device,string,cane
2026-07-14,6 Minute Walk Functional Test 2008 Version,C115789,C115789,C222260,QRS;Functional Assessment;6 Minute Walk Functional Test;SIX MINUTE WALK;SIXMW1;6MWT,6MWT;SIXMW1;SIX MINUTE WALK,,"A standardized rating scale developed by Bruno Blake in 1963, which is a performance-based evaluation of functional exercise capacity in subjects with chronic respiratory disease and heart failure, as well as other populations such as healthy older adults and people suffering from fibromyalgia and scleroderma. This functional test contains 6 items and measures the distance an individual is able to walk over a total of six minutes on a hard, flat surface.",,,,C25372,C25372,Category,string,SIX MINUTE WALK
2026-07-14,6 Minute Walk Functional Test 2008 Version,C115789,C115789,C222260,QRS;Functional Assessment;6 Minute Walk Functional Test;SIX MINUTE WALK;SIXMW1;6MWT,6MWT;SIXMW1;SIX MINUTE WALK,,"A standardized rating scale developed by Bruno Blake in 1963, which is a performance-based evaluation of functional exercise capacity in subjects with chronic respiratory disease and heart failure, as well as other populations such as healthy older adults and people suffering from fibromyalgia and scleroderma. This functional test contains 6 items and measures the distance an individual is able to walk over a total of six minutes on a hard, flat surface.",,,,C82556,C82556,Not-Done Reason,string,
2026-07-14,AJCC Cancer Staging Manual,C177561,C177561,C118969,QRS;Clinical or Research Assessment Classification;AJCC Cancer Staging Manual,AJCC Cancer Staging Manual;ajcc staging system edition,,The criteria developed by the American Joint Committee on Cancer (AJCC) for the classification and staging of neoplastic diseases.,,,,,,,,
2026-07-14,AJCC Cancer Staging Manual 7th Edition,C125755,C125755,C177561,QRS;Clinical or Research Assessment Classification;AJCC Cancer Staging Manual 7th Edition Clinical Classification;AJCC V7;AJCC1;AJCC7,AJCC V7;AJCC1;AJCC7,,"The 7th edition of the criteria developed by the American Joint Committee on Cancer (AJCC) in 2010, used for the classification and staging of neoplastic diseases.",,,,,,,,
2026-07-14,AJCC v7 - Anatomic Stage,C141699,C141699,C141675,QRS;Clinical or Research Assessment Classification;AJCC Cancer Staging Manual 7th Edition Clincal Classification;AJCC V7;AJCC V7 Clinical Classification Question,AJCC1-Anatomic;Stage;AJCC104,,AJCC Cancer Staging Manual 7th Edition (AJCC v7) Anatomic stage.,,,,C82515,C82515,Collection Date Time,datetime,
2026-07-14,AJCC v7 - Anatomic Stage,C141699,C141699,C141675,QRS;Clinical or Research Assessment Classification;AJCC Cancer Staging Manual 7th Edition Clincal Classification;AJCC V7;AJCC V7 Clinical Classification Question,AJCC1-Anatomic;Stage;AJCC104,,AJCC Cancer Staging Manual 7th Edition (AJCC v7) Anatomic stage.,,,,C91106,C91106,Clinical or Research Assessment Answer,string,Occult;0;1A;1B;IIA;IIB;IIIA;IIIB;IV;Stage unknown
2026-07-14,AJCC v7 - Anatomic Stage,C141699,C141699,C141675,QRS;Clinical or Research Assessment Classification;AJCC Cancer Staging Manual 7th Edition Clincal Classification;AJCC V7;AJCC V7 Clinical Classification Question,AJCC1-Anatomic;Stage;AJCC104,,AJCC Cancer Staging Manual 7th Edition (AJCC v7) Anatomic stage.,,,,C25692,C25692,Subcategory,string,
2026-07-14,AJCC v7 - Anatomic Stage,C141699,C141699,C141675,QRS;Clinical or Research Assessment Classification;AJCC Cancer Staging Manual 7th Edition Clincal Classification;AJCC V7;AJCC V7 Clinical Classification Question,AJCC1-Anatomic;Stage;AJCC104,,AJCC Cancer Staging Manual 7th Edition (AJCC v7) Anatomic stage.,,,,C46126,C46126,Ordinal Position,string,Occult;0;1A;1B;IIA;IIB;IIIA;IIIB;IV;Stage unknown
2026-07-14,AJCC v7 - Anatomic Stage,C141699,C141699,C141675,QRS;Clinical or Research Assessment Classification;AJCC Cancer Staging Manual 7th Edition Clincal Classification;AJCC V7;AJCC V7 Clinical Classification Question,AJCC1-Anatomic;Stage;AJCC104,,AJCC Cancer Staging Manual 7th Edition (AJCC v7) Anatomic stage.,,,,C25372,C25372,Category,string,AJCC V7
2026-07-14,AJCC v7 - Distant Metastasis (M),C141698,C141698,C141675,QRS;Clinical or Research Assessment Classification;AJCC Cancer Staging Manual 7th Edition Clincal Classification;AJCC V7;AJCC V7 Clinical Classification Question,AJCC1-Distant Metastasis (M);AJCC103,,AJCC Cancer Staging Manual 7th Edition (AJCC v7) Distant metastasis (M).,,,,C82515,C82515,Collection Date Time,datetime,
2026-07-14,AJCC v7 - Distant Metastasis (M),C141698,C141698,C141675,QRS;Clinical or Research Assessment Classification;AJCC Cancer Staging Manual 7th Edition Clincal Classification;AJCC V7;AJCC V7 Clinical Classification Question,AJCC1-Distant Metastasis (M);AJCC103,,AJCC Cancer Staging Manual 7th Edition (AJCC v7) Distant metastasis (M).,,,,C46126,C46126,Ordinal Position,string,M0;M1;M1a;M1b
2026-07-14,AJCC v7 - Distant Metastasis (M),C141698,C141698,C141675,QRS;Clinical or Research Assessment Classification;AJCC Cancer Staging Manual 7th Edition Clincal Classification;AJCC V7;AJCC V7 Clinical Classification Question,AJCC1-Distant Metastasis (M);AJCC103,,AJCC Cancer Staging Manual 7th Edition (AJCC v7) Distant metastasis (M).,,,,C25372,C25372,Category,string,AJCC V7
2026-07-14,AJCC v7 - Distant Metastasis (M),C141698,C141698,C141675,QRS;Clinical or Research Assessment Classification;AJCC Cancer Staging Manual 7th Edition Clincal Classification;AJCC V7;AJCC V7 Clinical Classification Question,AJCC1-Distant Metastasis (M);AJCC103,,AJCC Cancer Staging Manual 7th Edition (AJCC v7) Distant metastasis (M).,,,,C25692,C25692,Subcategory,string,
2026-07-14,AJCC v7 - Distant Metastasis (M),C141698,C141698,C141675,QRS;Clinical or Research Assessment Classification;AJCC Cancer Staging Manual 7th Edition Clincal Classification;AJCC V7;AJCC V7 Clinical Classification Question,AJCC1-Distant Metastasis (M);AJCC103,,AJCC Cancer Staging Manual 7th Edition (AJCC v7) Distant metastasis (M).,,,,C91106,C91106,Clinical or Research Assessment Answer,string,M0;M1;M1a;M1b
2026-07-14,AJCC v7 - Primary Tumor (T),C141696,C141696,C141675,QRS;Clinical or Research Assessment Classification;AJCC Cancer Staging Manual 7th Edition Clincal Classification;AJCC V7;AJCC V7 Clinical Classification Question,,,AJCC Cancer Staging Manual 7th Edition (AJCC v7) Primary tumor (T).,,,,C82515,C82515,Collection Date Time,datetime,
2026-07-14,AJCC v7 - Primary Tumor (T),C141696,C141696,C141675,QRS;Clinical or Research Assessment Classification;AJCC Cancer Staging Manual 7th Edition Clincal Classification;AJCC V7;AJCC V7 Clinical Classification Question,,,AJCC Cancer Staging Manual 7th Edition (AJCC v7) Primary tumor (T).,,,,C25692,C25692,Subcategory,string,
2026-07-14,AJCC v7 - Primary Tumor (T),C141696,C141696,C141675,QRS;Clinical or Research Assessment Classification;AJCC Cancer Staging Manual 7th Edition Clincal Classification;AJCC V7;AJCC V7 Clinical Classification Question,,,AJCC Cancer Staging Manual 7th Edition (AJCC v7) Primary tumor (T).,,,,C25372,C25372,Category,string,AJCC V7
2026-07-14,AJCC v7 - Primary Tumor (T),C141696,C141696,C141675,QRS;Clinical or Research Assessment Classification;AJCC Cancer Staging Manual 7th Edition Clincal Classification;AJCC V7;AJCC V7 Clinical Classification Question,,,AJCC Cancer Staging Manual 7th Edition (AJCC v7) Primary tumor (T).,,,,C46126,C46126,Ordinal Position,string,TX;T0;Tis;T1;T1a;T1b;T2;T2a;T2b;T3;T4
2026-07-14,AJCC v7 - Primary Tumor (T),C141696,C141696,C141675,QRS;Clinical or Research Assessment Classification;AJCC Cancer Staging Manual 7th Edition Clincal Classification;AJCC V7;AJCC V7 Clinical Classification Question,,,AJCC Cancer Staging Manual 7th Edition (AJCC v7) Primary tumor (T).,,,,C91106,C91106,Clinical or Research Assessment Answer,string,TX;T0;Tis;T1;T1a;T1b;T2;T2a;T2b;T3;T4
2026-07-14,AJCC v7 - Regional Lymph Nodes (N),C141697,C141697,C141675,QRS;Clinical or Research Assessment Classification;AJCC Cancer Staging Manual 7th Edition Clincal Classification;AJCC V7;AJCC V7 Clinical Classification Question,AJCC1-Regional Lymph Nodes (N);AJCC102,,AJCC Cancer Staging Manual 7th Edition (AJCC v7) Regional lymph nodes (N).,,,,C25692,C25692,Subcategory,string,
2026-07-14,AJCC v7 - Regional Lymph Nodes (N),C141697,C141697,C141675,QRS;Clinical or Research Assessment Classification;AJCC Cancer Staging Manual 7th Edition Clincal Classification;AJCC V7;AJCC V7 Clinical Classification Question,AJCC1-Regional Lymph Nodes (N);AJCC102,,AJCC Cancer Staging Manual 7th Edition (AJCC v7) Regional lymph nodes (N).,,,,C46126,C46126,Ordinal Position,string,NX;N0;N1;N2;N3
2026-07-14,AJCC v7 - Regional Lymph Nodes (N),C141697,C141697,C141675,QRS;Clinical or Research Assessment Classification;AJCC Cancer Staging Manual 7th Edition Clincal Classification;AJCC V7;AJCC V7 Clinical Classification Question,AJCC1-Regional Lymph Nodes (N);AJCC102,,AJCC Cancer Staging Manual 7th Edition (AJCC v7) Regional lymph nodes (N).,,,,C82515,C82515,Collection Date Time,datetime,
2026-07-14,AJCC v7 - Regional Lymph Nodes (N),C141697,C141697,C141675,QRS;Clinical or Research Assessment Classification;AJCC Cancer Staging Manual 7th Edition Clincal Classification;AJCC V7;AJCC V7 Clinical Classification Question,AJCC1-Regional Lymph Nodes (N);AJCC102,,AJCC Cancer Staging Manual 7th Edition (AJCC v7) Regional lymph nodes (N).,,,,C25372,C25372,Category,string,AJCC V7
2026-07-14,AJCC v7 - Regional Lymph Nodes (N),C141697,C141697,C141675,QRS;Clinical or Research Assessment Classification;AJCC Cancer Staging Manual 7th Edition Clincal Classification;AJCC V7;AJCC V7 Clinical Classification Question,AJCC1-Regional Lymph Nodes (N);AJCC102,,AJCC Cancer Staging Manual 7th Edition (AJCC v7) Regional lymph nodes (N).,,,,C91106,C91106,Clinical or Research Assessment Answer,string,NX;N0;N1;N2;N3
2026-07-14,AJCC v7 - Residual Tumor (R),C176205,C176205,C141675,QRS;Clinical or Research Assessment Classification;AJCC Cancer Staging Manual 7th Edition Clincal Classification;AJCC V7;AJCC V7 Clinical Classification Question,AJCC1-Residual Tumor (R);AJCC105,,AJCC Cancer Staging Manual 7th Edition (AJCC v7) Residual tumor (R).,,,,C25372,C25372,Category,string,AJCC V7
2026-07-14,AJCC v7 - Residual Tumor (R),C176205,C176205,C141675,QRS;Clinical or Research Assessment Classification;AJCC Cancer Staging Manual 7th Edition Clincal Classification;AJCC V7;AJCC V7 Clinical Classification Question,AJCC1-Residual Tumor (R);AJCC105,,AJCC Cancer Staging Manual 7th Edition (AJCC v7) Residual tumor (R).,,,,C25692,C25692,Subcategory,string,
2026-07-14,AJCC v7 - Residual Tumor (R),C176205,C176205,C141675,QRS;Clinical or Research Assessment Classification;AJCC Cancer Staging Manual 7th Edition Clincal Classification;AJCC V7;AJCC V7 Clinical Classification Question,AJCC1-Residual Tumor (R);AJCC105,,AJCC Cancer Staging Manual 7th Edition (AJCC v7) Residual tumor (R).,,,,C91106,C91106,Clinical or Research Assessment Answer,string,RX;R0;R1;R2
2026-07-14,AJCC v7 - Residual Tumor (R),C176205,C176205,C141675,QRS;Clinical or Research Assessment Classification;AJCC Cancer Staging Manual 7th Edition Clincal Classification;AJCC V7;AJCC V7 Clinical Classification Question,AJCC1-Residual Tumor (R);AJCC105,,AJCC Cancer Staging Manual 7th Edition (AJCC v7) Residual tumor (R).,,,,C46126,C46126,Ordinal Position,string,RX;R0;R1;R2
2026-07-14,AJCC v7 - Residual Tumor (R),C176205,C176205,C141675,QRS;Clinical or Research Assessment Classification;AJCC Cancer Staging Manual 7th Edition Clincal Classification;AJCC V7;AJCC V7 Clinical Classification Question,AJCC1-Residual Tumor (R);AJCC105,,AJCC Cancer Staging Manual 7th Edition (AJCC v7) Residual tumor (R).,,,,C82515,C82515,Collection Date Time,datetime,
2026-07-14,AJCC v7 Clinical Classification Question,C141675,C141675,C91102,QRS Instrument Questions,,,A question associated with the AJCC v7 clinical classification.,,,,,,,,
2026-07-14,ATLAS Score Clinical Classification,C147589,C147589,C118969,QRS;Clinical or Research Assessment Classification;ATLAS Score Clinical Classification;ATLAS;ATLAS1,ATLAS;ATLAS1,,"A standardized scoring system created by Miller et al. in 2013 that assesses age, treatment with systemic antibiotics, leukocyte count, albumin and serum creatinine to predict treatment response or mortality from Clostridium difficile infection.",,,,C82515,C82515,Collection Date Time,datetime,
2026-07-14,ATLAS Score Clinical Classification,C147589,C147589,C118969,QRS;Clinical or Research Assessment Classification;ATLAS Score Clinical Classification;ATLAS;ATLAS1,ATLAS;ATLAS1,,"A standardized scoring system created by Miller et al. in 2013 that assesses age, treatment with systemic antibiotics, leukocyte count, albumin and serum creatinine to predict treatment response or mortality from Clostridium difficile infection.",,,,C82556,C82556,Not-Done Reason,string,
2026-07-14,ATLAS Score Clinical Classification,C147589,C147589,C118969,QRS;Clinical or Research Assessment Classification;ATLAS Score Clinical Classification;ATLAS;ATLAS1,ATLAS;ATLAS1,,"A standardized scoring system created by Miller et al. in 2013 that assesses age, treatment with systemic antibiotics, leukocyte count, albumin and serum creatinine to predict treatment response or mortality from Clostridium difficile infection.",,,,C82525,C82525,Test Occurrence,string,N;Y
2026-07-14,ATLAS Score Clinical Classification,C147589,C147589,C118969,QRS;Clinical or Research Assessment Classification;ATLAS Score Clinical Classification;ATLAS;ATLAS1,ATLAS;ATLAS1,,"A standardized scoring system created by Miller et al. in 2013 that assesses age, treatment with systemic antibiotics, leukocyte count, albumin and serum creatinine to predict treatment response or mortality from Clostridium difficile infection.",,,,C25372,C25372,Category,string,ATLAS
2026-07-14,Abnormal Involuntary Movement Scale Clinical Classification,C102111,C102111,C118969,QRS;Clinical or Research Assessment Classification;Abnormal Involuntary Movement Scale Clinical Classification;AIMS;AIMS01,AIMS;AIMS01,,"A standardized rating scale developed by William Guy in 1976 which is used to evaluate the severity of tardive dyskinesia in individuals taking neuroleptic agents. This instrument contains 5 sections with a total of 12 items pertaining to facial and oral movements, global judgments, trunk movements, dental status, and extremity movements. Each item is rated on either a 0 to 4 scale with 0 being none and 4 being severe, or as 'yes' or 'no.'",,,,C82515,C82515,Collection Date Time,datetime,
2026-07-14,Abnormal Involuntary Movement Scale Clinical Classification,C102111,C102111,C118969,QRS;Clinical or Research Assessment Classification;Abnormal Involuntary Movement Scale Clinical Classification;AIMS;AIMS01,AIMS;AIMS01,,"A standardized rating scale developed by William Guy in 1976 which is used to evaluate the severity of tardive dyskinesia in individuals taking neuroleptic agents. This instrument contains 5 sections with a total of 12 items pertaining to facial and oral movements, global judgments, trunk movements, dental status, and extremity movements. Each item is rated on either a 0 to 4 scale with 0 being none and 4 being severe, or as 'yes' or 'no.'",,,,C25372,C25372,Category,string,AIMS
2026-07-14,Abnormal Involuntary Movement Scale Clinical Classification,C102111,C102111,C118969,QRS;Clinical or Research Assessment Classification;Abnormal Involuntary Movement Scale Clinical Classification;AIMS;AIMS01,AIMS;AIMS01,,"A standardized rating scale developed by William Guy in 1976 which is used to evaluate the severity of tardive dyskinesia in individuals taking neuroleptic agents. This instrument contains 5 sections with a total of 12 items pertaining to facial and oral movements, global judgments, trunk movements, dental status, and extremity movements. Each item is rated on either a 0 to 4 scale with 0 being none and 4 being severe, or as 'yes' or 'no.'",,,,C82525,C82525,Test Occurrence,string,N;Y
2026-07-14,Abnormal Involuntary Movement Scale Clinical Classification,C102111,C102111,C118969,QRS;Clinical or Research Assessment Classification;Abnormal Involuntary Movement Scale Clinical Classification;AIMS;AIMS01,AIMS;AIMS01,,"A standardized rating scale developed by William Guy in 1976 which is used to evaluate the severity of tardive dyskinesia in individuals taking neuroleptic agents. This instrument contains 5 sections with a total of 12 items pertaining to facial and oral movements, global judgments, trunk movements, dental status, and extremity movements. Each item is rated on either a 0 to 4 scale with 0 being none and 4 being severe, or as 'yes' or 'no.'",,,,C82556,C82556,Not-Done Reason,string,
2026-07-14,Acute Physiology and Chronic Health Evaluation II Clinical Classification,C121005,C121005,C118969,QRS;Clinical or Research Assessment Classification;Acute Physiology and Chronic Health Evaluation II Clinical Classification;APACHE II;APCH1,APACHE II,,"A standardized rating scale developed by Knaus et al in 1985, which is a classification system used to measure severity of disease. This instrument uses a point score system based on physiological measurements, age and previous health status.",,,,C82515,C82515,Collection Date Time,datetime,
2026-07-14,Acute Physiology and Chronic Health Evaluation II Clinical Classification,C121005,C121005,C118969,QRS;Clinical or Research Assessment Classification;Acute Physiology and Chronic Health Evaluation II Clinical Classification;APACHE II;APCH1,APACHE II,,"A standardized rating scale developed by Knaus et al in 1985, which is a classification system used to measure severity of disease. This instrument uses a point score system based on physiological measurements, age and previous health status.",,,,C25372,C25372,Category,string,APACHE II
2026-07-14,Acute Physiology and Chronic Health Evaluation II Clinical Classification,C121005,C121005,C118969,QRS;Clinical or Research Assessment Classification;Acute Physiology and Chronic Health Evaluation II Clinical Classification;APACHE II;APCH1,APACHE II,,"A standardized rating scale developed by Knaus et al in 1985, which is a classification system used to measure severity of disease. This instrument uses a point score system based on physiological measurements, age and previous health status.",,,,C82556,C82556,Not-Done Reason,string,
2026-07-14,Acute Physiology and Chronic Health Evaluation II Clinical Classification,C121005,C121005,C118969,QRS;Clinical or Research Assessment Classification;Acute Physiology and Chronic Health Evaluation II Clinical Classification;APACHE II;APCH1,APACHE II,,"A standardized rating scale developed by Knaus et al in 1985, which is a classification system used to measure severity of disease. This instrument uses a point score system based on physiological measurements, age and previous health status.",,,,C82525,C82525,Test Occurrence,string,N;Y
2026-07-14,Alzheimer's Disease Assessment Scale-Cognitive CDISC Version Functional Test,C100762,C100762,C222259,QRS;Functional Assessment;Alzheimer's Disease Assessment Scale-Cognitive CDISC Version Functional Test;ADAS-Cog;ADC,,,"The CDISC version of the Alzheimer's Disease Assessment Scale-Cognitive (CDISC ADAS-Cog) containing 15 summary-level tests. This version is based on combining the total pool of ADAS-Cog tests that were observed during a review of multiple case report forms administered in clinical trials of Alzheimer's disease, as well as the CRF administered in the Alzheimer's Disease Neuroimaging Initiative (ADNI) observational study. (Modified from Mohs RC, Rosen WG, Davis KL. The Alzheimer's disease assessment scale: an instrument for assessing treatment efficacy. Psychopharmacol Bull 1983;19(3):448-450. Rosen WG, Mohs RC, Davis KL. A new rating scale for Alzheimer's disease. Am J Psychiatry 1984;141(11):1356-1364. Mohs RC, Knopman D, Petersen RC et al. Development of cognitive instruments for use in clinical trials of antidementia drugs: additions to the Alzheimer's Disease Assessment Scale that broaden its scope. The Alzheimer's Disease Cooperative Study. Alzheimer Dis Assoc Disord 1997;11 Suppl 2:S13-S21. Wouters H, van Gool WA, Schmand B, Lindeboom R. Revising the ADAS-cog for a more accurate assessment of cognitive impairment. Alzheimer Dis Assoc Disord 2008;22(3):236-244.).",,,,C82556,C82556,Not-Done Reason,string,Participant refused;Participant unable for physical reasons;Participant unable for cognitive reasons;Not done for reasons other than physical/cognitive
2026-07-14,Alzheimer's Disease Assessment Scale-Cognitive CDISC Version Functional Test,C100762,C100762,C222259,QRS;Functional Assessment;Alzheimer's Disease Assessment Scale-Cognitive CDISC Version Functional Test;ADAS-Cog;ADC,,,"The CDISC version of the Alzheimer's Disease Assessment Scale-Cognitive (CDISC ADAS-Cog) containing 15 summary-level tests. This version is based on combining the total pool of ADAS-Cog tests that were observed during a review of multiple case report forms administered in clinical trials of Alzheimer's disease, as well as the CRF administered in the Alzheimer's Disease Neuroimaging Initiative (ADNI) observational study. (Modified from Mohs RC, Rosen WG, Davis KL. The Alzheimer's disease assessment scale: an instrument for assessing treatment efficacy. Psychopharmacol Bull 1983;19(3):448-450. Rosen WG, Mohs RC, Davis KL. A new rating scale for Alzheimer's disease. Am J Psychiatry 1984;141(11):1356-1364. Mohs RC, Knopman D, Petersen RC et al. Development of cognitive instruments for use in clinical trials of antidementia drugs: additions to the Alzheimer's Disease Assessment Scale that broaden its scope. The Alzheimer's Disease Cooperative Study. Alzheimer Dis Assoc Disord 1997;11 Suppl 2:S13-S21. Wouters H, van Gool WA, Schmand B, Lindeboom R. Revising the ADAS-cog for a more accurate assessment of cognitive impairment. Alzheimer Dis Assoc Disord 2008;22(3):236-244.).",,,,C25372,C25372,Category,string,ADAS-COG
2026-07-14,Alzheimer's Disease Assessment Scale-Cognitive CDISC Version Functional Test,C100762,C100762,C222259,QRS;Functional Assessment;Alzheimer's Disease Assessment Scale-Cognitive CDISC Version Functional Test;ADAS-Cog;ADC,,,"The CDISC version of the Alzheimer's Disease Assessment Scale-Cognitive (CDISC ADAS-Cog) containing 15 summary-level tests. This version is based on combining the total pool of ADAS-Cog tests that were observed during a review of multiple case report forms administered in clinical trials of Alzheimer's disease, as well as the CRF administered in the Alzheimer's Disease Neuroimaging Initiative (ADNI) observational study. (Modified from Mohs RC, Rosen WG, Davis KL. The Alzheimer's disease assessment scale: an instrument for assessing treatment efficacy. Psychopharmacol Bull 1983;19(3):448-450. Rosen WG, Mohs RC, Davis KL. A new rating scale for Alzheimer's disease. Am J Psychiatry 1984;141(11):1356-1364. Mohs RC, Knopman D, Petersen RC et al. Development of cognitive instruments for use in clinical trials of antidementia drugs: additions to the Alzheimer's Disease Assessment Scale that broaden its scope. The Alzheimer's Disease Cooperative Study. Alzheimer Dis Assoc Disord 1997;11 Suppl 2:S13-S21. Wouters H, van Gool WA, Schmand B, Lindeboom R. Revising the ADAS-cog for a more accurate assessment of cognitive impairment. Alzheimer Dis Assoc Disord 2008;22(3):236-244.).",,,,C82525,C82525,Test Occurrence,string,N;Y
2026-07-14,Alzheimer's Disease Assessment Scale-Cognitive CDISC Version Functional Test,C100762,C100762,C222259,QRS;Functional Assessment;Alzheimer's Disease Assessment Scale-Cognitive CDISC Version Functional Test;ADAS-Cog;ADC,,,"The CDISC version of the Alzheimer's Disease Assessment Scale-Cognitive (CDISC ADAS-Cog) containing 15 summary-level tests. This version is based on combining the total pool of ADAS-Cog tests that were observed during a review of multiple case report forms administered in clinical trials of Alzheimer's disease, as well as the CRF administered in the Alzheimer's Disease Neuroimaging Initiative (ADNI) observational study. (Modified from Mohs RC, Rosen WG, Davis KL. The Alzheimer's disease assessment scale: an instrument for assessing treatment efficacy. Psychopharmacol Bull 1983;19(3):448-450. Rosen WG, Mohs RC, Davis KL. A new rating scale for Alzheimer's disease. Am J Psychiatry 1984;141(11):1356-1364. Mohs RC, Knopman D, Petersen RC et al. Development of cognitive instruments for use in clinical trials of antidementia drugs: additions to the Alzheimer's Disease Assessment Scale that broaden its scope. The Alzheimer's Disease Cooperative Study. Alzheimer Dis Assoc Disord 1997;11 Suppl 2:S13-S21. Wouters H, van Gool WA, Schmand B, Lindeboom R. Revising the ADAS-cog for a more accurate assessment of cognitive impairment. Alzheimer Dis Assoc Disord 2008;22(3):236-244.).",,,,C82515,C82515,Collection Date Time,datetime,
2026-07-14,Appropriate Developmental Age Indicator,C171499,C171499,C25180,Subject Characteristics;Indicators,ADEVAIND;Appropriate Development For Age Indicator,Nominal,"An indication as to whether the subject's chronological age matches their physical, emotional, social, and cognitive functioning.",,,,C82515,C82515,Collection Date Time,datetime,
2026-07-14,Appropriate Developmental Age Indicator,C171499,C171499,C25180,Subject Characteristics;Indicators,ADEVAIND;Appropriate Development For Age Indicator,Nominal,"An indication as to whether the subject's chronological age matches their physical, emotional, social, and cognitive functioning.",,,,C25372,C25372,Category,string,
2026-07-14,Appropriate Developmental Age Indicator,C171499,C171499,C25180,Subject Characteristics;Indicators,ADEVAIND;Appropriate Development For Age Indicator,Nominal,"An indication as to whether the subject's chronological age matches their physical, emotional, social, and cognitive functioning.",,,,C70856,C70856,Observation Result,string,N;Y;U
2026-07-14,Birth Country,C200441,C200441,C16632,Subject Characteristics,BRCTRY;Country of Birth;Birth Country,Nominal,The country where a subject was born.,,,,C82515,C82515,Collection Date Time,datetime,
2026-07-14,Birth Country,C200441,C200441,C16632,Subject Characteristics,BRCTRY;Country of Birth;Birth Country,Nominal,The country where a subject was born.,,,,C25372,C25372,Category,string,
2026-07-14,Birth Country,C200441,C200441,C16632,Subject Characteristics,BRCTRY;Country of Birth;Birth Country,Nominal,The country where a subject was born.,,,,C70856,C70856,Observation Result,string,Australia;Austria
2026-07-14,Birth Country Code,C93516,C93516,,Subject Characteristics,BRCTRYCD;Birth Country Code;birthCountryCode,Nominal,A coded value specifying the name of the country in which the biologic entity is born.,,,,C25372,C25372,Category,string,
2026-07-14,Birth Country Code,C93516,C93516,,Subject Characteristics,BRCTRYCD;Birth Country Code;birthCountryCode,Nominal,A coded value specifying the name of the country in which the biologic entity is born.,,,,C82515,C82515,Collection Date Time,datetime,
2026-07-14,Birth Country Code,C93516,C93516,,Subject Characteristics,BRCTRYCD;Birth Country Code;birthCountryCode,Nominal,A coded value specifying the name of the country in which the biologic entity is born.,,,,C70856,C70856,Observation Result,string,
2026-07-14,Birth Plurality,C198361,C198361,C92720,Subject Characteristics,BTHPLRTY;Birth Plurality,Nominal,"The number of fetuses delivered live or dead at any time in the pregnancy, regardless of gestational age or if the fetuses were delivered at different dates in the pregnancy. (CDC)",,,,C82515,C82515,Collection Date Time,datetime,
2026-07-14,Birth Plurality,C198361,C198361,C92720,Subject Characteristics,BTHPLRTY;Birth Plurality,Nominal,"The number of fetuses delivered live or dead at any time in the pregnancy, regardless of gestational age or if the fetuses were delivered at different dates in the pregnancy. (CDC)",,,,C70856,C70856,Observation Result,integer,
2026-07-14,Birth Plurality,C198361,C198361,C92720,Subject Characteristics,BTHPLRTY;Birth Plurality,Nominal,"The number of fetuses delivered live or dead at any time in the pregnancy, regardless of gestational age or if the fetuses were delivered at different dates in the pregnancy. (CDC)",,,,C25372,C25372,Category,string,
2026-07-14,Breast Cancer Diagnostic or Therapeutic Procedure,C79427,C79427,,Procedures;Interventions,,,Any procedure for diagnosis or treatment of breast cancer.,,,,,,,,
2026-07-14,Breast Cancer Therapeutic Procedure,C15774,C15774,C79427,Procedures;Interventions;Breast Cancer Procedures,Breast Cancer Treatment;Breast Cancer Surgeries,Nominal,Medical or surgical interventions to eradicate breast tumors and/or their metastases.,,,,C25692,C25692,Subcategory,string,
2026-07-14,Breast Cancer Therapeutic Procedure,C15774,C15774,C79427,Procedures;Interventions;Breast Cancer Procedures,Breast Cancer Treatment;Breast Cancer Surgeries,Nominal,Medical or surgical interventions to eradicate breast tumors and/or their metastases.,,,,C25372,C25372,Category,string,
2026-07-14,Breast Cancer Therapeutic Procedure,C15774,C15774,C79427,Procedures;Interventions;Breast Cancer Procedures,Breast Cancer Treatment;Breast Cancer Surgeries,Nominal,Medical or surgical interventions to eradicate breast tumors and/or their metastases.,,,,C117512,C117512,Standardized Name of Procedure,string,
2026-07-14,Breast Cancer Therapeutic Procedure,C15774,C15774,C79427,Procedures;Interventions;Breast Cancer Procedures,Breast Cancer Treatment;Breast Cancer Surgeries,Nominal,Medical or surgical interventions to eradicate breast tumors and/or their metastases.,,,,C117511,C117511,Reported Name of Procedure,string,Mastectomy;Lumpectomy;Node Dissection
2026-07-14,Breast Cancer Therapeutic Procedure,C15774,C15774,C79427,Procedures;Interventions;Breast Cancer Procedures,Breast Cancer Treatment;Breast Cancer Surgeries,Nominal,Medical or surgical interventions to eradicate breast tumors and/or their metastases.,,,,C127786,C127786,Occurrence Indicator,boolean,Y;N
2026-07-14,Breast Cancer Therapeutic Procedure,C15774,C15774,C79427,Procedures;Interventions;Breast Cancer Procedures,Breast Cancer Treatment;Breast Cancer Surgeries,Nominal,Medical or surgical interventions to eradicate breast tumors and/or their metastases.,,,,C117529,C117529,Start Date and Time of Procedure,datetime,
2026-07-14,Breast Cancer Therapeutic Procedure,C15774,C15774,C79427,Procedures;Interventions;Breast Cancer Procedures,Breast Cancer Treatment;Breast Cancer Surgeries,Nominal,Medical or surgical interventions to eradicate breast tumors and/or their metastases.,,,,C13717,C13717,Anatomic Site,string,Breast
2026-07-14,Breast Cancer Therapeutic Procedure,C15774,C15774,C79427,Procedures;Interventions;Breast Cancer Procedures,Breast Cancer Treatment;Breast Cancer Surgeries,Nominal,Medical or surgical interventions to eradicate breast tumors and/or their metastases.,,,,C25185,C25185,Laterality,string,Right;Left;Bilateral
2026-07-14,Breast Cancer Therapeutic Procedure,C15774,C15774,C79427,Procedures;Interventions;Breast Cancer Procedures,Breast Cancer Treatment;Breast Cancer Surgeries,Nominal,Medical or surgical interventions to eradicate breast tumors and/or their metastases.,,,,C54215,C54215,Directionality,string,Upper;Lower;Inner;Outer;Peripheral
2026-07-14,Breast Cancer Therapeutic Procedure,C15774,C15774,C79427,Procedures;Interventions;Breast Cancer Procedures,Breast Cancer Treatment;Breast Cancer Surgeries,Nominal,Medical or surgical interventions to eradicate breast tumors and/or their metastases.,,,,C171000,C171000,Prespecified Event or Intervention Indicator,boolean,Y;N
2026-07-14,Breast Cancer Therapeutic Procedure,C15774,C15774,C79427,Procedures;Interventions;Breast Cancer Procedures,Breast Cancer Treatment;Breast Cancer Surgeries,Nominal,Medical or surgical interventions to eradicate breast tumors and/or their metastases.,,,,C117530,C117530,End Date and Time of Procedure,datetime,
2026-07-14,Breast Fed Indicator,C112233,C112233,C19332,Subject Characteristics,BRFEDIND;Breast Fed Indicator,Nominal,An indication as to whether the subject was breast fed (received mother's milk) as an infant.,,,,C25372,C25372,Category,string,
2026-07-14,Breast Fed Indicator,C112233,C112233,C19332,Subject Characteristics,BRFEDIND;Breast Fed Indicator,Nominal,An indication as to whether the subject was breast fed (received mother's milk) as an infant.,,,,C70856,C70856,Observation Result,string,N;Y;U
2026-07-14,Breast Fed Indicator,C112233,C112233,C19332,Subject Characteristics,BRFEDIND;Breast Fed Indicator,Nominal,An indication as to whether the subject was breast fed (received mother's milk) as an infant.,,,,C82515,C82515,Collection Date Time,datetime,
2026-07-14,Brief Psychiatric Rating Scale A Clinical Classification,C100761,C100761,C118969,QRS;Clinical or Research Assessment Classification;Brief Psychiatric Rating Scale A Clinical Classification;BPRS-A;BPRSA1,BPRS-A;BPRSA1;Brief Psychiatric Rating Scale - Anchored,,"A standardized rating scale originally developed by Margaret G. Woerner, Salvatore Mannuzza and John M. Kane in 1988 which is used to evaluate the severity of an individual's psychiatric symptoms. This version consists of 18 questions or types of psychiatric symptoms such as depression, anxiety, hallucinations, motor skills, or other unusual behaviors and is completed during a semi-structured interview. Each symptom is rated on a scale of 1-7 or 1-9 with 1 being non-existent and 7 being very severe; 9 represents 'can not be assessed'.",,,,C82525,C82525,Test Occurrence,string,N;Y
2026-07-14,Brief Psychiatric Rating Scale A Clinical Classification,C100761,C100761,C118969,QRS;Clinical or Research Assessment Classification;Brief Psychiatric Rating Scale A Clinical Classification;BPRS-A;BPRSA1,BPRS-A;BPRSA1;Brief Psychiatric Rating Scale - Anchored,,"A standardized rating scale originally developed by Margaret G. Woerner, Salvatore Mannuzza and John M. Kane in 1988 which is used to evaluate the severity of an individual's psychiatric symptoms. This version consists of 18 questions or types of psychiatric symptoms such as depression, anxiety, hallucinations, motor skills, or other unusual behaviors and is completed during a semi-structured interview. Each symptom is rated on a scale of 1-7 or 1-9 with 1 being non-existent and 7 being very severe; 9 represents 'can not be assessed'.",,,,C82556,C82556,Not-Done Reason,string,
2026-07-14,Brief Psychiatric Rating Scale A Clinical Classification,C100761,C100761,C118969,QRS;Clinical or Research Assessment Classification;Brief Psychiatric Rating Scale A Clinical Classification;BPRS-A;BPRSA1,BPRS-A;BPRSA1;Brief Psychiatric Rating Scale - Anchored,,"A standardized rating scale originally developed by Margaret G. Woerner, Salvatore Mannuzza and John M. Kane in 1988 which is used to evaluate the severity of an individual's psychiatric symptoms. This version consists of 18 questions or types of psychiatric symptoms such as depression, anxiety, hallucinations, motor skills, or other unusual behaviors and is completed during a semi-structured interview. Each symptom is rated on a scale of 1-7 or 1-9 with 1 being non-existent and 7 being very severe; 9 represents 'can not be assessed'.",,,,C82515,C82515,Collection Date Time,datetime,
2026-07-14,Brief Psychiatric Rating Scale A Clinical Classification,C100761,C100761,C118969,QRS;Clinical or Research Assessment Classification;Brief Psychiatric Rating Scale A Clinical Classification;BPRS-A;BPRSA1,BPRS-A;BPRSA1;Brief Psychiatric Rating Scale - Anchored,,"A standardized rating scale originally developed by Margaret G. Woerner, Salvatore Mannuzza and John M. Kane in 1988 which is used to evaluate the severity of an individual's psychiatric symptoms. This version consists of 18 questions or types of psychiatric symptoms such as depression, anxiety, hallucinations, motor skills, or other unusual behaviors and is completed during a semi-structured interview. Each symptom is rated on a scale of 1-7 or 1-9 with 1 being non-existent and 7 being very severe; 9 represents 'can not be assessed'.",,,,C25372,C25372,Category,string,BPRS-A
2026-07-14,CDC HIV High Risk Donor Indicator,C139271,C139271,C25180,Subject Characteristics,HIVHRIND;CDC HIV High Risk Donor Indicator,Nominal,"An indication as to whether an organ donor may fall into one or more behavioral categories associated with increased risk of human immunodeficiency virus (HIV) infection, as defined by the 1994 Centers for Disease Control (CDC) Public Health Service Criteria for High Risk Behavior (Guidelines for preventing transmission of human immunodeficiency virus through transplantation of human tissue and organs. Centers for Disease Control and Prevention. MMWR Recomm Rep 1994; 43: 1-17).",,,,C25372,C25372,Category,string,
2026-07-14,CDC HIV High Risk Donor Indicator,C139271,C139271,C25180,Subject Characteristics,HIVHRIND;CDC HIV High Risk Donor Indicator,Nominal,"An indication as to whether an organ donor may fall into one or more behavioral categories associated with increased risk of human immunodeficiency virus (HIV) infection, as defined by the 1994 Centers for Disease Control (CDC) Public Health Service Criteria for High Risk Behavior (Guidelines for preventing transmission of human immunodeficiency virus through transplantation of human tissue and organs. Centers for Disease Control and Prevention. MMWR Recomm Rep 1994; 43: 1-17).",,,,C70856,C70856,Observation Result,string,N;Y;U
2026-07-14,CDC HIV High Risk Donor Indicator,C139271,C139271,C25180,Subject Characteristics,HIVHRIND;CDC HIV High Risk Donor Indicator,Nominal,"An indication as to whether an organ donor may fall into one or more behavioral categories associated with increased risk of human immunodeficiency virus (HIV) infection, as defined by the 1994 Centers for Disease Control (CDC) Public Health Service Criteria for High Risk Behavior (Guidelines for preventing transmission of human immunodeficiency virus through transplantation of human tissue and organs. Centers for Disease Control and Prevention. MMWR Recomm Rep 1994; 43: 1-17).",,,,C82515,C82515,Collection Date Time,datetime,
2026-07-14,Child-Pugh Clinical Classification,C121007,C121007,C118969,QRS;Clinical or Research Assessment Classification;Child-Pugh Clinical Classification;CHILD-PUGH CLASSIFICATION;Child-Pugh;CPS01;Child-Pugh Clinical Classification Question,Child-Pugh;CHILD-PUGH CLASSIFICATION;Child-Pugh Classification;Child-Pugh Score;CPS01,,"A standardized rating scale used to assess the severity of liver cirrhosis and determine the prognosis, the required strength of treatment, and the necessity of liver transplantation. This instrument uses the following clinical and lab criteria: encephalopathy grade, ascites, bilirubin, albumin, and prothrombin index.",,,,C82515,C82515,Collection Date Time,datetime,
2026-07-14,Child-Pugh Clinical Classification,C121007,C121007,C118969,QRS;Clinical or Research Assessment Classification;Child-Pugh Clinical Classification;CHILD-PUGH CLASSIFICATION;Child-Pugh;CPS01;Child-Pugh Clinical Classification Question,Child-Pugh;CHILD-PUGH CLASSIFICATION;Child-Pugh Classification;Child-Pugh Score;CPS01,,"A standardized rating scale used to assess the severity of liver cirrhosis and determine the prognosis, the required strength of treatment, and the necessity of liver transplantation. This instrument uses the following clinical and lab criteria: encephalopathy grade, ascites, bilirubin, albumin, and prothrombin index.",,,,C82556,C82556,Not-Done Reason,string,
2026-07-14,Child-Pugh Clinical Classification,C121007,C121007,C118969,QRS;Clinical or Research Assessment Classification;Child-Pugh Clinical Classification;CHILD-PUGH CLASSIFICATION;Child-Pugh;CPS01;Child-Pugh Clinical Classification Question,Child-Pugh;CHILD-PUGH CLASSIFICATION;Child-Pugh Classification;Child-Pugh Score;CPS01,,"A standardized rating scale used to assess the severity of liver cirrhosis and determine the prognosis, the required strength of treatment, and the necessity of liver transplantation. This instrument uses the following clinical and lab criteria: encephalopathy grade, ascites, bilirubin, albumin, and prothrombin index.",,,,C82525,C82525,Test Occurrence,string,N;Y
2026-07-14,Child-Pugh Clinical Classification,C121007,C121007,C118969,QRS;Clinical or Research Assessment Classification;Child-Pugh Clinical Classification;CHILD-PUGH CLASSIFICATION;Child-Pugh;CPS01;Child-Pugh Clinical Classification Question,Child-Pugh;CHILD-PUGH CLASSIFICATION;Child-Pugh Classification;Child-Pugh Score;CPS01,,"A standardized rating scale used to assess the severity of liver cirrhosis and determine the prognosis, the required strength of treatment, and the necessity of liver transplantation. This instrument uses the following clinical and lab criteria: encephalopathy grade, ascites, bilirubin, albumin, and prothrombin index.",,,,C25372,C25372,Category,string,CHILD-PUGH CLASSIFICATION
2026-07-14,Clinical Global Impression Generic Modification Version Questionnaire,C135738,C135738,C91105,QRS;Clinical or Research Assessment Questionnaire;Clinical Global Impression Generic Modification Version Questionnaire;CGI02;CGI,CGI;CGI02,,A modified version of a standardized questionnaire published in 1976 by Guy et al. that was initially created to provide a clinician-determined summary measure of a patient's global functioning prior to and after initiating a study medication. It has been modified for use in any disease/condition concept use case.,,,,C82525,C82525,Test Occurrence,string,N;Y
2026-07-14,Clinical Global Impression Generic Modification Version Questionnaire,C135738,C135738,C91105,QRS;Clinical or Research Assessment Questionnaire;Clinical Global Impression Generic Modification Version Questionnaire;CGI02;CGI,CGI;CGI02,,A modified version of a standardized questionnaire published in 1976 by Guy et al. that was initially created to provide a clinician-determined summary measure of a patient's global functioning prior to and after initiating a study medication. It has been modified for use in any disease/condition concept use case.,,,,C25372,C25372,Category,string,CGI
2026-07-14,Clinical Global Impression Generic Modification Version Questionnaire,C135738,C135738,C91105,QRS;Clinical or Research Assessment Questionnaire;Clinical Global Impression Generic Modification Version Questionnaire;CGI02;CGI,CGI;CGI02,,A modified version of a standardized questionnaire published in 1976 by Guy et al. that was initially created to provide a clinician-determined summary measure of a patient's global functioning prior to and after initiating a study medication. It has been modified for use in any disease/condition concept use case.,,,,C82515,C82515,Collection Date Time,datetime,
2026-07-14,Clinical Global Impression Generic Modification Version Questionnaire,C135738,C135738,C91105,QRS;Clinical or Research Assessment Questionnaire;Clinical Global Impression Generic Modification Version Questionnaire;CGI02;CGI,CGI;CGI02,,A modified version of a standardized questionnaire published in 1976 by Guy et al. that was initially created to provide a clinician-determined summary measure of a patient's global functioning prior to and after initiating a study medication. It has been modified for use in any disease/condition concept use case.,,,,C82556,C82556,Not-Done Reason,string,
2026-07-14,Combat Exposure Scale Questionnaire,C132532,C132532,C91105,QRS;Clinical or Research Assessment Questionnaire;Combat Exposure Scale Questionnaire;CES;CES01,CES;CES01,,"A standardized 7-item self-report scale that was developed by Keane et al in 1989 to measure combat exposure. The instrument is derived from Figley's combat scale (1980), with additional items included by consensus of a group of clinical psychologists with experience in the assessment and treatment of combat-related PTSD. The items are weighted according to the severity of the combat experience.",,,,C82525,C82525,Test Occurrence,string,N;Y
2026-07-14,Combat Exposure Scale Questionnaire,C132532,C132532,C91105,QRS;Clinical or Research Assessment Questionnaire;Combat Exposure Scale Questionnaire;CES;CES01,CES;CES01,,"A standardized 7-item self-report scale that was developed by Keane et al in 1989 to measure combat exposure. The instrument is derived from Figley's combat scale (1980), with additional items included by consensus of a group of clinical psychologists with experience in the assessment and treatment of combat-related PTSD. The items are weighted according to the severity of the combat experience.",,,,C82515,C82515,Collection Date Time,datetime,
2026-07-14,Combat Exposure Scale Questionnaire,C132532,C132532,C91105,QRS;Clinical or Research Assessment Questionnaire;Combat Exposure Scale Questionnaire;CES;CES01,CES;CES01,,"A standardized 7-item self-report scale that was developed by Keane et al in 1989 to measure combat exposure. The instrument is derived from Figley's combat scale (1980), with additional items included by consensus of a group of clinical psychologists with experience in the assessment and treatment of combat-related PTSD. The items are weighted according to the severity of the combat experience.",,,,C82556,C82556,Not-Done Reason,string,
2026-07-14,Combat Exposure Scale Questionnaire,C132532,C132532,C91105,QRS;Clinical or Research Assessment Questionnaire;Combat Exposure Scale Questionnaire;CES;CES01,CES;CES01,,"A standardized 7-item self-report scale that was developed by Keane et al in 1989 to measure combat exposure. The instrument is derived from Figley's combat scale (1980), with additional items included by consensus of a group of clinical psychologists with experience in the assessment and treatment of combat-related PTSD. The items are weighted according to the severity of the combat experience.",,,,C25372,C25372,Category,string,CES
2026-07-14,Computed Tomography,C17204,C17204,C38093,Diagnostic Imaging;Medical Imaging;Tomagraphy,CAT Scan;Computed Axial Tomography;Computed Tomography;Computerized Tomography;CT,Nominal,A method of examining structures within the body by scanning them with X rays and using a computer to construct a series of cross-sectional scans along a single axis.,,,,C117511,C117511,Reported Name of Procedure,string,
2026-07-14,Computed Tomography,C17204,C17204,C38093,Diagnostic Imaging;Medical Imaging;Tomagraphy,CAT Scan;Computed Axial Tomography;Computed Tomography;Computerized Tomography;CT,Nominal,A method of examining structures within the body by scanning them with X rays and using a computer to construct a series of cross-sectional scans along a single axis.,,,,C117512,C117512,Standardized Name of Procedure,string,
2026-07-14,Computed Tomography,C17204,C17204,C38093,Diagnostic Imaging;Medical Imaging;Tomagraphy,CAT Scan;Computed Axial Tomography;Computed Tomography;Computerized Tomography;CT,Nominal,A method of examining structures within the body by scanning them with X rays and using a computer to construct a series of cross-sectional scans along a single axis.,,,,C25372,C25372,Category,string,
2026-07-14,Computed Tomography,C17204,C17204,C38093,Diagnostic Imaging;Medical Imaging;Tomagraphy,CAT Scan;Computed Axial Tomography;Computed Tomography;Computerized Tomography;CT,Nominal,A method of examining structures within the body by scanning them with X rays and using a computer to construct a series of cross-sectional scans along a single axis.,,,,C25692,C25692,Subcategory,string,
2026-07-14,Computed Tomography,C17204,C17204,C38093,Diagnostic Imaging;Medical Imaging;Tomagraphy,CAT Scan;Computed Axial Tomography;Computed Tomography;Computerized Tomography;CT,Nominal,A method of examining structures within the body by scanning them with X rays and using a computer to construct a series of cross-sectional scans along a single axis.,,,,C171000,C171000,Prespecified Event or Intervention Indicator,boolean,Y;N
2026-07-14,Computed Tomography,C17204,C17204,C38093,Diagnostic Imaging;Medical Imaging;Tomagraphy,CAT Scan;Computed Axial Tomography;Computed Tomography;Computerized Tomography;CT,Nominal,A method of examining structures within the body by scanning them with X rays and using a computer to construct a series of cross-sectional scans along a single axis.,,,,C13717,C13717,Anatomic Site,string,Chest
2026-07-14,Computed Tomography,C17204,C17204,C38093,Diagnostic Imaging;Medical Imaging;Tomagraphy,CAT Scan;Computed Axial Tomography;Computed Tomography;Computerized Tomography;CT,Nominal,A method of examining structures within the body by scanning them with X rays and using a computer to construct a series of cross-sectional scans along a single axis.,,,,C25185,C25185,Laterality,string,Right;Left;Bilateral
2026-07-14,Computed Tomography,C17204,C17204,C38093,Diagnostic Imaging;Medical Imaging;Tomagraphy,CAT Scan;Computed Axial Tomography;Computed Tomography;Computerized Tomography;CT,Nominal,A method of examining structures within the body by scanning them with X rays and using a computer to construct a series of cross-sectional scans along a single axis.,,,,C117529,C117529,Start Date and Time of Procedure,datetime,
2026-07-14,Computed Tomography,C17204,C17204,C38093,Diagnostic Imaging;Medical Imaging;Tomagraphy,CAT Scan;Computed Axial Tomography;Computed Tomography;Computerized Tomography;CT,Nominal,A method of examining structures within the body by scanning them with X rays and using a computer to construct a series of cross-sectional scans along a single axis.,,,,C117530,C117530,End Date and Time of Procedure,datetime,
2026-07-14,Computed Tomography,C17204,C17204,C38093,Diagnostic Imaging;Medical Imaging;Tomagraphy,CAT Scan;Computed Axial Tomography;Computed Tomography;Computerized Tomography;CT,Nominal,A method of examining structures within the body by scanning them with X rays and using a computer to construct a series of cross-sectional scans along a single axis.,,,,C127786,C127786,Occurrence Indicator,boolean,Y;N
2026-07-14,Country of Permanent Address,C176365,C176365,C16632,Subject Characteristics,CTRYPAD;Country of Permanent Address,Nominal,The country in which an individual permanently resides.,,,,C70856,C70856,Observation Result,string,USA;CAN;MEX
2026-07-14,Country of Permanent Address,C176365,C176365,C16632,Subject Characteristics,CTRYPAD;Country of Permanent Address,Nominal,The country in which an individual permanently resides.,,,,C25372,C25372,Category,string,
2026-07-14,Country of Permanent Address,C176365,C176365,C16632,Subject Characteristics,CTRYPAD;Country of Permanent Address,Nominal,The country in which an individual permanently resides.,,,,C82515,C82515,Collection Date Time,datetime,
2026-07-14,Country of Potential Disease Exposure,C102612,C102612,C16632,Subject Characteristics,CTRYDEXP;Country of Potential Disease Exposure,Nominal,"System of classification based on the nation in which an individual was exposed to a disease, regardless of the nation in which he/she currently resides.",,,,C82515,C82515,Collection Date Time,datetime,
2026-07-14,Country of Potential Disease Exposure,C102612,C102612,C16632,Subject Characteristics,CTRYDEXP;Country of Potential Disease Exposure,Nominal,"System of classification based on the nation in which an individual was exposed to a disease, regardless of the nation in which he/she currently resides.",,,,C70856,C70856,Observation Result,string,USA;CAN;MEX
2026-07-14,Country of Potential Disease Exposure,C102612,C102612,C16632,Subject Characteristics,CTRYDEXP;Country of Potential Disease Exposure,Nominal,"System of classification based on the nation in which an individual was exposed to a disease, regardless of the nation in which he/she currently resides.",,,,C25372,C25372,Category,string,
2026-07-14,County of Permanent Address,C176362,C176362,,Subject Characteristics,CNTYPAD;County of Permanent Address,Nominal,The county in which an individual permanently resides.,,,,C70856,C70856,Observation Result,string,
2026-07-14,County of Permanent Address,C176362,C176362,,Subject Characteristics,CNTYPAD;County of Permanent Address,Nominal,The county in which an individual permanently resides.,,,,C25372,C25372,Category,string,
2026-07-14,County of Permanent Address,C176362,C176362,,Subject Characteristics,CNTYPAD;County of Permanent Address,Nominal,The county in which an individual permanently resides.,,,,C82515,C82515,Collection Date Time,datetime,
2026-07-14,Deceased Donor Donation Condition,C139270,C139270,,Subject Characteristics,DDDTYPE;Deceased Donor Donation Condition;Deceased Donor Donation Type,Nominal,"The conditions under which an organ is harvested from a dead donor, including the condition of the donor and the environment.",,,,C25372,C25372,Category,string,
2026-07-14,Deceased Donor Donation Condition,C139270,C139270,,Subject Characteristics,DDDTYPE;Deceased Donor Donation Condition;Deceased Donor Donation Type,Nominal,"The conditions under which an organ is harvested from a dead donor, including the condition of the donor and the environment.",,,,C70856,C70856,Observation Result,string,
2026-07-14,Deceased Donor Donation Condition,C139270,C139270,,Subject Characteristics,DDDTYPE;Deceased Donor Donation Condition;Deceased Donor Donation Type,Nominal,"The conditions under which an organ is harvested from a dead donor, including the condition of the donor and the environment.",,,,C82515,C82515,Collection Date Time,datetime,
2026-07-14,Deoxyribonucleic Acid Measurement,C135409,C135409,,Laboratory Tests;Chemistry Tests;Microbiology Tests,,,The determination of the amount of deoxyribonucleic acid (DNA) in a biological sample.,,,,,,,,
2026-07-14,Dietary Mineral Measurement,C184335,C184335,,Laboratory Tests;Chemistry Tests,,,"A determination of the total minerals in a nutritional product or meal, or a portion thereof.",,,,,,,,
2026-07-14,Dietary Phosphorus Measurement,C184481,C184481,C184335,Laboratory Tests;Chemistry Tests;Dietary Mineral Measurements,DP;Dietary Phosphorus,Quantitative,"A determination of the phosphorus in a nutritional product or meal, or a portion thereof.",,,,C42579,C42579,Unit of Mass,string,Milligrams
2026-07-14,Dietary Phosphorus Measurement,C184481,C184481,C184335,Laboratory Tests;Chemistry Tests;Dietary Mineral Measurements,DP;Dietary Phosphorus,Quantitative,"A determination of the phosphorus in a nutritional product or meal, or a portion thereof.",,,,C70856,C70856,Observation Result,decimal,
2026-07-14,Dietary Phosphorus Measurement,C184481,C184481,C184335,Laboratory Tests;Chemistry Tests;Dietary Mineral Measurements,DP;Dietary Phosphorus,Quantitative,"A determination of the phosphorus in a nutritional product or meal, or a portion thereof.",,,,C82515,C82515,Collection Date Time,datetime,
2026-07-14,Disease Contact Investigation Indicator,C202576,C202576,C25180,Subject Characteristics,CINVIND;Contact Investigation Indicator;Disease Contact Investigation Indicator,Nominal,An indication as to whether a contact investigation (a public health activity whereby individuals who have been exposed to a person with a suspected or confirmed contagious illness are identified for contact tracing) has been carried out for the subject.,,,,C25372,C25372,Category,string,
2026-07-14,Disease Contact Investigation Indicator,C202576,C202576,C25180,Subject Characteristics,CINVIND;Contact Investigation Indicator;Disease Contact Investigation Indicator,Nominal,An indication as to whether a contact investigation (a public health activity whereby individuals who have been exposed to a person with a suspected or confirmed contagious illness are identified for contact tracing) has been carried out for the subject.,,,,C82515,C82515,Collection Date Time,datetime,
2026-07-14,Disease Contact Investigation Indicator,C202576,C202576,C25180,Subject Characteristics,CINVIND;Contact Investigation Indicator;Disease Contact Investigation Indicator,Nominal,An indication as to whether a contact investigation (a public health activity whereby individuals who have been exposed to a person with a suspected or confirmed contagious illness are identified for contact tracing) has been carried out for the subject.,,,,C70856,C70856,Observation Result,string,N;Y;U
2026-07-14,Disease Recurrence Indicator,C123621,C123621,C93645,Oncology Standards;Disease Response;RS,DRCRIND,Nominal,An indication as to whether disease recurrence occurred.,,,,C82515,C82515,Collection Date Time,datetime,
2026-07-14,Disease Recurrence Indicator,C123621,C123621,C93645,Oncology Standards;Disease Response;RS,DRCRIND,Nominal,An indication as to whether disease recurrence occurred.,,,,C70856,C70856,Observation Result,string,Y;N
2026-07-14,Disease Recurrence Indicator,C123621,C123621,C93645,Oncology Standards;Disease Response;RS,DRCRIND,Nominal,An indication as to whether disease recurrence occurred.,,,,C51824,C51824,Evaluator,string,Investigator;Radiologist
2026-07-14,Disease Recurrence Indicator,C123621,C123621,C93645,Oncology Standards;Disease Response;RS,DRCRIND,Nominal,An indication as to whether disease recurrence occurred.,,,,C117043,C117043,Evaluator Identifier,string,Radiologist 1;Radiologist 2;Radiologist 3
2026-07-14,Disease Recurrence Relative Location,C123633,C123633,C25341,Oncology Standards;Tumor/Lesion Identification;TU,DRCRLTLC,Nominal,A description of the region or relative location for the disease recurrence.,,,,C70856,C70856,Observation Result,string,
2026-07-14,Disease Recurrence Relative Location,C123633,C123633,C25341,Oncology Standards;Tumor/Lesion Identification;TU,DRCRLTLC,Nominal,A description of the region or relative location for the disease recurrence.,,,,C51824,C51824,Evaluator,string,Investigator;Radiologist
2026-07-14,Disease Recurrence Relative Location,C123633,C123633,C25341,Oncology Standards;Tumor/Lesion Identification;TU,DRCRLTLC,Nominal,A description of the region or relative location for the disease recurrence.,,,,C117043,C117043,Evaluator Identifier,string,Radiologist 1;Radiologist 2;Radiologist 3
2026-07-14,Disease Recurrence Relative Location,C123633,C123633,C25341,Oncology Standards;Tumor/Lesion Identification;TU,DRCRLTLC,Nominal,A description of the region or relative location for the disease recurrence.,,,,C82515,C82515,Collection Date Time,datetime,
2026-07-14,District of Permanent Address,C176363,C176363,,Subject Characteristics,DISTPAD;District of Permanent Address,Nominal,The district in which an individual permanently resides.,,,,C70856,C70856,Observation Result,string,
2026-07-14,District of Permanent Address,C176363,C176363,,Subject Characteristics,DISTPAD;District of Permanent Address,Nominal,The district in which an individual permanently resides.,,,,C82515,C82515,Collection Date Time,datetime,
2026-07-14,District of Permanent Address,C176363,C176363,,Subject Characteristics,DISTPAD;District of Permanent Address,Nominal,The district in which an individual permanently resides.,,,,C25372,C25372,Category,string,
2026-07-14,District of Potential Disease Exposure,C174364,C174364,C16632,Subject Characteristics,DISTDEXP;District of Potential Disease Exposure,Nominal,The district in which the an individual was potentially exposed to a disease.,,,,C25372,C25372,Category,string,
2026-07-14,District of Potential Disease Exposure,C174364,C174364,C16632,Subject Characteristics,DISTDEXP;District of Potential Disease Exposure,Nominal,The district in which the an individual was potentially exposed to a disease.,,,,C70856,C70856,Observation Result,string,
2026-07-14,District of Potential Disease Exposure,C174364,C174364,C16632,Subject Characteristics,DISTDEXP;District of Potential Disease Exposure,Nominal,The district in which the an individual was potentially exposed to a disease.,,,,C82515,C82515,Collection Date Time,datetime,
2026-07-14,Dominant Hand,C114182,C114182,C19332,Subject Characteristics,HANDDOM;Dominant Hand,Nominal,The preferred hand of use for controlled and efficient performance of motor tasks.,,,,C70856,C70856,Observation Result,string,LEFT;RIGHT
2026-07-14,Dominant Hand,C114182,C114182,C19332,Subject Characteristics,HANDDOM;Dominant Hand,Nominal,The preferred hand of use for controlled and efficient performance of motor tasks.,,,,C82515,C82515,Collection Date Time,datetime,
2026-07-14,Dominant Hand,C114182,C114182,C19332,Subject Characteristics,HANDDOM;Dominant Hand,Nominal,The preferred hand of use for controlled and efficient performance of motor tasks.,,,,C25372,C25372,Category,string,
2026-07-14,Donor Status,C159525,C159525,,Person Status,,,Vital information about a donor at the time of donation.,,,,,,,,
2026-07-14,Donor Status at Time of Organ Donation,C139269,C139269,C159525,Subject Characteristics,DSTATTOD;Donor Status at Time of Organ Donation,Nominal,The donor's state or condition of being either living or brain dead at the time of organ harvesting.,,,,C70856,C70856,Observation Result,string,
2026-07-14,Donor Status at Time of Organ Donation,C139269,C139269,C159525,Subject Characteristics,DSTATTOD;Donor Status at Time of Organ Donation,Nominal,The donor's state or condition of being either living or brain dead at the time of organ harvesting.,,,,C25372,C25372,Category,string,
2026-07-14,Donor Status at Time of Organ Donation,C139269,C139269,C159525,Subject Characteristics,DSTATTOD;Donor Status at Time of Organ Donation,Nominal,The donor's state or condition of being either living or brain dead at the time of organ harvesting.,,,,C82515,C82515,Collection Date Time,datetime,
2026-07-14,Eastern Cooperative Oncology Group Performance Status Clinical Classification,C102116,C102116,C118969,QRS;Clinical or Research Assessment Classification;Eastern Cooperative Oncology Group Performance Status Clinical Classification;ECOG;ECOG1,ECOG,,"A standardized classification scale, published by Oken et al. in 1982 for the Eastern Cooperative Oncology Group (ECOG), that utilizes a six point rating scale to assess a patient's functional status.",,,,C82556,C82556,Not-Done Reason,string,
2026-07-14,Eastern Cooperative Oncology Group Performance Status Clinical Classification,C102116,C102116,C118969,QRS;Clinical or Research Assessment Classification;Eastern Cooperative Oncology Group Performance Status Clinical Classification;ECOG;ECOG1,ECOG,,"A standardized classification scale, published by Oken et al. in 1982 for the Eastern Cooperative Oncology Group (ECOG), that utilizes a six point rating scale to assess a patient's functional status.",,,,C82515,C82515,Collection Date Time,datetime,
2026-07-14,Eastern Cooperative Oncology Group Performance Status Clinical Classification,C102116,C102116,C118969,QRS;Clinical or Research Assessment Classification;Eastern Cooperative Oncology Group Performance Status Clinical Classification;ECOG;ECOG1,ECOG,,"A standardized classification scale, published by Oken et al. in 1982 for the Eastern Cooperative Oncology Group (ECOG), that utilizes a six point rating scale to assess a patient's functional status.",,,,C82525,C82525,Test Occurrence,string,N;Y
2026-07-14,Eastern Cooperative Oncology Group Performance Status Clinical Classification,C102116,C102116,C118969,QRS;Clinical or Research Assessment Classification;Eastern Cooperative Oncology Group Performance Status Clinical Classification;ECOG;ECOG1,ECOG,,"A standardized classification scale, published by Oken et al. in 1982 for the Eastern Cooperative Oncology Group (ECOG), that utilizes a six point rating scale to assess a patient's functional status.",,,,C25372,C25372,Category,string,ECOG
2026-07-14,Education Level,C17953,C17953,C17468,Subject Characteristics,EDULEVEL;Education;Education Level;Education Level Completed;education_level;Educational Attainment;Educational Level;Level of Education Attained,Ordinal,"An indication of the years of schooling completed in graded public, private, or parochial schools, and in colleges, universities, or professional schools.",,,,C82515,C82515,Collection Date Time,datetime,
2026-07-14,Education Level,C17953,C17953,C17468,Subject Characteristics,EDULEVEL;Education;Education Level;Education Level Completed;education_level;Educational Attainment;Educational Level;Level of Education Attained,Ordinal,"An indication of the years of schooling completed in graded public, private, or parochial schools, and in colleges, universities, or professional schools.",,,,C25372,C25372,Category,string,
2026-07-14,Education Level,C17953,C17953,C17468,Subject Characteristics,EDULEVEL;Education;Education Level;Education Level Completed;education_level;Educational Attainment;Educational Level;Level of Education Attained,Ordinal,"An indication of the years of schooling completed in graded public, private, or parochial schools, and in colleges, universities, or professional schools.",,,,C70856,C70856,Observation Result,string,
2026-07-14,Employee Salary Type,C74566,C74566,,Subject Characteristics,SALTYP;Employee Salary Type,Nominal,A coding scheme used to describe the possible methods of compensation in an occupation.,,,,C25372,C25372,Category,string,
2026-07-14,Employee Salary Type,C74566,C74566,,Subject Characteristics,SALTYP;Employee Salary Type,Nominal,A coding scheme used to describe the possible methods of compensation in an occupation.,,,,C70856,C70856,Observation Result,string,
2026-07-14,Employee Salary Type,C74566,C74566,,Subject Characteristics,SALTYP;Employee Salary Type,Nominal,A coding scheme used to describe the possible methods of compensation in an occupation.,,,,C82515,C82515,Collection Date Time,datetime,
2026-07-14,Employer Based Health Insurance Indicator,C209683,C209683,C209446,Subject Characteristics,HIEMPIND;Employer Based Health Insurance Ind;Employer Based Health Insurance Indicator,Nominal,An indication as to whether the subject is covered by their own or a family member's employer-based health insurance.,,,,C82515,C82515,Collection Date Time,datetime,
2026-07-14,Employer Based Health Insurance Indicator,C209683,C209683,C209446,Subject Characteristics,HIEMPIND;Employer Based Health Insurance Ind;Employer Based Health Insurance Indicator,Nominal,An indication as to whether the subject is covered by their own or a family member's employer-based health insurance.,,,,C25372,C25372,Category,string,
2026-07-14,Employer Based Health Insurance Indicator,C209683,C209683,C209446,Subject Characteristics,HIEMPIND;Employer Based Health Insurance Ind;Employer Based Health Insurance Indicator,Nominal,An indication as to whether the subject is covered by their own or a family member's employer-based health insurance.,,,,C70856,C70856,Observation Result,string,N;Y;U
2026-07-14,Employment Status,C179143,C179143,C171086,Subject Characteristics,EMPSTAT;Employment Status,Nominal,The state of a person with regard to earning wages or salary.,,,,C70856,C70856,Observation Result,string,FULL-TIME;NOT EMPLOYED;PART-TIME;EMPLOYED;RETIRED
2026-07-14,Employment Status,C179143,C179143,C171086,Subject Characteristics,EMPSTAT;Employment Status,Nominal,The state of a person with regard to earning wages or salary.,,,,C25372,C25372,Category,string,
2026-07-14,Employment Status,C179143,C179143,C171086,Subject Characteristics,EMPSTAT;Employment Status,Nominal,The state of a person with regard to earning wages or salary.,,,,C82515,C82515,Collection Date Time,datetime,
2026-07-14,Enrolled in Daycare Indicator,C198362,C198362,C25180,Subject Characteristics,DAYCRIND;Day Care Indicator;Daycare Indicator;Enrolled in Daycare Indicator,Nominal,An indication as to whether the individual is enrolled at a daycare facility.,,,,C70856,C70856,Observation Result,string,N;Y;U
2026-07-14,Enrolled in Daycare Indicator,C198362,C198362,C25180,Subject Characteristics,DAYCRIND;Day Care Indicator;Daycare Indicator;Enrolled in Daycare Indicator,Nominal,An indication as to whether the individual is enrolled at a daycare facility.,,,,C82515,C82515,Collection Date Time,datetime,
2026-07-14,Enrolled in Daycare Indicator,C198362,C198362,C25180,Subject Characteristics,DAYCRIND;Day Care Indicator;Daycare Indicator;Enrolled in Daycare Indicator,Nominal,An indication as to whether the individual is enrolled at a daycare facility.,,,,C25372,C25372,Category,string,
2026-07-14,Entry Date from Country of Potential Disease Exposure,C102631,C102631,C25164,Subject Characteristics,CTRYDDTC;Entry Date from Country of Potential Disease Exposure;Entry Date from Ptntl Cntry Disease Exp,Temporal,The date on which the subject arrived in the reporting country from the country of potential disease exposure.,,,,C25372,C25372,Category,string,
2026-07-14,Entry Date from Country of Potential Disease Exposure,C102631,C102631,C25164,Subject Characteristics,CTRYDDTC;Entry Date from Country of Potential Disease Exposure;Entry Date from Ptntl Cntry Disease Exp,Temporal,The date on which the subject arrived in the reporting country from the country of potential disease exposure.,,,,C70856,C70856,Observation Result,datetime,ISO 8601
2026-07-14,Entry Date from Country of Potential Disease Exposure,C102631,C102631,C25164,Subject Characteristics,CTRYDDTC;Entry Date from Country of Potential Disease Exposure;Entry Date from Ptntl Cntry Disease Exp,Temporal,The date on which the subject arrived in the reporting country from the country of potential disease exposure.,,,,C82515,C82515,Collection Date Time,datetime,
2026-07-14,Estimated Gestational Age,C122188,C122188,C25150,Subject Characteristics,EGESTAGE;Estimated Gestational Age,Quantitative,An approximate calculation of the gestational age of the fetus.,,,,C82515,C82515,Collection Date Time,datetime,
2026-07-14,Estimated Gestational Age,C122188,C122188,C25150,Subject Characteristics,EGESTAGE;Estimated Gestational Age,Quantitative,An approximate calculation of the gestational age of the fetus.,,,,C42574,C42574,Unit of Time,string,Weeks;Days
2026-07-14,Estimated Gestational Age,C122188,C122188,C25150,Subject Characteristics,EGESTAGE;Estimated Gestational Age,Quantitative,An approximate calculation of the gestational age of the fetus.,,,,C25372,C25372,Category,string,
2026-07-14,Estimated Gestational Age,C122188,C122188,C25150,Subject Characteristics,EGESTAGE;Estimated Gestational Age,Quantitative,An approximate calculation of the gestational age of the fetus.,,,,C70856,C70856,Observation Result,decimal,
2026-07-14,European Quality of Life Five Dimension Five Level Scale Questionnaire,C102117,C102117,C91105,QRS;Clinical or Research Assessment Questionnaire;European Quality of Life Five Dimension Five Level Scale Questionnaire;EQ-5D-5L;EQ5D02,EQ5D02;EQ-5D-5L;European Quality of Life Five Dimension Five Level Scale Questionnaire,,"A standardized rating scale which is used as a measure of health outcome. This instrument is a descriptive system consisting of 5 dimensions: mobility, self-care, usual activity, pain/discomfort, and anxiety/depression. Each dimension has 5 levels ranging from no problem to extreme problem or incapable, which are assessed by the patient.",,,,C82534,C82534,Evaluation Interval,string,Today
2026-07-14,European Quality of Life Five Dimension Five Level Scale Questionnaire,C102117,C102117,C91105,QRS;Clinical or Research Assessment Questionnaire;European Quality of Life Five Dimension Five Level Scale Questionnaire;EQ-5D-5L;EQ5D02,EQ5D02;EQ-5D-5L;European Quality of Life Five Dimension Five Level Scale Questionnaire,,"A standardized rating scale which is used as a measure of health outcome. This instrument is a descriptive system consisting of 5 dimensions: mobility, self-care, usual activity, pain/discomfort, and anxiety/depression. Each dimension has 5 levels ranging from no problem to extreme problem or incapable, which are assessed by the patient.",,,,C82515,C82515,Collection Date Time,datetime,
2026-07-14,European Quality of Life Five Dimension Five Level Scale Questionnaire,C102117,C102117,C91105,QRS;Clinical or Research Assessment Questionnaire;European Quality of Life Five Dimension Five Level Scale Questionnaire;EQ-5D-5L;EQ5D02,EQ5D02;EQ-5D-5L;European Quality of Life Five Dimension Five Level Scale Questionnaire,,"A standardized rating scale which is used as a measure of health outcome. This instrument is a descriptive system consisting of 5 dimensions: mobility, self-care, usual activity, pain/discomfort, and anxiety/depression. Each dimension has 5 levels ranging from no problem to extreme problem or incapable, which are assessed by the patient.",,,,C82525,C82525,Test Occurrence,string,N;Y
2026-07-14,European Quality of Life Five Dimension Five Level Scale Questionnaire,C102117,C102117,C91105,QRS;Clinical or Research Assessment Questionnaire;European Quality of Life Five Dimension Five Level Scale Questionnaire;EQ-5D-5L;EQ5D02,EQ5D02;EQ-5D-5L;European Quality of Life Five Dimension Five Level Scale Questionnaire,,"A standardized rating scale which is used as a measure of health outcome. This instrument is a descriptive system consisting of 5 dimensions: mobility, self-care, usual activity, pain/discomfort, and anxiety/depression. Each dimension has 5 levels ranging from no problem to extreme problem or incapable, which are assessed by the patient.",,,,C82556,C82556,Not-Done Reason,string,
2026-07-14,European Quality of Life Five Dimension Five Level Scale Questionnaire,C102117,C102117,C91105,QRS;Clinical or Research Assessment Questionnaire;European Quality of Life Five Dimension Five Level Scale Questionnaire;EQ-5D-5L;EQ5D02,EQ5D02;EQ-5D-5L;European Quality of Life Five Dimension Five Level Scale Questionnaire,,"A standardized rating scale which is used as a measure of health outcome. This instrument is a descriptive system consisting of 5 dimensions: mobility, self-care, usual activity, pain/discomfort, and anxiety/depression. Each dimension has 5 levels ranging from no problem to extreme problem or incapable, which are assessed by the patient.",,,,C25372,C25372,Category,string,EQ-5D-5L
2026-07-14,Expected Date of Confinement,C81247,C81247,C25164,Subject Characteristics,Due Date;EDC;EDD;EDLVRDTC;Estimated Date of Confinement;Estimated Date of Delivery;Estimated Due Date;Expected Date of Confinement,Temporal,"The best estimated due date is determined by: last menstrual period (LMP) if confirmed by early ultrasound or no ultrasound performed, or early ultrasound if no known LMP or the ultrasound is not consistent with LMP, or known date of fertilization (e.g. Assisted Reproductive Technology (ART), Intrauterine Insemination (IUI)). Notes: 1. Ultrasound margin of error and ""early"" to be defined by SMFM/ACOG/NICHD workshop. 2. Pregnancy should not be re-dated by a later ultrasound after a best obstetrical estimate of EDD has been established. (adapted from reVITALize)",,,,C25372,C25372,Category,string,
2026-07-14,Expected Date of Confinement,C81247,C81247,C25164,Subject Characteristics,Due Date;EDC;EDD;EDLVRDTC;Estimated Date of Confinement;Estimated Date of Delivery;Estimated Due Date;Expected Date of Confinement,Temporal,"The best estimated due date is determined by: last menstrual period (LMP) if confirmed by early ultrasound or no ultrasound performed, or early ultrasound if no known LMP or the ultrasound is not consistent with LMP, or known date of fertilization (e.g. Assisted Reproductive Technology (ART), Intrauterine Insemination (IUI)). Notes: 1. Ultrasound margin of error and ""early"" to be defined by SMFM/ACOG/NICHD workshop. 2. Pregnancy should not be re-dated by a later ultrasound after a best obstetrical estimate of EDD has been established. (adapted from reVITALize)",,,,C70856,C70856,Observation Result,datetime,ISO 8601
2026-07-14,Expected Date of Confinement,C81247,C81247,C25164,Subject Characteristics,Due Date;EDC;EDD;EDLVRDTC;Estimated Date of Confinement;Estimated Date of Delivery;Estimated Due Date;Expected Date of Confinement,Temporal,"The best estimated due date is determined by: last menstrual period (LMP) if confirmed by early ultrasound or no ultrasound performed, or early ultrasound if no known LMP or the ultrasound is not consistent with LMP, or known date of fertilization (e.g. Assisted Reproductive Technology (ART), Intrauterine Insemination (IUI)). Notes: 1. Ultrasound margin of error and ""early"" to be defined by SMFM/ACOG/NICHD workshop. 2. Pregnancy should not be re-dated by a later ultrasound after a best obstetrical estimate of EDD has been established. (adapted from reVITALize)",,,,C82515,C82515,Collection Date Time,datetime,
2026-07-14,Fertility Status,C186214,C186214,C16669,Subject Characteristics,FRTLSTAT;Fertility Status,Nominal,The status of an individual with respect to their ability to produce offspring.,,,,C82515,C82515,Collection Date Time,datetime,
2026-07-14,Fertility Status,C186214,C186214,C16669,Subject Characteristics,FRTLSTAT;Fertility Status,Nominal,The status of an individual with respect to their ability to produce offspring.,,,,C70856,C70856,Observation Result,string,
2026-07-14,Fertility Status,C186214,C186214,C16669,Subject Characteristics,FRTLSTAT;Fertility Status,Nominal,The status of an individual with respect to their ability to produce offspring.,,,,C25372,C25372,Category,string,
2026-07-14,Fitzpatrick Classification Scale,C74563,C74563,C74562,Subject Characteristics,SKINCLAS;Fitzpatrick Classification Scale;Fitzpatrick Skin Classification;Fitzpatrick Skin Phototype;Fitzpatrick Skin Type System;Skin Classification,Ordinal,"A classification system used by dermatologists to determine a person's risk for sunburn. The classification is based on the skin complexion and the degree of tolerance to sun exposure and it relates to the amount of melanin pigment in the skin. It was developed by Dr. Thomas Fitzpatrick in 1975 to determine patient's skin reaction to laser and light therapy treatments. According to this system, there are six skin varieties classified from I to VI.",,,,C25372,C25372,Category,string,
2026-07-14,Fitzpatrick Classification Scale,C74563,C74563,C74562,Subject Characteristics,SKINCLAS;Fitzpatrick Classification Scale;Fitzpatrick Skin Classification;Fitzpatrick Skin Phototype;Fitzpatrick Skin Type System;Skin Classification,Ordinal,"A classification system used by dermatologists to determine a person's risk for sunburn. The classification is based on the skin complexion and the degree of tolerance to sun exposure and it relates to the amount of melanin pigment in the skin. It was developed by Dr. Thomas Fitzpatrick in 1975 to determine patient's skin reaction to laser and light therapy treatments. According to this system, there are six skin varieties classified from I to VI.",,,,C70856,C70856,Observation Result,string,Type I;Type II;Type III;Type IV;Type V;Type VI
2026-07-14,Fitzpatrick Classification Scale,C74563,C74563,C74562,Subject Characteristics,SKINCLAS;Fitzpatrick Classification Scale;Fitzpatrick Skin Classification;Fitzpatrick Skin Phototype;Fitzpatrick Skin Type System;Skin Classification,Ordinal,"A classification system used by dermatologists to determine a person's risk for sunburn. The classification is based on the skin complexion and the degree of tolerance to sun exposure and it relates to the amount of melanin pigment in the skin. It was developed by Dr. Thomas Fitzpatrick in 1975 to determine patient's skin reaction to laser and light therapy treatments. According to this system, there are six skin varieties classified from I to VI.",,,,C82515,C82515,Collection Date Time,datetime,
2026-07-14,Full-Time Student Indicator,C209682,C209682,C147485,Subject Characteristics,FTSTUIND;Full-Time Student Indicator,Nominal,An indication as to whether the subject is a full-time student.,,,,C82515,C82515,Collection Date Time,datetime,
2026-07-14,Full-Time Student Indicator,C209682,C209682,C147485,Subject Characteristics,FTSTUIND;Full-Time Student Indicator,Nominal,An indication as to whether the subject is a full-time student.,,,,C25372,C25372,Category,string,
2026-07-14,Full-Time Student Indicator,C209682,C209682,C147485,Subject Characteristics,FTSTUIND;Full-Time Student Indicator,Nominal,An indication as to whether the subject is a full-time student.,,,,C70856,C70856,Observation Result,string,N;Y;U
2026-07-14,GPS Coordinates of Potential Disease Exposure,C174365,C174365,,Subject Characteristics,GPSDEXP;GPS Coord of Potential Disease Exposure;GPS Coordinates of Potential Disease Exposure,Quantitative,The global position system (GPS) coordinates for the location at which the an individual was potentially exposed to a disease.,,,,C25372,C25372,Category,string,
2026-07-14,GPS Coordinates of Potential Disease Exposure,C174365,C174365,,Subject Characteristics,GPSDEXP;GPS Coord of Potential Disease Exposure;GPS Coordinates of Potential Disease Exposure,Quantitative,The global position system (GPS) coordinates for the location at which the an individual was potentially exposed to a disease.,,,,C70856,C70856,Observation Result,string,
2026-07-14,GPS Coordinates of Potential Disease Exposure,C174365,C174365,,Subject Characteristics,GPSDEXP;GPS Coord of Potential Disease Exposure;GPS Coordinates of Potential Disease Exposure,Quantitative,The global position system (GPS) coordinates for the location at which the an individual was potentially exposed to a disease.,,,,C82515,C82515,Collection Date Time,datetime,
2026-07-14,Gender Identity,C158277,C158277,,Subject Characteristics,GENIDENT;Gender Identity,Nominal,"A person's internally held sense of their gender, which may or may not correspond to the individual's genotypic or phenotypic sex. IMPORTANT NOTICE: The NCI Thesaurus contains biomedical terminologies that NCI does not own or control. This concept contains gender-related content that does not comply with Executive Order 14168.",,,,C25372,C25372,Category,string,
2026-07-14,Gender Identity,C158277,C158277,,Subject Characteristics,GENIDENT;Gender Identity,Nominal,"A person's internally held sense of their gender, which may or may not correspond to the individual's genotypic or phenotypic sex. IMPORTANT NOTICE: The NCI Thesaurus contains biomedical terminologies that NCI does not own or control. This concept contains gender-related content that does not comply with Executive Order 14168.",,,,C70856,C70856,Observation Result,string,AGENDER;CISGENDER MAN/BOY;CISGENDER WOMAN/GIRL;GENDER FLUID;GENDER QUEER;NON-BINARY;NOT REPORTED;TRANSGENDER MAN/BOY;TRANSGENDER WOMAN/GIRL;UNKNOWN
2026-07-14,Gender Identity,C158277,C158277,,Subject Characteristics,GENIDENT;Gender Identity,Nominal,"A person's internally held sense of their gender, which may or may not correspond to the individual's genotypic or phenotypic sex. IMPORTANT NOTICE: The NCI Thesaurus contains biomedical terminologies that NCI does not own or control. This concept contains gender-related content that does not comply with Executive Order 14168.",,,,C82515,C82515,Collection Date Time,datetime,
2026-07-14,Gestational Age at Birth,C124435,C124435,,Subject Characteristics,GSTABRTH;Gestational Age at Birth;weeks gestation at birth;weeks_gestation_at_birth,Quantitative,The gestational age of the subject at birth.,,,,C25372,C25372,Category,string,
2026-07-14,Gestational Age at Birth,C124435,C124435,,Subject Characteristics,GSTABRTH;Gestational Age at Birth;weeks gestation at birth;weeks_gestation_at_birth,Quantitative,The gestational age of the subject at birth.,,,,C82515,C82515,Collection Date Time,datetime,
2026-07-14,Gestational Age at Birth,C124435,C124435,,Subject Characteristics,GSTABRTH;Gestational Age at Birth;weeks gestation at birth;weeks_gestation_at_birth,Quantitative,The gestational age of the subject at birth.,,,,C42574,C42574,Unit of Time,string,Weeks;Days
2026-07-14,Gestational Age at Birth,C124435,C124435,,Subject Characteristics,GSTABRTH;Gestational Age at Birth;weeks gestation at birth;weeks_gestation_at_birth,Quantitative,The gestational age of the subject at birth.,,,,C70856,C70856,Observation Result,decimal,
2026-07-14,Group Affiliation,C18823,C18823,,Social Circumstances,,,Inclusion of an individual in a peer or minority group,,,,,,,,
2026-07-14,Hamilton Anxiety Rating Scale Clinical Classification,C102118,C102118,C118969,QRS;Clinical or Research Assessment Classification;Hamilton Anxiety Rating Scale Clinical Classification;HAM-A;HAMA;HAMA1,HAM-A;HAMA;HAMA1,,"A standardized rating scale developed by M. Hamilton in 1959 which is used to evaluate the severity of an individual's state of neurotic anxiety. This instrument contains 14 questions or types of symptoms associated with anxiety such as fear, mood, insomnia, and somatic symptoms, which is completed during a semi-structured interview. Each symptom is rated on a scale of 0-4 with 0 being none and 4 being the most severe. A score of 0-17 is considered 'mild', while a score of 18-24 is 'mild to moderate' and a score greater than 24 is 'moderate to severe.'",,,,C82556,C82556,Not-Done Reason,string,
2026-07-14,Hamilton Anxiety Rating Scale Clinical Classification,C102118,C102118,C118969,QRS;Clinical or Research Assessment Classification;Hamilton Anxiety Rating Scale Clinical Classification;HAM-A;HAMA;HAMA1,HAM-A;HAMA;HAMA1,,"A standardized rating scale developed by M. Hamilton in 1959 which is used to evaluate the severity of an individual's state of neurotic anxiety. This instrument contains 14 questions or types of symptoms associated with anxiety such as fear, mood, insomnia, and somatic symptoms, which is completed during a semi-structured interview. Each symptom is rated on a scale of 0-4 with 0 being none and 4 being the most severe. A score of 0-17 is considered 'mild', while a score of 18-24 is 'mild to moderate' and a score greater than 24 is 'moderate to severe.'",,,,C82515,C82515,Collection Date Time,datetime,
2026-07-14,Hamilton Anxiety Rating Scale Clinical Classification,C102118,C102118,C118969,QRS;Clinical or Research Assessment Classification;Hamilton Anxiety Rating Scale Clinical Classification;HAM-A;HAMA;HAMA1,HAM-A;HAMA;HAMA1,,"A standardized rating scale developed by M. Hamilton in 1959 which is used to evaluate the severity of an individual's state of neurotic anxiety. This instrument contains 14 questions or types of symptoms associated with anxiety such as fear, mood, insomnia, and somatic symptoms, which is completed during a semi-structured interview. Each symptom is rated on a scale of 0-4 with 0 being none and 4 being the most severe. A score of 0-17 is considered 'mild', while a score of 18-24 is 'mild to moderate' and a score greater than 24 is 'moderate to severe.'",,,,C25372,C25372,Category,string,HAM-A
2026-07-14,Hamilton Anxiety Rating Scale Clinical Classification,C102118,C102118,C118969,QRS;Clinical or Research Assessment Classification;Hamilton Anxiety Rating Scale Clinical Classification;HAM-A;HAMA;HAMA1,HAM-A;HAMA;HAMA1,,"A standardized rating scale developed by M. Hamilton in 1959 which is used to evaluate the severity of an individual's state of neurotic anxiety. This instrument contains 14 questions or types of symptoms associated with anxiety such as fear, mood, insomnia, and somatic symptoms, which is completed during a semi-structured interview. Each symptom is rated on a scale of 0-4 with 0 being none and 4 being the most severe. A score of 0-17 is considered 'mild', while a score of 18-24 is 'mild to moderate' and a score greater than 24 is 'moderate to severe.'",,,,C82525,C82525,Test Occurrence,string,N;Y
2026-07-14,Harvey-Bradshaw Index Clinical Classification,C191036,C191036,C118969,QRS;Clinical or Research Assessment Classification;Harvey-Bradshaw Index Clinical Classification;HBI;HBI01,HBI01;HBI,,"A standardized clinical tool, published in 1980 by Harvey et al. as a simplified version of the Crohn Disease Activity Index (CDAI), that assesses and scores five patient parameters (well-being, abdominal pain, number of liquid or soft stools, abdominal mass, and complications) to stratify Crohn's disease severity.",,,,C82525,C82525,Test Occurrence,string,N;Y
2026-07-14,Harvey-Bradshaw Index Clinical Classification,C191036,C191036,C118969,QRS;Clinical or Research Assessment Classification;Harvey-Bradshaw Index Clinical Classification;HBI;HBI01,HBI01;HBI,,"A standardized clinical tool, published in 1980 by Harvey et al. as a simplified version of the Crohn Disease Activity Index (CDAI), that assesses and scores five patient parameters (well-being, abdominal pain, number of liquid or soft stools, abdominal mass, and complications) to stratify Crohn's disease severity.",,,,C25372,C25372,Category,string,HBI
2026-07-14,Harvey-Bradshaw Index Clinical Classification,C191036,C191036,C118969,QRS;Clinical or Research Assessment Classification;Harvey-Bradshaw Index Clinical Classification;HBI;HBI01,HBI01;HBI,,"A standardized clinical tool, published in 1980 by Harvey et al. as a simplified version of the Crohn Disease Activity Index (CDAI), that assesses and scores five patient parameters (well-being, abdominal pain, number of liquid or soft stools, abdominal mass, and complications) to stratify Crohn's disease severity.",,,,C82515,C82515,Collection Date Time,datetime,
2026-07-14,Harvey-Bradshaw Index Clinical Classification,C191036,C191036,C118969,QRS;Clinical or Research Assessment Classification;Harvey-Bradshaw Index Clinical Classification;HBI;HBI01,HBI01;HBI,,"A standardized clinical tool, published in 1980 by Harvey et al. as a simplified version of the Crohn Disease Activity Index (CDAI), that assesses and scores five patient parameters (well-being, abdominal pain, number of liquid or soft stools, abdominal mass, and complications) to stratify Crohn's disease severity.",,,,C82556,C82556,Not-Done Reason,string,
2026-07-14,Health Insurance Indicator,C209446,C209446,C25180,Subject Characteristics,HIIND;Health Insurance Indicator,Nominal,An indication as to whether the subject is covered by health insurance.,,,,C25372,C25372,Category,string,
2026-07-14,Health Insurance Indicator,C209446,C209446,C25180,Subject Characteristics,HIIND;Health Insurance Indicator,Nominal,An indication as to whether the subject is covered by health insurance.,,,,C70856,C70856,Observation Result,string,N;Y;U
2026-07-14,Health Insurance Indicator,C209446,C209446,C25180,Subject Characteristics,HIIND;Health Insurance Indicator,Nominal,An indication as to whether the subject is covered by health insurance.,,,,C82515,C82515,Collection Date Time,datetime,
2026-07-14,Health Status,C16669,C16669,,Person Status,,,The state of a subject's mental or physical condition.,,,,,,,,
2026-07-14,Hepatitis B DNA Measurement,C103404,C103404,C135409,Laboratory Tests;Chemistry Tests;Microbiology Tests;Virology Tests,HBDNA;HBV DNA;HBV DNA Measurement,Quantitative;Nominal,The determination of the amount of hepatitis B virus DNA in a sample.,,,,C70713,C70713,Biospecimen Type,string,Serum;Plasma
2026-07-14,Hepatitis B DNA Measurement,C103404,C103404,C135409,Laboratory Tests;Chemistry Tests;Microbiology Tests;Virology Tests,HBDNA;HBV DNA;HBV DNA Measurement,Quantitative;Nominal,The determination of the amount of hepatitis B virus DNA in a sample.,,,,C82515,C82515,Collection Date Time,datetime,
2026-07-14,Hepatitis B DNA Measurement,C103404,C103404,C135409,Laboratory Tests;Chemistry Tests;Microbiology Tests;Virology Tests,HBDNA;HBV DNA;HBV DNA Measurement,Quantitative;Nominal,The determination of the amount of hepatitis B virus DNA in a sample.,,,,C82535,C82535,Test Method,string,
2026-07-14,Hepatitis B DNA Measurement,C103404,C103404,C135409,Laboratory Tests;Chemistry Tests;Microbiology Tests;Virology Tests,HBDNA;HBV DNA;HBV DNA Measurement,Quantitative;Nominal,The determination of the amount of hepatitis B virus DNA in a sample.,,,,C117062,C117062,"Measurement, Test or Examination Detail",string,
2026-07-14,Hepatitis B DNA Measurement,C103404,C103404,C135409,Laboratory Tests;Chemistry Tests;Microbiology Tests;Virology Tests,HBDNA;HBV DNA;HBV DNA Measurement,Quantitative;Nominal,The determination of the amount of hepatitis B virus DNA in a sample.,,,,C48207,C48207,Unit of Concentration,string,IU/mL
2026-07-14,Hepatitis B DNA Measurement,C103404,C103404,C135409,Laboratory Tests;Chemistry Tests;Microbiology Tests;Virology Tests,HBDNA;HBV DNA;HBV DNA Measurement,Quantitative;Nominal,The determination of the amount of hepatitis B virus DNA in a sample.,,,,C70856,C70856,Observation Result,string,
2026-07-14,Hepatitis B Surface Antibody Measurement,C74711,C74711,C125944,Laboratory Tests;Immunology Tests;Microbiology Tests,HBV Surface Antibody;HBV Surface Antibody Measurement,Quantitative;Ordinal,The determination of the surface antibody reaction of a sample to the Hepatitis B virus.,,,,C82535,C82535,Test Method,string,
2026-07-14,Hepatitis B Surface Antibody Measurement,C74711,C74711,C125944,Laboratory Tests;Immunology Tests;Microbiology Tests,HBV Surface Antibody;HBV Surface Antibody Measurement,Quantitative;Ordinal,The determination of the surface antibody reaction of a sample to the Hepatitis B virus.,,,,C117062,C117062,"Measurement, Test or Examination Detail",string,
2026-07-14,Hepatitis B Surface Antibody Measurement,C74711,C74711,C125944,Laboratory Tests;Immunology Tests;Microbiology Tests,HBV Surface Antibody;HBV Surface Antibody Measurement,Quantitative;Ordinal,The determination of the surface antibody reaction of a sample to the Hepatitis B virus.,,,,C48207,C48207,Unit of Concentration,string,mIU/mL;IU/L
2026-07-14,Hepatitis B Surface Antibody Measurement,C74711,C74711,C125944,Laboratory Tests;Immunology Tests;Microbiology Tests,HBV Surface Antibody;HBV Surface Antibody Measurement,Quantitative;Ordinal,The determination of the surface antibody reaction of a sample to the Hepatitis B virus.,,,,C70856,C70856,Observation Result,string,
2026-07-14,Hepatitis B Surface Antibody Measurement,C74711,C74711,C125944,Laboratory Tests;Immunology Tests;Microbiology Tests,HBV Surface Antibody;HBV Surface Antibody Measurement,Quantitative;Ordinal,The determination of the surface antibody reaction of a sample to the Hepatitis B virus.,,,,C82515,C82515,Collection Date Time,datetime,
2026-07-14,Hepatitis B Surface Antibody Measurement,C74711,C74711,C125944,Laboratory Tests;Immunology Tests;Microbiology Tests,HBV Surface Antibody;HBV Surface Antibody Measurement,Quantitative;Ordinal,The determination of the surface antibody reaction of a sample to the Hepatitis B virus.,,,,C70713,C70713,Biospecimen Type,string,Serum;Cerebral Spinal Fluid
2026-07-14,Hepatitis B Virus Antibody Measurement,C125944,C125944,C16723,Laboratory Tests;Immunology Tests;Microbiology Tests,,Quantitative;Ordinal,The determination of the amount of hepatitis B virus antibody present in a sample.,,,,,,,,
2026-07-14,Hepatitis B Virus Core Antibody Measurement,C96660,C96660,C125944,Laboratory Tests;Immunology Tests;Microbiology Tests,HBV Core Antibody;HBV Core Antibody Measurement,Quantitative;Ordinal,The determination of the amount of Hepatitis B virus core antibody present in a sample.,,,,C82535,C82535,Test Method,string,
2026-07-14,Hepatitis B Virus Core Antibody Measurement,C96660,C96660,C125944,Laboratory Tests;Immunology Tests;Microbiology Tests,HBV Core Antibody;HBV Core Antibody Measurement,Quantitative;Ordinal,The determination of the amount of Hepatitis B virus core antibody present in a sample.,,,,C70713,C70713,Biospecimen Type,string,Serum;Body Fluid
2026-07-14,Hepatitis B Virus Core Antibody Measurement,C96660,C96660,C125944,Laboratory Tests;Immunology Tests;Microbiology Tests,HBV Core Antibody;HBV Core Antibody Measurement,Quantitative;Ordinal,The determination of the amount of Hepatitis B virus core antibody present in a sample.,,,,C82515,C82515,Collection Date Time,datetime,
2026-07-14,Hepatitis B Virus Core Antibody Measurement,C96660,C96660,C125944,Laboratory Tests;Immunology Tests;Microbiology Tests,HBV Core Antibody;HBV Core Antibody Measurement,Quantitative;Ordinal,The determination of the amount of Hepatitis B virus core antibody present in a sample.,,,,C48207,C48207,Unit of Concentration,string,IU/mL
2026-07-14,Hepatitis B Virus Core Antibody Measurement,C96660,C96660,C125944,Laboratory Tests;Immunology Tests;Microbiology Tests,HBV Core Antibody;HBV Core Antibody Measurement,Quantitative;Ordinal,The determination of the amount of Hepatitis B virus core antibody present in a sample.,,,,C117062,C117062,"Measurement, Test or Examination Detail",string,
2026-07-14,Hepatitis B Virus Core Antibody Measurement,C96660,C96660,C125944,Laboratory Tests;Immunology Tests;Microbiology Tests,HBV Core Antibody;HBV Core Antibody Measurement,Quantitative;Ordinal,The determination of the amount of Hepatitis B virus core antibody present in a sample.,,,,C70856,C70856,Observation Result,string,
2026-07-14,Hepatitis B Virus Core Antigen Measurement,C166039,C166039,C210012,Laboratory Tests;Immunology Tests;Microbiology Tests,HBCAG;Hepatitis B Core Antigen;Hepatitis B Virus Core Antigen,Quantitative;Ordinal,The determination of the amount of Hepatitis B virus core antigen present in a sample.,,,,C70856,C70856,Observation Result,string,
2026-07-14,Hepatitis B Virus Core Antigen Measurement,C166039,C166039,C210012,Laboratory Tests;Immunology Tests;Microbiology Tests,HBCAG;Hepatitis B Core Antigen;Hepatitis B Virus Core Antigen,Quantitative;Ordinal,The determination of the amount of Hepatitis B virus core antigen present in a sample.,,,,C117062,C117062,"Measurement, Test or Examination Detail",string,
2026-07-14,Hepatitis B Virus Core Antigen Measurement,C166039,C166039,C210012,Laboratory Tests;Immunology Tests;Microbiology Tests,HBCAG;Hepatitis B Core Antigen;Hepatitis B Virus Core Antigen,Quantitative;Ordinal,The determination of the amount of Hepatitis B virus core antigen present in a sample.,,,,C82515,C82515,Collection Date Time,datetime,
2026-07-14,Hepatitis B Virus Core Antigen Measurement,C166039,C166039,C210012,Laboratory Tests;Immunology Tests;Microbiology Tests,HBCAG;Hepatitis B Core Antigen;Hepatitis B Virus Core Antigen,Quantitative;Ordinal,The determination of the amount of Hepatitis B virus core antigen present in a sample.,,,,C48207,C48207,Unit of Concentration,string,IU/mL
2026-07-14,Hepatitis B Virus Core Antigen Measurement,C166039,C166039,C210012,Laboratory Tests;Immunology Tests;Microbiology Tests,HBCAG;Hepatitis B Core Antigen;Hepatitis B Virus Core Antigen,Quantitative;Ordinal,The determination of the amount of Hepatitis B virus core antigen present in a sample.,,,,C70713,C70713,Biospecimen Type,string,Serum;Plasma
2026-07-14,Hepatitis B Virus Core Antigen Measurement,C166039,C166039,C210012,Laboratory Tests;Immunology Tests;Microbiology Tests,HBCAG;Hepatitis B Core Antigen;Hepatitis B Virus Core Antigen,Quantitative;Ordinal,The determination of the amount of Hepatitis B virus core antigen present in a sample.,,,,C82535,C82535,Test Method,string,Immunoassay
2026-07-14,Hepatitis B Virus Surface Antigen Measurement,C64850,C64850,C210012,Laboratory Tests;Immunology Tests;Microbiology Tests,HBsAg;Hepatitis B Surface Antigen;Hepatitis B Virus Surface Antigen,Quantitative;Ordinal;Nominal,A determination of the presence of hepatitis B virus surface antigen.,,,,C117062,C117062,"Measurement, Test or Examination Detail",string,
2026-07-14,Hepatitis B Virus Surface Antigen Measurement,C64850,C64850,C210012,Laboratory Tests;Immunology Tests;Microbiology Tests,HBsAg;Hepatitis B Surface Antigen;Hepatitis B Virus Surface Antigen,Quantitative;Ordinal;Nominal,A determination of the presence of hepatitis B virus surface antigen.,,,,C48207,C48207,Unit of Concentration,string,IU/mL
2026-07-14,Hepatitis B Virus Surface Antigen Measurement,C64850,C64850,C210012,Laboratory Tests;Immunology Tests;Microbiology Tests,HBsAg;Hepatitis B Surface Antigen;Hepatitis B Virus Surface Antigen,Quantitative;Ordinal;Nominal,A determination of the presence of hepatitis B virus surface antigen.,,,,C82535,C82535,Test Method,string,Immunoassay
2026-07-14,Hepatitis B Virus Surface Antigen Measurement,C64850,C64850,C210012,Laboratory Tests;Immunology Tests;Microbiology Tests,HBsAg;Hepatitis B Surface Antigen;Hepatitis B Virus Surface Antigen,Quantitative;Ordinal;Nominal,A determination of the presence of hepatitis B virus surface antigen.,,,,C70713,C70713,Biospecimen Type,string,Serum;Plasma;Cerebral Spinal Fluid;Body Fluid
2026-07-14,Hepatitis B Virus Surface Antigen Measurement,C64850,C64850,C210012,Laboratory Tests;Immunology Tests;Microbiology Tests,HBsAg;Hepatitis B Surface Antigen;Hepatitis B Virus Surface Antigen,Quantitative;Ordinal;Nominal,A determination of the presence of hepatitis B virus surface antigen.,,,,C82515,C82515,Collection Date Time,datetime,
2026-07-14,Hepatitis B Virus Surface Antigen Measurement,C64850,C64850,C210012,Laboratory Tests;Immunology Tests;Microbiology Tests,HBsAg;Hepatitis B Surface Antigen;Hepatitis B Virus Surface Antigen,Quantitative;Ordinal;Nominal,A determination of the presence of hepatitis B virus surface antigen.,,,,C70856,C70856,Observation Result,string,
2026-07-14,Hepatitis C Virus RNA Measurement,C142330,C142330,C132301,Laboratory Tests;Chemistry Tests;Microbiology Tests,HCRNA;Hepatitis C RNA,Quantitative;Ordinal,The determination of the amount of hepatitis C virus RNA present in a sample.,,,,C82535,C82535,Test Method,string,
2026-07-14,Hepatitis C Virus RNA Measurement,C142330,C142330,C132301,Laboratory Tests;Chemistry Tests;Microbiology Tests,HCRNA;Hepatitis C RNA,Quantitative;Ordinal,The determination of the amount of hepatitis C virus RNA present in a sample.,,,,C70713,C70713,Biospecimen Type,string,Serum;Plasma;Bone Marrow
2026-07-14,Hepatitis C Virus RNA Measurement,C142330,C142330,C132301,Laboratory Tests;Chemistry Tests;Microbiology Tests,HCRNA;Hepatitis C RNA,Quantitative;Ordinal,The determination of the amount of hepatitis C virus RNA present in a sample.,,,,C48207,C48207,Unit of Concentration,string,IU/mL
2026-07-14,Hepatitis C Virus RNA Measurement,C142330,C142330,C132301,Laboratory Tests;Chemistry Tests;Microbiology Tests,HCRNA;Hepatitis C RNA,Quantitative;Ordinal,The determination of the amount of hepatitis C virus RNA present in a sample.,,,,C117062,C117062,"Measurement, Test or Examination Detail",string,
2026-07-14,Hepatitis C Virus RNA Measurement,C142330,C142330,C132301,Laboratory Tests;Chemistry Tests;Microbiology Tests,HCRNA;Hepatitis C RNA,Quantitative;Ordinal,The determination of the amount of hepatitis C virus RNA present in a sample.,,,,C70856,C70856,Observation Result,string,
2026-07-14,Hepatitis C Virus RNA Measurement,C142330,C142330,C132301,Laboratory Tests;Chemistry Tests;Microbiology Tests,HCRNA;Hepatitis C RNA,Quantitative;Ordinal,The determination of the amount of hepatitis C virus RNA present in a sample.,,,,C82515,C82515,Collection Date Time,datetime,
2026-07-14,Income,C41150,C41150,,Socioeconomic Factors,,,"A gain or recurrent benefit during a period of time, usually measured in money that derives from capital or labor.",,,,,,,,
2026-07-14,Income Level,C154890,C154890,C41150,Subject Characteristics,INCMLVL;Income Level,Ordinal;Quantitative,An indication of the position on a scale measuring compensation or monetary support.,,,,C70856,C70856,Observation Result,string,
2026-07-14,Income Level,C154890,C154890,C41150,Subject Characteristics,INCMLVL;Income Level,Ordinal;Quantitative,An indication of the position on a scale measuring compensation or monetary support.,,,,C82515,C82515,Collection Date Time,datetime,
2026-07-14,Income Level,C154890,C154890,C41150,Subject Characteristics,INCMLVL;Income Level,Ordinal;Quantitative,An indication of the position on a scale measuring compensation or monetary support.,,,,C25372,C25372,Category,string,
2026-07-14,Indian Health Service Insurance Indicator,C209684,C209684,C209446,Subject Characteristics,HIIHSIND;Indian Health Service Insurance Ind;Indian Health Service Insurance Indicator,Nominal,An indication as to whether the subject is covered by their own or a family member's U.S. Indian Health Service insurance.,,,,C82515,C82515,Collection Date Time,datetime,
2026-07-14,Indian Health Service Insurance Indicator,C209684,C209684,C209446,Subject Characteristics,HIIHSIND;Indian Health Service Insurance Ind;Indian Health Service Insurance Indicator,Nominal,An indication as to whether the subject is covered by their own or a family member's U.S. Indian Health Service insurance.,,,,C70856,C70856,Observation Result,string,N;Y;U
2026-07-14,Indian Health Service Insurance Indicator,C209684,C209684,C209446,Subject Characteristics,HIIHSIND;Indian Health Service Insurance Ind;Indian Health Service Insurance Indicator,Nominal,An indication as to whether the subject is covered by their own or a family member's U.S. Indian Health Service insurance.,,,,C25372,C25372,Category,string,
2026-07-14,Infant Less Than One Year Indicator,C171513,C171513,C25180,Subject Characteristics,INL1YIND;Infant Less Than One Year Indicator,Nominal,An indication as to whether the subject is less than one year of age.,,,,C70856,C70856,Observation Result,string,N;Y;U
2026-07-14,Infant Less Than One Year Indicator,C171513,C171513,C25180,Subject Characteristics,INL1YIND;Infant Less Than One Year Indicator,Nominal,An indication as to whether the subject is less than one year of age.,,,,C82515,C82515,Collection Date Time,datetime,
2026-07-14,Infant Less Than One Year Indicator,C171513,C171513,C25180,Subject Characteristics,INL1YIND;Infant Less Than One Year Indicator,Nominal,An indication as to whether the subject is less than one year of age.,,,,C25372,C25372,Category,string,
2026-07-14,Intersex Diagnosis Indicator,C209687,C209687,C25180,Subject Characteristics,ISXDXIND;Intersex Diagnosis Indicator,Nominal,An indication as to whether the participant or subject has been diagnosed as intersex.,,,,C25372,C25372,Category,string,
2026-07-14,Intersex Diagnosis Indicator,C209687,C209687,C25180,Subject Characteristics,ISXDXIND;Intersex Diagnosis Indicator,Nominal,An indication as to whether the participant or subject has been diagnosed as intersex.,,,,C82515,C82515,Collection Date Time,datetime,
2026-07-14,Intersex Diagnosis Indicator,C209687,C209687,C25180,Subject Characteristics,ISXDXIND;Intersex Diagnosis Indicator,Nominal,An indication as to whether the participant or subject has been diagnosed as intersex.,,,,C70856,C70856,Observation Result,string,N;Y;U
2026-07-14,Karnofsky Performance Status Scale Clinical Classification,C100768,C100768,C118969,QRS;Clinical or Research Assessment Classification;Karnofsky Performance Status Scale Clinical Classification;KPS SCALE;KPSS01,KPS SCALE;KPSS01,,"A standardized rating scale originally developed by David A. Karnofsky and Joseph H. Burchenal in 1949 which is used to evaluate the degree to which a patient is functionally impaired. This instrument consists of 3 sections, no special care needed, unable to work, and unable to care for one's self and is completed by a clinician based on their observations. There are a total of eleven levels ranging from 0-100 where 0 indicates that the patient is dead and 100 indicates that the patient is normal.",,,,C25372,C25372,Category,string,KPS
2026-07-14,Karnofsky Performance Status Scale Clinical Classification,C100768,C100768,C118969,QRS;Clinical or Research Assessment Classification;Karnofsky Performance Status Scale Clinical Classification;KPS SCALE;KPSS01,KPS SCALE;KPSS01,,"A standardized rating scale originally developed by David A. Karnofsky and Joseph H. Burchenal in 1949 which is used to evaluate the degree to which a patient is functionally impaired. This instrument consists of 3 sections, no special care needed, unable to work, and unable to care for one's self and is completed by a clinician based on their observations. There are a total of eleven levels ranging from 0-100 where 0 indicates that the patient is dead and 100 indicates that the patient is normal.",,,,C82556,C82556,Not-Done Reason,string,
2026-07-14,Karnofsky Performance Status Scale Clinical Classification,C100768,C100768,C118969,QRS;Clinical or Research Assessment Classification;Karnofsky Performance Status Scale Clinical Classification;KPS SCALE;KPSS01,KPS SCALE;KPSS01,,"A standardized rating scale originally developed by David A. Karnofsky and Joseph H. Burchenal in 1949 which is used to evaluate the degree to which a patient is functionally impaired. This instrument consists of 3 sections, no special care needed, unable to work, and unable to care for one's self and is completed by a clinician based on their observations. There are a total of eleven levels ranging from 0-100 where 0 indicates that the patient is dead and 100 indicates that the patient is normal.",,,,C82515,C82515,Collection Date Time,datetime,
2026-07-14,Karnofsky Performance Status Scale Clinical Classification,C100768,C100768,C118969,QRS;Clinical or Research Assessment Classification;Karnofsky Performance Status Scale Clinical Classification;KPS SCALE;KPSS01,KPS SCALE;KPSS01,,"A standardized rating scale originally developed by David A. Karnofsky and Joseph H. Burchenal in 1949 which is used to evaluate the degree to which a patient is functionally impaired. This instrument consists of 3 sections, no special care needed, unable to work, and unable to care for one's self and is completed by a clinician based on their observations. There are a total of eleven levels ranging from 0-100 where 0 indicates that the patient is dead and 100 indicates that the patient is normal.",,,,C82525,C82525,Test Occurrence,string,N;Y
2026-07-14,Kurtzke Functional Systems Scores Clinical Classification,C112522,C112522,C118969,QRS;Clinical or Research Assessment Classification;Kurtzke Functional Systems Scores Clinical Classification;KFSS;KFSS1,KFSS,,"A standardized rating scale developed by John F. Kurtzke in 1983 to measure the level of functioning in people with multiple sclerosis based on a standard neurological examination. The questionnaire contains 7 functional system; pyramidal functions, cerebellar functions, brainstem functions, sensory function, bowel and bladder function, visual function, and cerebral (or mental) functions. The functional system (FS) scores collected from this questionnaire are used in conjunction with observations and information regarding ambulation and the use of assistive devices to rate the EDSS.",,,,C82515,C82515,Collection Date Time,datetime,
2026-07-14,Kurtzke Functional Systems Scores Clinical Classification,C112522,C112522,C118969,QRS;Clinical or Research Assessment Classification;Kurtzke Functional Systems Scores Clinical Classification;KFSS;KFSS1,KFSS,,"A standardized rating scale developed by John F. Kurtzke in 1983 to measure the level of functioning in people with multiple sclerosis based on a standard neurological examination. The questionnaire contains 7 functional system; pyramidal functions, cerebellar functions, brainstem functions, sensory function, bowel and bladder function, visual function, and cerebral (or mental) functions. The functional system (FS) scores collected from this questionnaire are used in conjunction with observations and information regarding ambulation and the use of assistive devices to rate the EDSS.",,,,C25372,C25372,Category,string,KFSS
2026-07-14,Kurtzke Functional Systems Scores Clinical Classification,C112522,C112522,C118969,QRS;Clinical or Research Assessment Classification;Kurtzke Functional Systems Scores Clinical Classification;KFSS;KFSS1,KFSS,,"A standardized rating scale developed by John F. Kurtzke in 1983 to measure the level of functioning in people with multiple sclerosis based on a standard neurological examination. The questionnaire contains 7 functional system; pyramidal functions, cerebellar functions, brainstem functions, sensory function, bowel and bladder function, visual function, and cerebral (or mental) functions. The functional system (FS) scores collected from this questionnaire are used in conjunction with observations and information regarding ambulation and the use of assistive devices to rate the EDSS.",,,,C82525,C82525,Test Occurrence,string,N;Y
2026-07-14,Kurtzke Functional Systems Scores Clinical Classification,C112522,C112522,C118969,QRS;Clinical or Research Assessment Classification;Kurtzke Functional Systems Scores Clinical Classification;KFSS;KFSS1,KFSS,,"A standardized rating scale developed by John F. Kurtzke in 1983 to measure the level of functioning in people with multiple sclerosis based on a standard neurological examination. The questionnaire contains 7 functional system; pyramidal functions, cerebellar functions, brainstem functions, sensory function, bowel and bladder function, visual function, and cerebral (or mental) functions. The functional system (FS) scores collected from this questionnaire are used in conjunction with observations and information regarding ambulation and the use of assistive devices to rate the EDSS.",,,,C82556,C82556,Not-Done Reason,string,
2026-07-14,Lifestyle,C16795,C16795,,Behaviors,,,A manner of living that reflects the person's values and attitudes.,,,,,,,,
2026-07-14,Living Quarters,C86029,C86029,C16632,Subject Characteristics,DWELLTYP;Dwelling Type;Housing;Living Quarters,Nominal,Housing in which people can reside.,,,,C25372,C25372,Category,string,
2026-07-14,Living Quarters,C86029,C86029,C16632,Subject Characteristics,DWELLTYP;Dwelling Type;Housing;Living Quarters,Nominal,Housing in which people can reside.,,,,C70856,C70856,Observation Result,string,
2026-07-14,Living Quarters,C86029,C86029,C16632,Subject Characteristics,DWELLTYP;Dwelling Type;Housing;Living Quarters,Nominal,Housing in which people can reside.,,,,C82515,C82515,Collection Date Time,datetime,
2026-07-14,Living with Subject Indicator,C135502,C135502,C25180,Subject Characteristics,LVSBJIND;Living with Subject Indicator,Nominal,An indication as to whether the associated person is living with the subject.,,,,C25372,C25372,Category,string,
2026-07-14,Living with Subject Indicator,C135502,C135502,C25180,Subject Characteristics,LVSBJIND;Living with Subject Indicator,Nominal,An indication as to whether the associated person is living with the subject.,,,,C82515,C82515,Collection Date Time,datetime,
2026-07-14,Living with Subject Indicator,C135502,C135502,C25180,Subject Characteristics,LVSBJIND;Living with Subject Indicator,Nominal,An indication as to whether the associated person is living with the subject.,,,,C70856,C70856,Observation Result,string,N;Y;U
2026-07-14,Magnesium Measurement,C64840,C64840,C74946,Laboratory Tests;Chemistry Tests;Electrolyte Measurements,Magnesium;MG,Quantitative;Ordinal,A quantitative measurement of the amount of magnesium present in a sample.,,,,C93566,C93566,Fasting Status Indicator,boolean,
2026-07-14,Magnesium Measurement,C64840,C64840,C74946,Laboratory Tests;Chemistry Tests;Electrolyte Measurements,Magnesium;MG,Quantitative;Ordinal,A quantitative measurement of the amount of magnesium present in a sample.,,,,C48207,C48207,Unit of Concentration,string,mmol/L;umol/L;mg/dL;ug/dL
2026-07-14,Magnesium Measurement,C64840,C64840,C74946,Laboratory Tests;Chemistry Tests;Electrolyte Measurements,Magnesium;MG,Quantitative;Ordinal,A quantitative measurement of the amount of magnesium present in a sample.,,,,C70856,C70856,Observation Result,decimal,
2026-07-14,Magnesium Measurement,C64840,C64840,C74946,Laboratory Tests;Chemistry Tests;Electrolyte Measurements,Magnesium;MG,Quantitative;Ordinal,A quantitative measurement of the amount of magnesium present in a sample.,,,,C82515,C82515,Collection Date Time,datetime,
2026-07-14,Magnesium Measurement,C64840,C64840,C74946,Laboratory Tests;Chemistry Tests;Electrolyte Measurements,Magnesium;MG,Quantitative;Ordinal,A quantitative measurement of the amount of magnesium present in a sample.,,,,C70713,C70713,Biospecimen Type,string,Blood;Plasma;Serum;Urine;Stool
2026-07-14,Marital Status,C25188,C25188,C171086,Subject Characteristics,MARISTAT;Marital or partnership status;Marital Status;marital_status;MaritalStatus;MaritalStatusUB92,Nominal,A demographic parameter indicating a person's current conjugal status.,,,,C25372,C25372,Category,string,
2026-07-14,Marital Status,C25188,C25188,C171086,Subject Characteristics,MARISTAT;Marital or partnership status;Marital Status;marital_status;MaritalStatus;MaritalStatusUB92,Nominal,A demographic parameter indicating a person's current conjugal status.,,,,C70856,C70856,Observation Result,string,ANNULLED;DIVORCED;DOMESTIC PARTNER;INTERLOCUTORY;LEGALLY SEPARATED;MARRIED;NEVER MARRIED;POLYGAMOUS;SEPARATED;WIDOWED
2026-07-14,Marital Status,C25188,C25188,C171086,Subject Characteristics,MARISTAT;Marital or partnership status;Marital Status;marital_status;MaritalStatus;MaritalStatusUB92,Nominal,A demographic parameter indicating a person's current conjugal status.,,,,C82515,C82515,Collection Date Time,datetime,
2026-07-14,Medicaid Indicator,C209688,C209688,C209446,Subject Characteristics,MDCDIND;Medicaid Indicator,Nominal,An indication as to whether the subject is covered by Medicaid.,,,,C70856,C70856,Observation Result,string,N;Y;U
2026-07-14,Medicaid Indicator,C209688,C209688,C209446,Subject Characteristics,MDCDIND;Medicaid Indicator,Nominal,An indication as to whether the subject is covered by Medicaid.,,,,C82515,C82515,Collection Date Time,datetime,
2026-07-14,Medicaid Indicator,C209688,C209688,C209446,Subject Characteristics,MDCDIND;Medicaid Indicator,Nominal,An indication as to whether the subject is covered by Medicaid.,,,,C25372,C25372,Category,string,
2026-07-14,Medicare Indicator,C209689,C209689,C209446,Subject Characteristics,MDCRIND;Medicare Indicator,Nominal,An indication as to whether the subject is covered by Medicare.,,,,C82515,C82515,Collection Date Time,datetime,
2026-07-14,Medicare Indicator,C209689,C209689,C209446,Subject Characteristics,MDCRIND;Medicare Indicator,Nominal,An indication as to whether the subject is covered by Medicare.,,,,C70856,C70856,Observation Result,string,N;Y;U
2026-07-14,Medicare Indicator,C209689,C209689,C209446,Subject Characteristics,MDCRIND;Medicare Indicator,Nominal,An indication as to whether the subject is covered by Medicare.,,,,C25372,C25372,Category,string,
2026-07-14,Member of High Risk Population,C102666,C102666,C19332,Subject Characteristics,RISKPOP;Member of High Risk Population,Nominal,An indication that a person is part of a population group that has a greater chance of contracting a disease or disorder.,,,,C82515,C82515,Collection Date Time,datetime,
2026-07-14,Member of High Risk Population,C102666,C102666,C19332,Subject Characteristics,RISKPOP;Member of High Risk Population,Nominal,An indication that a person is part of a population group that has a greater chance of contracting a disease or disorder.,,,,C70856,C70856,Observation Result,string,
2026-07-14,Member of High Risk Population,C102666,C102666,C19332,Subject Characteristics,RISKPOP;Member of High Risk Population,Nominal,An indication that a person is part of a population group that has a greater chance of contracting a disease or disorder.,,,,C25372,C25372,Category,string,
2026-07-14,Military Health Insurance Indicator,C209685,C209685,C209446,Subject Characteristics,HIMILIND;Military Health Insurance Indicator,Nominal,An indication as to whether the subject is covered by their own or a family member's military-based health insurance.,,,,C82515,C82515,Collection Date Time,datetime,
2026-07-14,Military Health Insurance Indicator,C209685,C209685,C209446,Subject Characteristics,HIMILIND;Military Health Insurance Indicator,Nominal,An indication as to whether the subject is covered by their own or a family member's military-based health insurance.,,,,C70856,C70856,Observation Result,string,N;Y;U
2026-07-14,Military Health Insurance Indicator,C209685,C209685,C209446,Subject Characteristics,HIMILIND;Military Health Insurance Indicator,Nominal,An indication as to whether the subject is covered by their own or a family member's military-based health insurance.,,,,C25372,C25372,Category,string,
2026-07-14,Military Status,C171085,C171085,C171086,Subject Characteristics,MILTSTAT;Military Status,Nominal,The status of an individual with regard to military service.,,,,C82515,C82515,Collection Date Time,datetime,
2026-07-14,Military Status,C171085,C171085,C171086,Subject Characteristics,MILTSTAT;Military Status,Nominal,The status of an individual with regard to military service.,,,,C70856,C70856,Observation Result,string,
2026-07-14,Military Status,C171085,C171085,C171086,Subject Characteristics,MILTSTAT;Military Status,Nominal,The status of an individual with regard to military service.,,,,C25372,C25372,Category,string,
2026-07-14,Modified Van Assche Index Clinical Classification,C191038,C191038,,Clinical or Research Assessment Classification;Modified Van Assche Index Clinical Classification Question;Modified Van Assche Index Clinical Classification;MVAI;MVAI1,MVAI;MVAI1,,A standardized scoring system originally developed in 2003 and modified in 2017 that utilizes quantitative radiological evaluation to assess the severity and disease response in perianal fistulizing Crohn disease.,,,,C82556,C82556,Not-Done Reason,string,
2026-07-14,Modified Van Assche Index Clinical Classification,C191038,C191038,,Clinical or Research Assessment Classification;Modified Van Assche Index Clinical Classification Question;Modified Van Assche Index Clinical Classification;MVAI;MVAI1,MVAI;MVAI1,,A standardized scoring system originally developed in 2003 and modified in 2017 that utilizes quantitative radiological evaluation to assess the severity and disease response in perianal fistulizing Crohn disease.,,,,C82515,C82515,Collection Date Time,datetime,
2026-07-14,Modified Van Assche Index Clinical Classification,C191038,C191038,,Clinical or Research Assessment Classification;Modified Van Assche Index Clinical Classification Question;Modified Van Assche Index Clinical Classification;MVAI;MVAI1,MVAI;MVAI1,,A standardized scoring system originally developed in 2003 and modified in 2017 that utilizes quantitative radiological evaluation to assess the severity and disease response in perianal fistulizing Crohn disease.,,,,C82525,C82525,Test Occurrence,string,N;Y
2026-07-14,Modified Van Assche Index Clinical Classification,C191038,C191038,,Clinical or Research Assessment Classification;Modified Van Assche Index Clinical Classification Question;Modified Van Assche Index Clinical Classification;MVAI;MVAI1,MVAI;MVAI1,,A standardized scoring system originally developed in 2003 and modified in 2017 that utilizes quantitative radiological evaluation to assess the severity and disease response in perianal fistulizing Crohn disease.,,,,C25372,C25372,Category,string,MVAI
2026-07-14,National Origin,C28407,C28407,C19332,Subject Characteristics,NATORIG;National Origin,Nominal,"System of classification based on nation from which a person originates, regardless of the nation in which he/she currently resides.",,,,C25372,C25372,Category,string,
2026-07-14,National Origin,C28407,C28407,C19332,Subject Characteristics,NATORIG;National Origin,Nominal,"System of classification based on nation from which a person originates, regardless of the nation in which he/she currently resides.",,,,C70856,C70856,Observation Result,string,
2026-07-14,National Origin,C28407,C28407,C19332,Subject Characteristics,NATORIG;National Origin,Nominal,"System of classification based on nation from which a person originates, regardless of the nation in which he/she currently resides.",,,,C82515,C82515,Collection Date Time,datetime,USA;CAN;MEX
2026-07-14,Number of Biological Brothers,C135500,C135500,C25337,Subject Characteristics,"BIOBRON;Number of Biological Brothers;Number of Brothers, Biological",Quantitative,The number of brothers that are biologically related to the subject.,,,,C25372,C25372,Category,string,
2026-07-14,Number of Biological Brothers,C135500,C135500,C25337,Subject Characteristics,"BIOBRON;Number of Biological Brothers;Number of Brothers, Biological",Quantitative,The number of brothers that are biologically related to the subject.,,,,C82515,C82515,Collection Date Time,datetime,
2026-07-14,Number of Biological Brothers,C135500,C135500,C25337,Subject Characteristics,"BIOBRON;Number of Biological Brothers;Number of Brothers, Biological",Quantitative,The number of brothers that are biologically related to the subject.,,,,C70856,C70856,Observation Result,integer,
2026-07-14,Number of Biological Sisters,C135501,C135501,C25337,Subject Characteristics,"BIOSISN;Number of Biological Sisters;Number of Sisters, Biological",Quantitative,The number of sisters that are biologically related to the subject.,,,,C70856,C70856,Observation Result,decimal,
2026-07-14,Number of Biological Sisters,C135501,C135501,C25337,Subject Characteristics,"BIOSISN;Number of Biological Sisters;Number of Sisters, Biological",Quantitative,The number of sisters that are biologically related to the subject.,,,,C25372,C25372,Category,string,
2026-07-14,Number of Biological Sisters,C135501,C135501,C25337,Subject Characteristics,"BIOSISN;Number of Biological Sisters;Number of Sisters, Biological",Quantitative,The number of sisters that are biologically related to the subject.,,,,C82515,C82515,Collection Date Time,datetime,
2026-07-14,Number of Children in Household,C19309,C19309,C17468,Subject Characteristics,CHLDHSHN;Number of Children in Household,Quantitative,"The number of children (including neonates) residing in the household. May be used as a demographics parameter, useful for identifying socio-economic groups.",,,,C82515,C82515,Collection Date Time,datetime,
2026-07-14,Number of Children in Household,C19309,C19309,C17468,Subject Characteristics,CHLDHSHN;Number of Children in Household,Quantitative,"The number of children (including neonates) residing in the household. May be used as a demographics parameter, useful for identifying socio-economic groups.",,,,C25372,C25372,Category,string,
2026-07-14,Number of Children in Household,C19309,C19309,C17468,Subject Characteristics,CHLDHSHN;Number of Children in Household,Quantitative,"The number of children (including neonates) residing in the household. May be used as a demographics parameter, useful for identifying socio-economic groups.",,,,C70856,C70856,Observation Result,integer,
2026-07-14,Number of First Degree Biological Relatives,C198360,C198360,C25337,Subject Characteristics,"BIO1DRN;Num 1st Degree Relatives, Biological;Number of First Degree Biological Relatives;Number of First Degree Relatives, Biological",Quantitative,The number of first degree relatives that are biologically related to the subject.,,,,C25372,C25372,Category,string,
2026-07-14,Number of First Degree Biological Relatives,C198360,C198360,C25337,Subject Characteristics,"BIO1DRN;Num 1st Degree Relatives, Biological;Number of First Degree Biological Relatives;Number of First Degree Relatives, Biological",Quantitative,The number of first degree relatives that are biologically related to the subject.,,,,C82515,C82515,Collection Date Time,datetime,
2026-07-14,Number of First Degree Biological Relatives,C198360,C198360,C25337,Subject Characteristics,"BIO1DRN;Num 1st Degree Relatives, Biological;Number of First Degree Biological Relatives;Number of First Degree Relatives, Biological",Quantitative,The number of first degree relatives that are biologically related to the subject.,,,,C70856,C70856,Observation Result,integer,
2026-07-14,Number of People in Household,C198363,C198363,C25337,Subject Characteristics,PPLHSHN;Number of People in Household,Quantitative,The total number of people residing in the household.,,,,C70856,C70856,Observation Result,integer,
2026-07-14,Number of People in Household,C198363,C198363,C25337,Subject Characteristics,PPLHSHN;Number of People in Household,Quantitative,The total number of people residing in the household.,,,,C25372,C25372,Category,string,
2026-07-14,Number of People in Household,C198363,C198363,C25337,Subject Characteristics,PPLHSHN;Number of People in Household,Quantitative,The total number of people residing in the household.,,,,C82515,C82515,Collection Date Time,datetime,
2026-07-14,Number of Work Days Per Week Question,C209695,C209695,,Subject Characteristics,WRKDYWKN;Number of Work Days Per Week;Number of Work Days Per Week Question,Quantitative,A question regarding the number of days per week the subject works.,,,,C70856,C70856,Observation Result,string,
2026-07-14,Number of Work Days Per Week Question,C209695,C209695,,Subject Characteristics,WRKDYWKN;Number of Work Days Per Week;Number of Work Days Per Week Question,Quantitative,A question regarding the number of days per week the subject works.,,,,C82515,C82515,Collection Date Time,datetime,
2026-07-14,Number of Work Days Per Week Question,C209695,C209695,,Subject Characteristics,WRKDYWKN;Number of Work Days Per Week;Number of Work Days Per Week Question,Quantitative,A question regarding the number of days per week the subject works.,,,,C25372,C25372,Category,string,
2026-07-14,Number of Years of Education,C122393,C122393,C17468,Subject Characteristics,EDUYRNUM;Number of Years of Education,Quantitative,The number of education years that a subject has competed.,,,,C82515,C82515,Collection Date Time,datetime,
2026-07-14,Number of Years of Education,C122393,C122393,C17468,Subject Characteristics,EDUYRNUM;Number of Years of Education,Quantitative,The number of education years that a subject has competed.,,,,C70856,C70856,Observation Result,integer,
2026-07-14,Number of Years of Education,C122393,C122393,C17468,Subject Characteristics,EDUYRNUM;Number of Years of Education,Quantitative,The number of education years that a subject has competed.,,,,C25372,C25372,Category,string,
2026-07-14,Occupation,C25193,C25193,,Subject Characteristics,EMPJOB;Employee Job;Employment Category;Job;Occupation;occupation type;occupation_type;Type of Work,Nominal,The principal activity that a person does to earn money.,,,,C70856,C70856,Observation Result,string,
2026-07-14,Occupation,C25193,C25193,,Subject Characteristics,EMPJOB;Employee Job;Employment Category;Job;Occupation;occupation type;occupation_type;Type of Work,Nominal,The principal activity that a person does to earn money.,,,,C82515,C82515,Collection Date Time,datetime,
2026-07-14,Occupation,C25193,C25193,,Subject Characteristics,EMPJOB;Employee Job;Employment Category;Job;Occupation;occupation type;occupation_type;Type of Work,Nominal,The principal activity that a person does to earn money.,,,,C25372,C25372,Category,string,
2026-07-14,Occupational Industry,C209690,C209690,,Subject Characteristics,OCUPINDS;Business Type;Occupation Type;Occupational Industry;Work Industry,Nominal,Type of business that compensates for work or assigns work to an unpaid worker or volunteer. (USCDI),,,,C70856,C70856,Observation Result,string,
2026-07-14,Occupational Industry,C209690,C209690,,Subject Characteristics,OCUPINDS;Business Type;Occupation Type;Occupational Industry;Work Industry,Nominal,Type of business that compensates for work or assigns work to an unpaid worker or volunteer. (USCDI),,,,C25372,C25372,Category,string,
2026-07-14,Occupational Industry,C209690,C209690,,Subject Characteristics,OCUPINDS;Business Type;Occupation Type;Occupational Industry;Work Industry,Nominal,Type of business that compensates for work or assigns work to an unpaid worker or volunteer. (USCDI),,,,C82515,C82515,Collection Date Time,datetime,
2026-07-14,PASI Fredriksson Version - Head: Area Score,C191069,C191069,C190947,QRS;Clinical or Research Assessment Classification;Psoriasis Area and Severity Index Fredriksson Version Clinical Classification;PASI FREDRIKSSON;PASI03;Psoriasis Area and Severity Index Fredriksson Version Clinical Classification Question,,Ordinal,Psoriasis Area and Severity Index Fredriksson Version (PASI Fredriksson Version) Head: Area score.,,,,C41202,C41202,Completion Status,string,Not Done
2026-07-14,PASI Fredriksson Version - Head: Area Score,C191069,C191069,C190947,QRS;Clinical or Research Assessment Classification;Psoriasis Area and Severity Index Fredriksson Version Clinical Classification;PASI FREDRIKSSON;PASI03;Psoriasis Area and Severity Index Fredriksson Version Clinical Classification Question,,Ordinal,Psoriasis Area and Severity Index Fredriksson Version (PASI Fredriksson Version) Head: Area score.,,,,C91106,C91106,Clinical or Research Assessment Answer,string,No involvement;<10%;10-<30%;30-<50%;50-<70%;70-<90%;90-100%
2026-07-14,PASI Fredriksson Version - Head: Area Score,C191069,C191069,C190947,QRS;Clinical or Research Assessment Classification;Psoriasis Area and Severity Index Fredriksson Version Clinical Classification;PASI FREDRIKSSON;PASI03;Psoriasis Area and Severity Index Fredriksson Version Clinical Classification Question,,Ordinal,Psoriasis Area and Severity Index Fredriksson Version (PASI Fredriksson Version) Head: Area score.,,,,C25372,C25372,Category,string,PASI FREDRIKSSON
2026-07-14,PASI Fredriksson Version - Head: Area Score,C191069,C191069,C190947,QRS;Clinical or Research Assessment Classification;Psoriasis Area and Severity Index Fredriksson Version Clinical Classification;PASI FREDRIKSSON;PASI03;Psoriasis Area and Severity Index Fredriksson Version Clinical Classification Question,,Ordinal,Psoriasis Area and Severity Index Fredriksson Version (PASI Fredriksson Version) Head: Area score.,,,,C46126,C46126,Ordinal Position,integer,0;1;2;3;4;5;6
2026-07-14,PASI Fredriksson Version - Head: Area Score,C191069,C191069,C190947,QRS;Clinical or Research Assessment Classification;Psoriasis Area and Severity Index Fredriksson Version Clinical Classification;PASI FREDRIKSSON;PASI03;Psoriasis Area and Severity Index Fredriksson Version Clinical Classification Question,,Ordinal,Psoriasis Area and Severity Index Fredriksson Version (PASI Fredriksson Version) Head: Area score.,,,,C25692,C25692,Subcategory,string,
2026-07-14,PASI Fredriksson Version - Head: Area Score,C191069,C191069,C190947,QRS;Clinical or Research Assessment Classification;Psoriasis Area and Severity Index Fredriksson Version Clinical Classification;PASI FREDRIKSSON;PASI03;Psoriasis Area and Severity Index Fredriksson Version Clinical Classification Question,,Ordinal,Psoriasis Area and Severity Index Fredriksson Version (PASI Fredriksson Version) Head: Area score.,,,,C82556,C82556,Not-Done Reason,string,
2026-07-14,PASI Fredriksson Version - Head: Area Score,C191069,C191069,C190947,QRS;Clinical or Research Assessment Classification;Psoriasis Area and Severity Index Fredriksson Version Clinical Classification;PASI FREDRIKSSON;PASI03;Psoriasis Area and Severity Index Fredriksson Version Clinical Classification Question,,Ordinal,Psoriasis Area and Severity Index Fredriksson Version (PASI Fredriksson Version) Head: Area score.,,,,C82515,C82515,Collection Date Time,datetime,
2026-07-14,PASI Fredriksson Version - Head: Area Score,C191069,C191069,C190947,QRS;Clinical or Research Assessment Classification;Psoriasis Area and Severity Index Fredriksson Version Clinical Classification;PASI FREDRIKSSON;PASI03;Psoriasis Area and Severity Index Fredriksson Version Clinical Classification Question,,Ordinal,Psoriasis Area and Severity Index Fredriksson Version (PASI Fredriksson Version) Head: Area score.,,,,C51824,C51824,Evaluator,string,Investigator;Dematologist
2026-07-14,PASI Fredriksson Version - Head: Desquamation/Scaling,C191068,C191068,C190947,QRS;Clinical or Research Assessment Classification;Psoriasis Area and Severity Index Fredriksson Version Clinical Classification;PASI FREDRIKSSON;PASI03;Psoriasis Area and Severity Index Fredriksson Version Clinical Classification Question,,Ordinal,Psoriasis Area and Severity Index Fredriksson Version (PASI Fredriksson Version) Head: Desquamation/Scaling score.,,,,C82556,C82556,Not-Done Reason,string,
2026-07-14,PASI Fredriksson Version - Head: Desquamation/Scaling,C191068,C191068,C190947,QRS;Clinical or Research Assessment Classification;Psoriasis Area and Severity Index Fredriksson Version Clinical Classification;PASI FREDRIKSSON;PASI03;Psoriasis Area and Severity Index Fredriksson Version Clinical Classification Question,,Ordinal,Psoriasis Area and Severity Index Fredriksson Version (PASI Fredriksson Version) Head: Desquamation/Scaling score.,,,,C46126,C46126,Ordinal Position,integer,0;1;2;3;4
2026-07-14,PASI Fredriksson Version - Head: Desquamation/Scaling,C191068,C191068,C190947,QRS;Clinical or Research Assessment Classification;Psoriasis Area and Severity Index Fredriksson Version Clinical Classification;PASI FREDRIKSSON;PASI03;Psoriasis Area and Severity Index Fredriksson Version Clinical Classification Question,,Ordinal,Psoriasis Area and Severity Index Fredriksson Version (PASI Fredriksson Version) Head: Desquamation/Scaling score.,,,,C91106,C91106,Clinical or Research Assessment Answer,string,None;Slight;Moderate;Severe;Very Severe
2026-07-14,PASI Fredriksson Version - Head: Desquamation/Scaling,C191068,C191068,C190947,QRS;Clinical or Research Assessment Classification;Psoriasis Area and Severity Index Fredriksson Version Clinical Classification;PASI FREDRIKSSON;PASI03;Psoriasis Area and Severity Index Fredriksson Version Clinical Classification Question,,Ordinal,Psoriasis Area and Severity Index Fredriksson Version (PASI Fredriksson Version) Head: Desquamation/Scaling score.,,,,C82515,C82515,Collection Date Time,datetime,
2026-07-14,PASI Fredriksson Version - Head: Desquamation/Scaling,C191068,C191068,C190947,QRS;Clinical or Research Assessment Classification;Psoriasis Area and Severity Index Fredriksson Version Clinical Classification;PASI FREDRIKSSON;PASI03;Psoriasis Area and Severity Index Fredriksson Version Clinical Classification Question,,Ordinal,Psoriasis Area and Severity Index Fredriksson Version (PASI Fredriksson Version) Head: Desquamation/Scaling score.,,,,C51824,C51824,Evaluator,string,Investigator;Dematologist
2026-07-14,PASI Fredriksson Version - Head: Desquamation/Scaling,C191068,C191068,C190947,QRS;Clinical or Research Assessment Classification;Psoriasis Area and Severity Index Fredriksson Version Clinical Classification;PASI FREDRIKSSON;PASI03;Psoriasis Area and Severity Index Fredriksson Version Clinical Classification Question,,Ordinal,Psoriasis Area and Severity Index Fredriksson Version (PASI Fredriksson Version) Head: Desquamation/Scaling score.,,,,C41202,C41202,Completion Status,string,Not Done
2026-07-14,PASI Fredriksson Version - Head: Desquamation/Scaling,C191068,C191068,C190947,QRS;Clinical or Research Assessment Classification;Psoriasis Area and Severity Index Fredriksson Version Clinical Classification;PASI FREDRIKSSON;PASI03;Psoriasis Area and Severity Index Fredriksson Version Clinical Classification Question,,Ordinal,Psoriasis Area and Severity Index Fredriksson Version (PASI Fredriksson Version) Head: Desquamation/Scaling score.,,,,C25372,C25372,Category,string,PASI FREDRIKSSON
2026-07-14,PASI Fredriksson Version - Head: Desquamation/Scaling,C191068,C191068,C190947,QRS;Clinical or Research Assessment Classification;Psoriasis Area and Severity Index Fredriksson Version Clinical Classification;PASI FREDRIKSSON;PASI03;Psoriasis Area and Severity Index Fredriksson Version Clinical Classification Question,,Ordinal,Psoriasis Area and Severity Index Fredriksson Version (PASI Fredriksson Version) Head: Desquamation/Scaling score.,,,,C25692,C25692,Subcategory,string,
2026-07-14,PASI Fredriksson Version - Head: Erythema/Redness,C191066,C191066,C190947,QRS;Clinical or Research Assessment Classification;Psoriasis Area and Severity Index Fredriksson Version Clinical Classification;PASI FREDRIKSSON;PASI03;Psoriasis Area and Severity Index Fredriksson Version Clinical Classification Question,,Ordinal,Psoriasis Area and Severity Index Fredriksson Version (PASI Fredriksson Version) Head: Erythema/Redness score.,,,,C25692,C25692,Subcategory,string,
2026-07-14,PASI Fredriksson Version - Head: Erythema/Redness,C191066,C191066,C190947,QRS;Clinical or Research Assessment Classification;Psoriasis Area and Severity Index Fredriksson Version Clinical Classification;PASI FREDRIKSSON;PASI03;Psoriasis Area and Severity Index Fredriksson Version Clinical Classification Question,,Ordinal,Psoriasis Area and Severity Index Fredriksson Version (PASI Fredriksson Version) Head: Erythema/Redness score.,,,,C25372,C25372,Category,string,PASI FREDRIKSSON
2026-07-14,PASI Fredriksson Version - Head: Erythema/Redness,C191066,C191066,C190947,QRS;Clinical or Research Assessment Classification;Psoriasis Area and Severity Index Fredriksson Version Clinical Classification;PASI FREDRIKSSON;PASI03;Psoriasis Area and Severity Index Fredriksson Version Clinical Classification Question,,Ordinal,Psoriasis Area and Severity Index Fredriksson Version (PASI Fredriksson Version) Head: Erythema/Redness score.,,,,C82556,C82556,Not-Done Reason,string,
2026-07-14,PASI Fredriksson Version - Head: Erythema/Redness,C191066,C191066,C190947,QRS;Clinical or Research Assessment Classification;Psoriasis Area and Severity Index Fredriksson Version Clinical Classification;PASI FREDRIKSSON;PASI03;Psoriasis Area and Severity Index Fredriksson Version Clinical Classification Question,,Ordinal,Psoriasis Area and Severity Index Fredriksson Version (PASI Fredriksson Version) Head: Erythema/Redness score.,,,,C41202,C41202,Completion Status,string,Not Done
2026-07-14,PASI Fredriksson Version - Head: Erythema/Redness,C191066,C191066,C190947,QRS;Clinical or Research Assessment Classification;Psoriasis Area and Severity Index Fredriksson Version Clinical Classification;PASI FREDRIKSSON;PASI03;Psoriasis Area and Severity Index Fredriksson Version Clinical Classification Question,,Ordinal,Psoriasis Area and Severity Index Fredriksson Version (PASI Fredriksson Version) Head: Erythema/Redness score.,,,,C46126,C46126,Ordinal Position,integer,0;1;2;3;4
2026-07-14,PASI Fredriksson Version - Head: Erythema/Redness,C191066,C191066,C190947,QRS;Clinical or Research Assessment Classification;Psoriasis Area and Severity Index Fredriksson Version Clinical Classification;PASI FREDRIKSSON;PASI03;Psoriasis Area and Severity Index Fredriksson Version Clinical Classification Question,,Ordinal,Psoriasis Area and Severity Index Fredriksson Version (PASI Fredriksson Version) Head: Erythema/Redness score.,,,,C91106,C91106,Clinical or Research Assessment Answer,string,
2026-07-14,PASI Fredriksson Version - Head: Erythema/Redness,C191066,C191066,C190947,QRS;Clinical or Research Assessment Classification;Psoriasis Area and Severity Index Fredriksson Version Clinical Classification;PASI FREDRIKSSON;PASI03;Psoriasis Area and Severity Index Fredriksson Version Clinical Classification Question,,Ordinal,Psoriasis Area and Severity Index Fredriksson Version (PASI Fredriksson Version) Head: Erythema/Redness score.,,,,C82515,C82515,Collection Date Time,datetime,
2026-07-14,PASI Fredriksson Version - Head: Erythema/Redness,C191066,C191066,C190947,QRS;Clinical or Research Assessment Classification;Psoriasis Area and Severity Index Fredriksson Version Clinical Classification;PASI FREDRIKSSON;PASI03;Psoriasis Area and Severity Index Fredriksson Version Clinical Classification Question,,Ordinal,Psoriasis Area and Severity Index Fredriksson Version (PASI Fredriksson Version) Head: Erythema/Redness score.,,,,C51824,C51824,Evaluator,string,Investigator;Dematologist
2026-07-14,PASI Fredriksson Version - Head: Thickness/Induration,C191067,C191067,C190947,QRS;Clinical or Research Assessment Classification;Psoriasis Area and Severity Index Fredriksson Version Clinical Classification;PASI FREDRIKSSON;PASI03;Psoriasis Area and Severity Index Fredriksson Version Clinical Classification Question,,Ordinal,Psoriasis Area and Severity Index Fredriksson Version (PASI Fredriksson Version) Head: Thickness/Induration score.,,,,C25372,C25372,Category,string,PASI FREDRIKSSON
2026-07-14,PASI Fredriksson Version - Head: Thickness/Induration,C191067,C191067,C190947,QRS;Clinical or Research Assessment Classification;Psoriasis Area and Severity Index Fredriksson Version Clinical Classification;PASI FREDRIKSSON;PASI03;Psoriasis Area and Severity Index Fredriksson Version Clinical Classification Question,,Ordinal,Psoriasis Area and Severity Index Fredriksson Version (PASI Fredriksson Version) Head: Thickness/Induration score.,,,,C91106,C91106,Clinical or Research Assessment Answer,string,None;Slight;Moderate;Severe;Very Severe
2026-07-14,PASI Fredriksson Version - Head: Thickness/Induration,C191067,C191067,C190947,QRS;Clinical or Research Assessment Classification;Psoriasis Area and Severity Index Fredriksson Version Clinical Classification;PASI FREDRIKSSON;PASI03;Psoriasis Area and Severity Index Fredriksson Version Clinical Classification Question,,Ordinal,Psoriasis Area and Severity Index Fredriksson Version (PASI Fredriksson Version) Head: Thickness/Induration score.,,,,C82515,C82515,Collection Date Time,datetime,
2026-07-14,PASI Fredriksson Version - Head: Thickness/Induration,C191067,C191067,C190947,QRS;Clinical or Research Assessment Classification;Psoriasis Area and Severity Index Fredriksson Version Clinical Classification;PASI FREDRIKSSON;PASI03;Psoriasis Area and Severity Index Fredriksson Version Clinical Classification Question,,Ordinal,Psoriasis Area and Severity Index Fredriksson Version (PASI Fredriksson Version) Head: Thickness/Induration score.,,,,C51824,C51824,Evaluator,string,Investigator;Dematologist
2026-07-14,PASI Fredriksson Version - Head: Thickness/Induration,C191067,C191067,C190947,QRS;Clinical or Research Assessment Classification;Psoriasis Area and Severity Index Fredriksson Version Clinical Classification;PASI FREDRIKSSON;PASI03;Psoriasis Area and Severity Index Fredriksson Version Clinical Classification Question,,Ordinal,Psoriasis Area and Severity Index Fredriksson Version (PASI Fredriksson Version) Head: Thickness/Induration score.,,,,C82556,C82556,Not-Done Reason,string,
2026-07-14,PASI Fredriksson Version - Head: Thickness/Induration,C191067,C191067,C190947,QRS;Clinical or Research Assessment Classification;Psoriasis Area and Severity Index Fredriksson Version Clinical Classification;PASI FREDRIKSSON;PASI03;Psoriasis Area and Severity Index Fredriksson Version Clinical Classification Question,,Ordinal,Psoriasis Area and Severity Index Fredriksson Version (PASI Fredriksson Version) Head: Thickness/Induration score.,,,,C46126,C46126,Ordinal Position,integer,0;1;2;3;4
2026-07-14,PASI Fredriksson Version - Head: Thickness/Induration,C191067,C191067,C190947,QRS;Clinical or Research Assessment Classification;Psoriasis Area and Severity Index Fredriksson Version Clinical Classification;PASI FREDRIKSSON;PASI03;Psoriasis Area and Severity Index Fredriksson Version Clinical Classification Question,,Ordinal,Psoriasis Area and Severity Index Fredriksson Version (PASI Fredriksson Version) Head: Thickness/Induration score.,,,,C41202,C41202,Completion Status,string,Not Done
2026-07-14,PASI Fredriksson Version - Head: Thickness/Induration,C191067,C191067,C190947,QRS;Clinical or Research Assessment Classification;Psoriasis Area and Severity Index Fredriksson Version Clinical Classification;PASI FREDRIKSSON;PASI03;Psoriasis Area and Severity Index Fredriksson Version Clinical Classification Question,,Ordinal,Psoriasis Area and Severity Index Fredriksson Version (PASI Fredriksson Version) Head: Thickness/Induration score.,,,,C25692,C25692,Subcategory,string,
2026-07-14,PASI Fredriksson Version - Lower Extremities: Area Score,C191081,C191081,C190947,QRS;Clinical or Research Assessment Classification;Psoriasis Area and Severity Index Fredriksson Version Clinical Classification;PASI FREDRIKSSON;PASI03;Psoriasis Area and Severity Index Fredriksson Version Clinical Classification Question,,Ordinal,Psoriasis Area and Severity Index Fredriksson Version (PASI Fredriksson Version) Lower Extremities: Area score.,,,,C46126,C46126,Ordinal Position,integer,0;1;2;3;4;5;6
2026-07-14,PASI Fredriksson Version - Lower Extremities: Area Score,C191081,C191081,C190947,QRS;Clinical or Research Assessment Classification;Psoriasis Area and Severity Index Fredriksson Version Clinical Classification;PASI FREDRIKSSON;PASI03;Psoriasis Area and Severity Index Fredriksson Version Clinical Classification Question,,Ordinal,Psoriasis Area and Severity Index Fredriksson Version (PASI Fredriksson Version) Lower Extremities: Area score.,,,,C91106,C91106,Clinical or Research Assessment Answer,string,No involvement;<10%;10-<30%;30-<50%;50-<70%;70-<90%;90-100%
2026-07-14,PASI Fredriksson Version - Lower Extremities: Area Score,C191081,C191081,C190947,QRS;Clinical or Research Assessment Classification;Psoriasis Area and Severity Index Fredriksson Version Clinical Classification;PASI FREDRIKSSON;PASI03;Psoriasis Area and Severity Index Fredriksson Version Clinical Classification Question,,Ordinal,Psoriasis Area and Severity Index Fredriksson Version (PASI Fredriksson Version) Lower Extremities: Area score.,,,,C25372,C25372,Category,string,PASI FREDRIKSSON
2026-07-14,PASI Fredriksson Version - Lower Extremities: Area Score,C191081,C191081,C190947,QRS;Clinical or Research Assessment Classification;Psoriasis Area and Severity Index Fredriksson Version Clinical Classification;PASI FREDRIKSSON;PASI03;Psoriasis Area and Severity Index Fredriksson Version Clinical Classification Question,,Ordinal,Psoriasis Area and Severity Index Fredriksson Version (PASI Fredriksson Version) Lower Extremities: Area score.,,,,C82515,C82515,Collection Date Time,datetime,
2026-07-14,PASI Fredriksson Version - Lower Extremities: Area Score,C191081,C191081,C190947,QRS;Clinical or Research Assessment Classification;Psoriasis Area and Severity Index Fredriksson Version Clinical Classification;PASI FREDRIKSSON;PASI03;Psoriasis Area and Severity Index Fredriksson Version Clinical Classification Question,,Ordinal,Psoriasis Area and Severity Index Fredriksson Version (PASI Fredriksson Version) Lower Extremities: Area score.,,,,C25692,C25692,Subcategory,string,
2026-07-14,PASI Fredriksson Version - Lower Extremities: Area Score,C191081,C191081,C190947,QRS;Clinical or Research Assessment Classification;Psoriasis Area and Severity Index Fredriksson Version Clinical Classification;PASI FREDRIKSSON;PASI03;Psoriasis Area and Severity Index Fredriksson Version Clinical Classification Question,,Ordinal,Psoriasis Area and Severity Index Fredriksson Version (PASI Fredriksson Version) Lower Extremities: Area score.,,,,C41202,C41202,Completion Status,string,Not Done
2026-07-14,PASI Fredriksson Version - Lower Extremities: Area Score,C191081,C191081,C190947,QRS;Clinical or Research Assessment Classification;Psoriasis Area and Severity Index Fredriksson Version Clinical Classification;PASI FREDRIKSSON;PASI03;Psoriasis Area and Severity Index Fredriksson Version Clinical Classification Question,,Ordinal,Psoriasis Area and Severity Index Fredriksson Version (PASI Fredriksson Version) Lower Extremities: Area score.,,,,C82556,C82556,Not-Done Reason,string,
2026-07-14,PASI Fredriksson Version - Lower Extremities: Area Score,C191081,C191081,C190947,QRS;Clinical or Research Assessment Classification;Psoriasis Area and Severity Index Fredriksson Version Clinical Classification;PASI FREDRIKSSON;PASI03;Psoriasis Area and Severity Index Fredriksson Version Clinical Classification Question,,Ordinal,Psoriasis Area and Severity Index Fredriksson Version (PASI Fredriksson Version) Lower Extremities: Area score.,,,,C51824,C51824,Evaluator,string,Investigator;Dematologist
2026-07-14,PASI Fredriksson Version - Lower Extremities: Desquamation/Scaling,C191080,C191080,C190947,QRS;Clinical or Research Assessment Classification;Psoriasis Area and Severity Index Fredriksson Version Clinical Classification;PASI FREDRIKSSON;PASI03;Psoriasis Area and Severity Index Fredriksson Version Clinical Classification Question,,Ordinal,Psoriasis Area and Severity Index Fredriksson Version (PASI Fredriksson Version) Lower Extremities: Desquamation/Scaling score.,,,,C82515,C82515,Collection Date Time,datetime,
2026-07-14,PASI Fredriksson Version - Lower Extremities: Desquamation/Scaling,C191080,C191080,C190947,QRS;Clinical or Research Assessment Classification;Psoriasis Area and Severity Index Fredriksson Version Clinical Classification;PASI FREDRIKSSON;PASI03;Psoriasis Area and Severity Index Fredriksson Version Clinical Classification Question,,Ordinal,Psoriasis Area and Severity Index Fredriksson Version (PASI Fredriksson Version) Lower Extremities: Desquamation/Scaling score.,,,,C51824,C51824,Evaluator,string,Investigator;Dematologist
2026-07-14,PASI Fredriksson Version - Lower Extremities: Desquamation/Scaling,C191080,C191080,C190947,QRS;Clinical or Research Assessment Classification;Psoriasis Area and Severity Index Fredriksson Version Clinical Classification;PASI FREDRIKSSON;PASI03;Psoriasis Area and Severity Index Fredriksson Version Clinical Classification Question,,Ordinal,Psoriasis Area and Severity Index Fredriksson Version (PASI Fredriksson Version) Lower Extremities: Desquamation/Scaling score.,,,,C25692,C25692,Subcategory,string,
2026-07-14,PASI Fredriksson Version - Lower Extremities: Desquamation/Scaling,C191080,C191080,C190947,QRS;Clinical or Research Assessment Classification;Psoriasis Area and Severity Index Fredriksson Version Clinical Classification;PASI FREDRIKSSON;PASI03;Psoriasis Area and Severity Index Fredriksson Version Clinical Classification Question,,Ordinal,Psoriasis Area and Severity Index Fredriksson Version (PASI Fredriksson Version) Lower Extremities: Desquamation/Scaling score.,,,,C41202,C41202,Completion Status,string,Not Done
2026-07-14,PASI Fredriksson Version - Lower Extremities: Desquamation/Scaling,C191080,C191080,C190947,QRS;Clinical or Research Assessment Classification;Psoriasis Area and Severity Index Fredriksson Version Clinical Classification;PASI FREDRIKSSON;PASI03;Psoriasis Area and Severity Index Fredriksson Version Clinical Classification Question,,Ordinal,Psoriasis Area and Severity Index Fredriksson Version (PASI Fredriksson Version) Lower Extremities: Desquamation/Scaling score.,,,,C25372,C25372,Category,string,PASI FREDRIKSSON
2026-07-14,PASI Fredriksson Version - Lower Extremities: Desquamation/Scaling,C191080,C191080,C190947,QRS;Clinical or Research Assessment Classification;Psoriasis Area and Severity Index Fredriksson Version Clinical Classification;PASI FREDRIKSSON;PASI03;Psoriasis Area and Severity Index Fredriksson Version Clinical Classification Question,,Ordinal,Psoriasis Area and Severity Index Fredriksson Version (PASI Fredriksson Version) Lower Extremities: Desquamation/Scaling score.,,,,C91106,C91106,Clinical or Research Assessment Answer,string,None;Slight;Moderate;Severe;Very Severe
2026-07-14,PASI Fredriksson Version - Lower Extremities: Desquamation/Scaling,C191080,C191080,C190947,QRS;Clinical or Research Assessment Classification;Psoriasis Area and Severity Index Fredriksson Version Clinical Classification;PASI FREDRIKSSON;PASI03;Psoriasis Area and Severity Index Fredriksson Version Clinical Classification Question,,Ordinal,Psoriasis Area and Severity Index Fredriksson Version (PASI Fredriksson Version) Lower Extremities: Desquamation/Scaling score.,,,,C46126,C46126,Ordinal Position,integer,0;1;2;3;4
2026-07-14,PASI Fredriksson Version - Lower Extremities: Desquamation/Scaling,C191080,C191080,C190947,QRS;Clinical or Research Assessment Classification;Psoriasis Area and Severity Index Fredriksson Version Clinical Classification;PASI FREDRIKSSON;PASI03;Psoriasis Area and Severity Index Fredriksson Version Clinical Classification Question,,Ordinal,Psoriasis Area and Severity Index Fredriksson Version (PASI Fredriksson Version) Lower Extremities: Desquamation/Scaling score.,,,,C82556,C82556,Not-Done Reason,string,
2026-07-14,PASI Fredriksson Version - Lower Extremities: Erythema/Redness,C191078,C191078,C190947,QRS;Clinical or Research Assessment Classification;Psoriasis Area and Severity Index Fredriksson Version Clinical Classification;PASI FREDRIKSSON;PASI03;Psoriasis Area and Severity Index Fredriksson Version Clinical Classification Question,,Ordinal,Psoriasis Area and Severity Index Fredriksson Version (PASI Fredriksson Version) Lower Extremities: Erythema/Redness score.,,,,C25372,C25372,Category,string,PASI FREDRIKSSON
2026-07-14,PASI Fredriksson Version - Lower Extremities: Erythema/Redness,C191078,C191078,C190947,QRS;Clinical or Research Assessment Classification;Psoriasis Area and Severity Index Fredriksson Version Clinical Classification;PASI FREDRIKSSON;PASI03;Psoriasis Area and Severity Index Fredriksson Version Clinical Classification Question,,Ordinal,Psoriasis Area and Severity Index Fredriksson Version (PASI Fredriksson Version) Lower Extremities: Erythema/Redness score.,,,,C82515,C82515,Collection Date Time,datetime,
2026-07-14,PASI Fredriksson Version - Lower Extremities: Erythema/Redness,C191078,C191078,C190947,QRS;Clinical or Research Assessment Classification;Psoriasis Area and Severity Index Fredriksson Version Clinical Classification;PASI FREDRIKSSON;PASI03;Psoriasis Area and Severity Index Fredriksson Version Clinical Classification Question,,Ordinal,Psoriasis Area and Severity Index Fredriksson Version (PASI Fredriksson Version) Lower Extremities: Erythema/Redness score.,,,,C51824,C51824,Evaluator,string,Investigator;Dematologist
2026-07-14,PASI Fredriksson Version - Lower Extremities: Erythema/Redness,C191078,C191078,C190947,QRS;Clinical or Research Assessment Classification;Psoriasis Area and Severity Index Fredriksson Version Clinical Classification;PASI FREDRIKSSON;PASI03;Psoriasis Area and Severity Index Fredriksson Version Clinical Classification Question,,Ordinal,Psoriasis Area and Severity Index Fredriksson Version (PASI Fredriksson Version) Lower Extremities: Erythema/Redness score.,,,,C46126,C46126,Ordinal Position,integer,0;1;2;3;4
2026-07-14,PASI Fredriksson Version - Lower Extremities: Erythema/Redness,C191078,C191078,C190947,QRS;Clinical or Research Assessment Classification;Psoriasis Area and Severity Index Fredriksson Version Clinical Classification;PASI FREDRIKSSON;PASI03;Psoriasis Area and Severity Index Fredriksson Version Clinical Classification Question,,Ordinal,Psoriasis Area and Severity Index Fredriksson Version (PASI Fredriksson Version) Lower Extremities: Erythema/Redness score.,,,,C91106,C91106,Clinical or Research Assessment Answer,string,None;Slight;Moderate;Severe;Very Severe
2026-07-14,PASI Fredriksson Version - Lower Extremities: Erythema/Redness,C191078,C191078,C190947,QRS;Clinical or Research Assessment Classification;Psoriasis Area and Severity Index Fredriksson Version Clinical Classification;PASI FREDRIKSSON;PASI03;Psoriasis Area and Severity Index Fredriksson Version Clinical Classification Question,,Ordinal,Psoriasis Area and Severity Index Fredriksson Version (PASI Fredriksson Version) Lower Extremities: Erythema/Redness score.,,,,C82556,C82556,Not-Done Reason,string,
2026-07-14,PASI Fredriksson Version - Lower Extremities: Erythema/Redness,C191078,C191078,C190947,QRS;Clinical or Research Assessment Classification;Psoriasis Area and Severity Index Fredriksson Version Clinical Classification;PASI FREDRIKSSON;PASI03;Psoriasis Area and Severity Index Fredriksson Version Clinical Classification Question,,Ordinal,Psoriasis Area and Severity Index Fredriksson Version (PASI Fredriksson Version) Lower Extremities: Erythema/Redness score.,,,,C41202,C41202,Completion Status,string,Not Done
2026-07-14,PASI Fredriksson Version - Lower Extremities: Erythema/Redness,C191078,C191078,C190947,QRS;Clinical or Research Assessment Classification;Psoriasis Area and Severity Index Fredriksson Version Clinical Classification;PASI FREDRIKSSON;PASI03;Psoriasis Area and Severity Index Fredriksson Version Clinical Classification Question,,Ordinal,Psoriasis Area and Severity Index Fredriksson Version (PASI Fredriksson Version) Lower Extremities: Erythema/Redness score.,,,,C25692,C25692,Subcategory,string,
2026-07-14,PASI Fredriksson Version - Lower Extremities: Thickness/Induration,C191079,C191079,C190947,QRS;Clinical or Research Assessment Classification;Psoriasis Area and Severity Index Fredriksson Version Clinical Classification;PASI FREDRIKSSON;PASI03;Psoriasis Area and Severity Index Fredriksson Version Clinical Classification Question,,Ordinal,Psoriasis Area and Severity Index Fredriksson Version (PASI Fredriksson Version) Lower Extremities: Thickness/Induration score.,,,,C41202,C41202,Completion Status,string,Not Done
2026-07-14,PASI Fredriksson Version - Lower Extremities: Thickness/Induration,C191079,C191079,C190947,QRS;Clinical or Research Assessment Classification;Psoriasis Area and Severity Index Fredriksson Version Clinical Classification;PASI FREDRIKSSON;PASI03;Psoriasis Area and Severity Index Fredriksson Version Clinical Classification Question,,Ordinal,Psoriasis Area and Severity Index Fredriksson Version (PASI Fredriksson Version) Lower Extremities: Thickness/Induration score.,,,,C82556,C82556,Not-Done Reason,string,
2026-07-14,PASI Fredriksson Version - Lower Extremities: Thickness/Induration,C191079,C191079,C190947,QRS;Clinical or Research Assessment Classification;Psoriasis Area and Severity Index Fredriksson Version Clinical Classification;PASI FREDRIKSSON;PASI03;Psoriasis Area and Severity Index Fredriksson Version Clinical Classification Question,,Ordinal,Psoriasis Area and Severity Index Fredriksson Version (PASI Fredriksson Version) Lower Extremities: Thickness/Induration score.,,,,C51824,C51824,Evaluator,string,Investigator;Dematologist
2026-07-14,PASI Fredriksson Version - Lower Extremities: Thickness/Induration,C191079,C191079,C190947,QRS;Clinical or Research Assessment Classification;Psoriasis Area and Severity Index Fredriksson Version Clinical Classification;PASI FREDRIKSSON;PASI03;Psoriasis Area and Severity Index Fredriksson Version Clinical Classification Question,,Ordinal,Psoriasis Area and Severity Index Fredriksson Version (PASI Fredriksson Version) Lower Extremities: Thickness/Induration score.,,,,C82515,C82515,Collection Date Time,datetime,
2026-07-14,PASI Fredriksson Version - Lower Extremities: Thickness/Induration,C191079,C191079,C190947,QRS;Clinical or Research Assessment Classification;Psoriasis Area and Severity Index Fredriksson Version Clinical Classification;PASI FREDRIKSSON;PASI03;Psoriasis Area and Severity Index Fredriksson Version Clinical Classification Question,,Ordinal,Psoriasis Area and Severity Index Fredriksson Version (PASI Fredriksson Version) Lower Extremities: Thickness/Induration score.,,,,C25372,C25372,Category,string,PASI FREDRIKSSON
2026-07-14,PASI Fredriksson Version - Lower Extremities: Thickness/Induration,C191079,C191079,C190947,QRS;Clinical or Research Assessment Classification;Psoriasis Area and Severity Index Fredriksson Version Clinical Classification;PASI FREDRIKSSON;PASI03;Psoriasis Area and Severity Index Fredriksson Version Clinical Classification Question,,Ordinal,Psoriasis Area and Severity Index Fredriksson Version (PASI Fredriksson Version) Lower Extremities: Thickness/Induration score.,,,,C91106,C91106,Clinical or Research Assessment Answer,string,None;Slight;Moderate;Severe;Very Severe
2026-07-14,PASI Fredriksson Version - Lower Extremities: Thickness/Induration,C191079,C191079,C190947,QRS;Clinical or Research Assessment Classification;Psoriasis Area and Severity Index Fredriksson Version Clinical Classification;PASI FREDRIKSSON;PASI03;Psoriasis Area and Severity Index Fredriksson Version Clinical Classification Question,,Ordinal,Psoriasis Area and Severity Index Fredriksson Version (PASI Fredriksson Version) Lower Extremities: Thickness/Induration score.,,,,C46126,C46126,Ordinal Position,integer,0;1;2;3;4
2026-07-14,PASI Fredriksson Version - Lower Extremities: Thickness/Induration,C191079,C191079,C190947,QRS;Clinical or Research Assessment Classification;Psoriasis Area and Severity Index Fredriksson Version Clinical Classification;PASI FREDRIKSSON;PASI03;Psoriasis Area and Severity Index Fredriksson Version Clinical Classification Question,,Ordinal,Psoriasis Area and Severity Index Fredriksson Version (PASI Fredriksson Version) Lower Extremities: Thickness/Induration score.,,,,C25692,C25692,Subcategory,string,
2026-07-14,PASI Fredriksson Version - Trunk: Area Score,C191077,C191077,C190947,QRS;Clinical or Research Assessment Classification;Psoriasis Area and Severity Index Fredriksson Version Clinical Classification;PASI FREDRIKSSON;PASI03;Psoriasis Area and Severity Index Fredriksson Version Clinical Classification Question,,Ordinal,Psoriasis Area and Severity Index Fredriksson Version (PASI Fredriksson Version) Trunk: Area score.,,,,C25372,C25372,Category,string,PASI FREDRIKSSON
2026-07-14,PASI Fredriksson Version - Trunk: Area Score,C191077,C191077,C190947,QRS;Clinical or Research Assessment Classification;Psoriasis Area and Severity Index Fredriksson Version Clinical Classification;PASI FREDRIKSSON;PASI03;Psoriasis Area and Severity Index Fredriksson Version Clinical Classification Question,,Ordinal,Psoriasis Area and Severity Index Fredriksson Version (PASI Fredriksson Version) Trunk: Area score.,,,,C25692,C25692,Subcategory,string,
2026-07-14,PASI Fredriksson Version - Trunk: Area Score,C191077,C191077,C190947,QRS;Clinical or Research Assessment Classification;Psoriasis Area and Severity Index Fredriksson Version Clinical Classification;PASI FREDRIKSSON;PASI03;Psoriasis Area and Severity Index Fredriksson Version Clinical Classification Question,,Ordinal,Psoriasis Area and Severity Index Fredriksson Version (PASI Fredriksson Version) Trunk: Area score.,,,,C82515,C82515,Collection Date Time,datetime,
2026-07-14,PASI Fredriksson Version - Trunk: Area Score,C191077,C191077,C190947,QRS;Clinical or Research Assessment Classification;Psoriasis Area and Severity Index Fredriksson Version Clinical Classification;PASI FREDRIKSSON;PASI03;Psoriasis Area and Severity Index Fredriksson Version Clinical Classification Question,,Ordinal,Psoriasis Area and Severity Index Fredriksson Version (PASI Fredriksson Version) Trunk: Area score.,,,,C46126,C46126,Ordinal Position,integer,0;1;2;3;4;5;6
2026-07-14,PASI Fredriksson Version - Trunk: Area Score,C191077,C191077,C190947,QRS;Clinical or Research Assessment Classification;Psoriasis Area and Severity Index Fredriksson Version Clinical Classification;PASI FREDRIKSSON;PASI03;Psoriasis Area and Severity Index Fredriksson Version Clinical Classification Question,,Ordinal,Psoriasis Area and Severity Index Fredriksson Version (PASI Fredriksson Version) Trunk: Area score.,,,,C41202,C41202,Completion Status,string,Not Done
2026-07-14,PASI Fredriksson Version - Trunk: Area Score,C191077,C191077,C190947,QRS;Clinical or Research Assessment Classification;Psoriasis Area and Severity Index Fredriksson Version Clinical Classification;PASI FREDRIKSSON;PASI03;Psoriasis Area and Severity Index Fredriksson Version Clinical Classification Question,,Ordinal,Psoriasis Area and Severity Index Fredriksson Version (PASI Fredriksson Version) Trunk: Area score.,,,,C82556,C82556,Not-Done Reason,string,
2026-07-14,PASI Fredriksson Version - Trunk: Area Score,C191077,C191077,C190947,QRS;Clinical or Research Assessment Classification;Psoriasis Area and Severity Index Fredriksson Version Clinical Classification;PASI FREDRIKSSON;PASI03;Psoriasis Area and Severity Index Fredriksson Version Clinical Classification Question,,Ordinal,Psoriasis Area and Severity Index Fredriksson Version (PASI Fredriksson Version) Trunk: Area score.,,,,C51824,C51824,Evaluator,string,Investigator;Dematologist
2026-07-14,PASI Fredriksson Version - Trunk: Area Score,C191077,C191077,C190947,QRS;Clinical or Research Assessment Classification;Psoriasis Area and Severity Index Fredriksson Version Clinical Classification;PASI FREDRIKSSON;PASI03;Psoriasis Area and Severity Index Fredriksson Version Clinical Classification Question,,Ordinal,Psoriasis Area and Severity Index Fredriksson Version (PASI Fredriksson Version) Trunk: Area score.,,,,C91106,C91106,Clinical or Research Assessment Answer,string,No involvement;<10%;10-<30%;30-<50%;50-<70%;70-<90%;90-100%
2026-07-14,PASI Fredriksson Version - Trunk: Desquamation/Scaling,C191076,C191076,C190947,QRS;Clinical or Research Assessment Classification;Psoriasis Area and Severity Index Fredriksson Version Clinical Classification;PASI FREDRIKSSON;PASI03;Psoriasis Area and Severity Index Fredriksson Version Clinical Classification Question,,Ordinal,Psoriasis Area and Severity Index Fredriksson Version (PASI Fredriksson Version) Trunk: Desquamation/Scaling score.,,,,C51824,C51824,Evaluator,string,Investigator;Dematologist
2026-07-14,PASI Fredriksson Version - Trunk: Desquamation/Scaling,C191076,C191076,C190947,QRS;Clinical or Research Assessment Classification;Psoriasis Area and Severity Index Fredriksson Version Clinical Classification;PASI FREDRIKSSON;PASI03;Psoriasis Area and Severity Index Fredriksson Version Clinical Classification Question,,Ordinal,Psoriasis Area and Severity Index Fredriksson Version (PASI Fredriksson Version) Trunk: Desquamation/Scaling score.,,,,C82556,C82556,Not-Done Reason,string,
2026-07-14,PASI Fredriksson Version - Trunk: Desquamation/Scaling,C191076,C191076,C190947,QRS;Clinical or Research Assessment Classification;Psoriasis Area and Severity Index Fredriksson Version Clinical Classification;PASI FREDRIKSSON;PASI03;Psoriasis Area and Severity Index Fredriksson Version Clinical Classification Question,,Ordinal,Psoriasis Area and Severity Index Fredriksson Version (PASI Fredriksson Version) Trunk: Desquamation/Scaling score.,,,,C41202,C41202,Completion Status,string,Not Done
2026-07-14,PASI Fredriksson Version - Trunk: Desquamation/Scaling,C191076,C191076,C190947,QRS;Clinical or Research Assessment Classification;Psoriasis Area and Severity Index Fredriksson Version Clinical Classification;PASI FREDRIKSSON;PASI03;Psoriasis Area and Severity Index Fredriksson Version Clinical Classification Question,,Ordinal,Psoriasis Area and Severity Index Fredriksson Version (PASI Fredriksson Version) Trunk: Desquamation/Scaling score.,,,,C46126,C46126,Ordinal Position,integer,0;1;2;3;4
2026-07-14,PASI Fredriksson Version - Trunk: Desquamation/Scaling,C191076,C191076,C190947,QRS;Clinical or Research Assessment Classification;Psoriasis Area and Severity Index Fredriksson Version Clinical Classification;PASI FREDRIKSSON;PASI03;Psoriasis Area and Severity Index Fredriksson Version Clinical Classification Question,,Ordinal,Psoriasis Area and Severity Index Fredriksson Version (PASI Fredriksson Version) Trunk: Desquamation/Scaling score.,,,,C91106,C91106,Clinical or Research Assessment Answer,string,None;Slight;Moderate;Severe;Very Severe
2026-07-14,PASI Fredriksson Version - Trunk: Desquamation/Scaling,C191076,C191076,C190947,QRS;Clinical or Research Assessment Classification;Psoriasis Area and Severity Index Fredriksson Version Clinical Classification;PASI FREDRIKSSON;PASI03;Psoriasis Area and Severity Index Fredriksson Version Clinical Classification Question,,Ordinal,Psoriasis Area and Severity Index Fredriksson Version (PASI Fredriksson Version) Trunk: Desquamation/Scaling score.,,,,C82515,C82515,Collection Date Time,datetime,
2026-07-14,PASI Fredriksson Version - Trunk: Desquamation/Scaling,C191076,C191076,C190947,QRS;Clinical or Research Assessment Classification;Psoriasis Area and Severity Index Fredriksson Version Clinical Classification;PASI FREDRIKSSON;PASI03;Psoriasis Area and Severity Index Fredriksson Version Clinical Classification Question,,Ordinal,Psoriasis Area and Severity Index Fredriksson Version (PASI Fredriksson Version) Trunk: Desquamation/Scaling score.,,,,C25692,C25692,Subcategory,string,
2026-07-14,PASI Fredriksson Version - Trunk: Desquamation/Scaling,C191076,C191076,C190947,QRS;Clinical or Research Assessment Classification;Psoriasis Area and Severity Index Fredriksson Version Clinical Classification;PASI FREDRIKSSON;PASI03;Psoriasis Area and Severity Index Fredriksson Version Clinical Classification Question,,Ordinal,Psoriasis Area and Severity Index Fredriksson Version (PASI Fredriksson Version) Trunk: Desquamation/Scaling score.,,,,C25372,C25372,Category,string,PASI FREDRIKSSON
2026-07-14,PASI Fredriksson Version - Trunk: Erythema/Redness,C191074,C191074,C190947,QRS;Clinical or Research Assessment Classification;Psoriasis Area and Severity Index Fredriksson Version Clinical Classification;PASI FREDRIKSSON;PASI03;Psoriasis Area and Severity Index Fredriksson Version Clinical Classification Question,,Ordinal,Psoriasis Area and Severity Index Fredriksson Version (PASI Fredriksson Version) Trunk: Erythema/Redness score.,,,,C91106,C91106,Clinical or Research Assessment Answer,string,None;Slight;Moderate;Severe;Very Severe
2026-07-14,PASI Fredriksson Version - Trunk: Erythema/Redness,C191074,C191074,C190947,QRS;Clinical or Research Assessment Classification;Psoriasis Area and Severity Index Fredriksson Version Clinical Classification;PASI FREDRIKSSON;PASI03;Psoriasis Area and Severity Index Fredriksson Version Clinical Classification Question,,Ordinal,Psoriasis Area and Severity Index Fredriksson Version (PASI Fredriksson Version) Trunk: Erythema/Redness score.,,,,C82556,C82556,Not-Done Reason,string,
2026-07-14,PASI Fredriksson Version - Trunk: Erythema/Redness,C191074,C191074,C190947,QRS;Clinical or Research Assessment Classification;Psoriasis Area and Severity Index Fredriksson Version Clinical Classification;PASI FREDRIKSSON;PASI03;Psoriasis Area and Severity Index Fredriksson Version Clinical Classification Question,,Ordinal,Psoriasis Area and Severity Index Fredriksson Version (PASI Fredriksson Version) Trunk: Erythema/Redness score.,,,,C41202,C41202,Completion Status,string,Not Done
2026-07-14,PASI Fredriksson Version - Trunk: Erythema/Redness,C191074,C191074,C190947,QRS;Clinical or Research Assessment Classification;Psoriasis Area and Severity Index Fredriksson Version Clinical Classification;PASI FREDRIKSSON;PASI03;Psoriasis Area and Severity Index Fredriksson Version Clinical Classification Question,,Ordinal,Psoriasis Area and Severity Index Fredriksson Version (PASI Fredriksson Version) Trunk: Erythema/Redness score.,,,,C25692,C25692,Subcategory,string,
2026-07-14,PASI Fredriksson Version - Trunk: Erythema/Redness,C191074,C191074,C190947,QRS;Clinical or Research Assessment Classification;Psoriasis Area and Severity Index Fredriksson Version Clinical Classification;PASI FREDRIKSSON;PASI03;Psoriasis Area and Severity Index Fredriksson Version Clinical Classification Question,,Ordinal,Psoriasis Area and Severity Index Fredriksson Version (PASI Fredriksson Version) Trunk: Erythema/Redness score.,,,,C25372,C25372,Category,string,PASI FREDRIKSSON
2026-07-14,PASI Fredriksson Version - Trunk: Erythema/Redness,C191074,C191074,C190947,QRS;Clinical or Research Assessment Classification;Psoriasis Area and Severity Index Fredriksson Version Clinical Classification;PASI FREDRIKSSON;PASI03;Psoriasis Area and Severity Index Fredriksson Version Clinical Classification Question,,Ordinal,Psoriasis Area and Severity Index Fredriksson Version (PASI Fredriksson Version) Trunk: Erythema/Redness score.,,,,C82515,C82515,Collection Date Time,datetime,
2026-07-14,PASI Fredriksson Version - Trunk: Erythema/Redness,C191074,C191074,C190947,QRS;Clinical or Research Assessment Classification;Psoriasis Area and Severity Index Fredriksson Version Clinical Classification;PASI FREDRIKSSON;PASI03;Psoriasis Area and Severity Index Fredriksson Version Clinical Classification Question,,Ordinal,Psoriasis Area and Severity Index Fredriksson Version (PASI Fredriksson Version) Trunk: Erythema/Redness score.,,,,C51824,C51824,Evaluator,string,Investigator;Dematologist
2026-07-14,PASI Fredriksson Version - Trunk: Erythema/Redness,C191074,C191074,C190947,QRS;Clinical or Research Assessment Classification;Psoriasis Area and Severity Index Fredriksson Version Clinical Classification;PASI FREDRIKSSON;PASI03;Psoriasis Area and Severity Index Fredriksson Version Clinical Classification Question,,Ordinal,Psoriasis Area and Severity Index Fredriksson Version (PASI Fredriksson Version) Trunk: Erythema/Redness score.,,,,C46126,C46126,Ordinal Position,integer,0;1;2;3;4
2026-07-14,PASI Fredriksson Version - Trunk: Thickness/Induration,C191075,C191075,C190947,QRS;Clinical or Research Assessment Classification;Psoriasis Area and Severity Index Fredriksson Version Clinical Classification;PASI FREDRIKSSON;PASI03;Psoriasis Area and Severity Index Fredriksson Version Clinical Classification Question,,Ordinal,Psoriasis Area and Severity Index Fredriksson Version (PASI Fredriksson Version) Trunk: Thickness/Induration score.,,,,C91106,C91106,Clinical or Research Assessment Answer,string,None;Slight;Moderate;Severe;Very Severe
2026-07-14,PASI Fredriksson Version - Trunk: Thickness/Induration,C191075,C191075,C190947,QRS;Clinical or Research Assessment Classification;Psoriasis Area and Severity Index Fredriksson Version Clinical Classification;PASI FREDRIKSSON;PASI03;Psoriasis Area and Severity Index Fredriksson Version Clinical Classification Question,,Ordinal,Psoriasis Area and Severity Index Fredriksson Version (PASI Fredriksson Version) Trunk: Thickness/Induration score.,,,,C25372,C25372,Category,string,PASI FREDRIKSSON
2026-07-14,PASI Fredriksson Version - Trunk: Thickness/Induration,C191075,C191075,C190947,QRS;Clinical or Research Assessment Classification;Psoriasis Area and Severity Index Fredriksson Version Clinical Classification;PASI FREDRIKSSON;PASI03;Psoriasis Area and Severity Index Fredriksson Version Clinical Classification Question,,Ordinal,Psoriasis Area and Severity Index Fredriksson Version (PASI Fredriksson Version) Trunk: Thickness/Induration score.,,,,C51824,C51824,Evaluator,string,Investigator;Dematologist
2026-07-14,PASI Fredriksson Version - Trunk: Thickness/Induration,C191075,C191075,C190947,QRS;Clinical or Research Assessment Classification;Psoriasis Area and Severity Index Fredriksson Version Clinical Classification;PASI FREDRIKSSON;PASI03;Psoriasis Area and Severity Index Fredriksson Version Clinical Classification Question,,Ordinal,Psoriasis Area and Severity Index Fredriksson Version (PASI Fredriksson Version) Trunk: Thickness/Induration score.,,,,C82515,C82515,Collection Date Time,datetime,
2026-07-14,PASI Fredriksson Version - Trunk: Thickness/Induration,C191075,C191075,C190947,QRS;Clinical or Research Assessment Classification;Psoriasis Area and Severity Index Fredriksson Version Clinical Classification;PASI FREDRIKSSON;PASI03;Psoriasis Area and Severity Index Fredriksson Version Clinical Classification Question,,Ordinal,Psoriasis Area and Severity Index Fredriksson Version (PASI Fredriksson Version) Trunk: Thickness/Induration score.,,,,C25692,C25692,Subcategory,string,
2026-07-14,PASI Fredriksson Version - Trunk: Thickness/Induration,C191075,C191075,C190947,QRS;Clinical or Research Assessment Classification;Psoriasis Area and Severity Index Fredriksson Version Clinical Classification;PASI FREDRIKSSON;PASI03;Psoriasis Area and Severity Index Fredriksson Version Clinical Classification Question,,Ordinal,Psoriasis Area and Severity Index Fredriksson Version (PASI Fredriksson Version) Trunk: Thickness/Induration score.,,,,C41202,C41202,Completion Status,string,Not Done
2026-07-14,PASI Fredriksson Version - Trunk: Thickness/Induration,C191075,C191075,C190947,QRS;Clinical or Research Assessment Classification;Psoriasis Area and Severity Index Fredriksson Version Clinical Classification;PASI FREDRIKSSON;PASI03;Psoriasis Area and Severity Index Fredriksson Version Clinical Classification Question,,Ordinal,Psoriasis Area and Severity Index Fredriksson Version (PASI Fredriksson Version) Trunk: Thickness/Induration score.,,,,C46126,C46126,Ordinal Position,integer,0;1;2;3;4
2026-07-14,PASI Fredriksson Version - Trunk: Thickness/Induration,C191075,C191075,C190947,QRS;Clinical or Research Assessment Classification;Psoriasis Area and Severity Index Fredriksson Version Clinical Classification;PASI FREDRIKSSON;PASI03;Psoriasis Area and Severity Index Fredriksson Version Clinical Classification Question,,Ordinal,Psoriasis Area and Severity Index Fredriksson Version (PASI Fredriksson Version) Trunk: Thickness/Induration score.,,,,C82556,C82556,Not-Done Reason,string,
2026-07-14,PASI Fredriksson Version - Upper Extremities: Area Score,C191073,C191073,C190947,QRS;Clinical or Research Assessment Classification;Psoriasis Area and Severity Index Fredriksson Version Clinical Classification;PASI FREDRIKSSON;PASI03;Psoriasis Area and Severity Index Fredriksson Version Clinical Classification Question,,Ordinal,Psoriasis Area and Severity Index Fredriksson Version (PASI Fredriksson Version) Upper Extremities: Area score.,,,,C91106,C91106,Clinical or Research Assessment Answer,string,No involvement;<10%;10-<30%;30-<50%;50-<70%;70-<90%;90-100%
2026-07-14,PASI Fredriksson Version - Upper Extremities: Area Score,C191073,C191073,C190947,QRS;Clinical or Research Assessment Classification;Psoriasis Area and Severity Index Fredriksson Version Clinical Classification;PASI FREDRIKSSON;PASI03;Psoriasis Area and Severity Index Fredriksson Version Clinical Classification Question,,Ordinal,Psoriasis Area and Severity Index Fredriksson Version (PASI Fredriksson Version) Upper Extremities: Area score.,,,,C82515,C82515,Collection Date Time,datetime,
2026-07-14,PASI Fredriksson Version - Upper Extremities: Area Score,C191073,C191073,C190947,QRS;Clinical or Research Assessment Classification;Psoriasis Area and Severity Index Fredriksson Version Clinical Classification;PASI FREDRIKSSON;PASI03;Psoriasis Area and Severity Index Fredriksson Version Clinical Classification Question,,Ordinal,Psoriasis Area and Severity Index Fredriksson Version (PASI Fredriksson Version) Upper Extremities: Area score.,,,,C25692,C25692,Subcategory,string,
2026-07-14,PASI Fredriksson Version - Upper Extremities: Area Score,C191073,C191073,C190947,QRS;Clinical or Research Assessment Classification;Psoriasis Area and Severity Index Fredriksson Version Clinical Classification;PASI FREDRIKSSON;PASI03;Psoriasis Area and Severity Index Fredriksson Version Clinical Classification Question,,Ordinal,Psoriasis Area and Severity Index Fredriksson Version (PASI Fredriksson Version) Upper Extremities: Area score.,,,,C41202,C41202,Completion Status,string,Not Done
2026-07-14,PASI Fredriksson Version - Upper Extremities: Area Score,C191073,C191073,C190947,QRS;Clinical or Research Assessment Classification;Psoriasis Area and Severity Index Fredriksson Version Clinical Classification;PASI FREDRIKSSON;PASI03;Psoriasis Area and Severity Index Fredriksson Version Clinical Classification Question,,Ordinal,Psoriasis Area and Severity Index Fredriksson Version (PASI Fredriksson Version) Upper Extremities: Area score.,,,,C82556,C82556,Not-Done Reason,string,
2026-07-14,PASI Fredriksson Version - Upper Extremities: Area Score,C191073,C191073,C190947,QRS;Clinical or Research Assessment Classification;Psoriasis Area and Severity Index Fredriksson Version Clinical Classification;PASI FREDRIKSSON;PASI03;Psoriasis Area and Severity Index Fredriksson Version Clinical Classification Question,,Ordinal,Psoriasis Area and Severity Index Fredriksson Version (PASI Fredriksson Version) Upper Extremities: Area score.,,,,C51824,C51824,Evaluator,string,Investigator;Dematologist
2026-07-14,PASI Fredriksson Version - Upper Extremities: Area Score,C191073,C191073,C190947,QRS;Clinical or Research Assessment Classification;Psoriasis Area and Severity Index Fredriksson Version Clinical Classification;PASI FREDRIKSSON;PASI03;Psoriasis Area and Severity Index Fredriksson Version Clinical Classification Question,,Ordinal,Psoriasis Area and Severity Index Fredriksson Version (PASI Fredriksson Version) Upper Extremities: Area score.,,,,C46126,C46126,Ordinal Position,integer,0;1;2;3;4;5;6
2026-07-14,PASI Fredriksson Version - Upper Extremities: Area Score,C191073,C191073,C190947,QRS;Clinical or Research Assessment Classification;Psoriasis Area and Severity Index Fredriksson Version Clinical Classification;PASI FREDRIKSSON;PASI03;Psoriasis Area and Severity Index Fredriksson Version Clinical Classification Question,,Ordinal,Psoriasis Area and Severity Index Fredriksson Version (PASI Fredriksson Version) Upper Extremities: Area score.,,,,C25372,C25372,Category,string,PASI FREDRIKSSON
2026-07-14,PASI Fredriksson Version - Upper Extremities: Desquamation/Scaling,C191072,C191072,C190947,QRS;Clinical or Research Assessment Classification;Psoriasis Area and Severity Index Fredriksson Version Clinical Classification;PASI FREDRIKSSON;PASI03;Psoriasis Area and Severity Index Fredriksson Version Clinical Classification Question,,Ordinal,Psoriasis Area and Severity Index Fredriksson Version (PASI Fredriksson Version) Upper Extremities: Desquamation/Scaling score.,,,,C82515,C82515,Collection Date Time,datetime,
2026-07-14,PASI Fredriksson Version - Upper Extremities: Desquamation/Scaling,C191072,C191072,C190947,QRS;Clinical or Research Assessment Classification;Psoriasis Area and Severity Index Fredriksson Version Clinical Classification;PASI FREDRIKSSON;PASI03;Psoriasis Area and Severity Index Fredriksson Version Clinical Classification Question,,Ordinal,Psoriasis Area and Severity Index Fredriksson Version (PASI Fredriksson Version) Upper Extremities: Desquamation/Scaling score.,,,,C82556,C82556,Not-Done Reason,string,
2026-07-14,PASI Fredriksson Version - Upper Extremities: Desquamation/Scaling,C191072,C191072,C190947,QRS;Clinical or Research Assessment Classification;Psoriasis Area and Severity Index Fredriksson Version Clinical Classification;PASI FREDRIKSSON;PASI03;Psoriasis Area and Severity Index Fredriksson Version Clinical Classification Question,,Ordinal,Psoriasis Area and Severity Index Fredriksson Version (PASI Fredriksson Version) Upper Extremities: Desquamation/Scaling score.,,,,C46126,C46126,Ordinal Position,integer,0;1;2;3;4
2026-07-14,PASI Fredriksson Version - Upper Extremities: Desquamation/Scaling,C191072,C191072,C190947,QRS;Clinical or Research Assessment Classification;Psoriasis Area and Severity Index Fredriksson Version Clinical Classification;PASI FREDRIKSSON;PASI03;Psoriasis Area and Severity Index Fredriksson Version Clinical Classification Question,,Ordinal,Psoriasis Area and Severity Index Fredriksson Version (PASI Fredriksson Version) Upper Extremities: Desquamation/Scaling score.,,,,C91106,C91106,Clinical or Research Assessment Answer,string,None;Slight;Moderate;Severe;Very Severe
2026-07-14,PASI Fredriksson Version - Upper Extremities: Desquamation/Scaling,C191072,C191072,C190947,QRS;Clinical or Research Assessment Classification;Psoriasis Area and Severity Index Fredriksson Version Clinical Classification;PASI FREDRIKSSON;PASI03;Psoriasis Area and Severity Index Fredriksson Version Clinical Classification Question,,Ordinal,Psoriasis Area and Severity Index Fredriksson Version (PASI Fredriksson Version) Upper Extremities: Desquamation/Scaling score.,,,,C25372,C25372,Category,string,PASI FREDRIKSSON
2026-07-14,PASI Fredriksson Version - Upper Extremities: Desquamation/Scaling,C191072,C191072,C190947,QRS;Clinical or Research Assessment Classification;Psoriasis Area and Severity Index Fredriksson Version Clinical Classification;PASI FREDRIKSSON;PASI03;Psoriasis Area and Severity Index Fredriksson Version Clinical Classification Question,,Ordinal,Psoriasis Area and Severity Index Fredriksson Version (PASI Fredriksson Version) Upper Extremities: Desquamation/Scaling score.,,,,C25692,C25692,Subcategory,string,
2026-07-14,PASI Fredriksson Version - Upper Extremities: Desquamation/Scaling,C191072,C191072,C190947,QRS;Clinical or Research Assessment Classification;Psoriasis Area and Severity Index Fredriksson Version Clinical Classification;PASI FREDRIKSSON;PASI03;Psoriasis Area and Severity Index Fredriksson Version Clinical Classification Question,,Ordinal,Psoriasis Area and Severity Index Fredriksson Version (PASI Fredriksson Version) Upper Extremities: Desquamation/Scaling score.,,,,C41202,C41202,Completion Status,string,Not Done
2026-07-14,PASI Fredriksson Version - Upper Extremities: Desquamation/Scaling,C191072,C191072,C190947,QRS;Clinical or Research Assessment Classification;Psoriasis Area and Severity Index Fredriksson Version Clinical Classification;PASI FREDRIKSSON;PASI03;Psoriasis Area and Severity Index Fredriksson Version Clinical Classification Question,,Ordinal,Psoriasis Area and Severity Index Fredriksson Version (PASI Fredriksson Version) Upper Extremities: Desquamation/Scaling score.,,,,C51824,C51824,Evaluator,string,Investigator;Dematologist
2026-07-14,PASI Fredriksson Version - Upper Extremities: Erythema/Redness,C191070,C191070,C190947,QRS;Clinical or Research Assessment Classification;Psoriasis Area and Severity Index Fredriksson Version Clinical Classification;PASI FREDRIKSSON;PASI03;Psoriasis Area and Severity Index Fredriksson Version Clinical Classification Question,,Ordinal,Psoriasis Area and Severity Index Fredriksson Version (PASI Fredriksson Version) Upper Extremities: Erythema/Redness score.,,,,C51824,C51824,Evaluator,string,Investigator;Dematologist
2026-07-14,PASI Fredriksson Version - Upper Extremities: Erythema/Redness,C191070,C191070,C190947,QRS;Clinical or Research Assessment Classification;Psoriasis Area and Severity Index Fredriksson Version Clinical Classification;PASI FREDRIKSSON;PASI03;Psoriasis Area and Severity Index Fredriksson Version Clinical Classification Question,,Ordinal,Psoriasis Area and Severity Index Fredriksson Version (PASI Fredriksson Version) Upper Extremities: Erythema/Redness score.,,,,C46126,C46126,Ordinal Position,integer,0;1;2;3;4
2026-07-14,PASI Fredriksson Version - Upper Extremities: Erythema/Redness,C191070,C191070,C190947,QRS;Clinical or Research Assessment Classification;Psoriasis Area and Severity Index Fredriksson Version Clinical Classification;PASI FREDRIKSSON;PASI03;Psoriasis Area and Severity Index Fredriksson Version Clinical Classification Question,,Ordinal,Psoriasis Area and Severity Index Fredriksson Version (PASI Fredriksson Version) Upper Extremities: Erythema/Redness score.,,,,C91106,C91106,Clinical or Research Assessment Answer,string,None;Slight;Moderate;Severe;Very Severe
2026-07-14,PASI Fredriksson Version - Upper Extremities: Erythema/Redness,C191070,C191070,C190947,QRS;Clinical or Research Assessment Classification;Psoriasis Area and Severity Index Fredriksson Version Clinical Classification;PASI FREDRIKSSON;PASI03;Psoriasis Area and Severity Index Fredriksson Version Clinical Classification Question,,Ordinal,Psoriasis Area and Severity Index Fredriksson Version (PASI Fredriksson Version) Upper Extremities: Erythema/Redness score.,,,,C25372,C25372,Category,string,PASI FREDRIKSSON
2026-07-14,PASI Fredriksson Version - Upper Extremities: Erythema/Redness,C191070,C191070,C190947,QRS;Clinical or Research Assessment Classification;Psoriasis Area and Severity Index Fredriksson Version Clinical Classification;PASI FREDRIKSSON;PASI03;Psoriasis Area and Severity Index Fredriksson Version Clinical Classification Question,,Ordinal,Psoriasis Area and Severity Index Fredriksson Version (PASI Fredriksson Version) Upper Extremities: Erythema/Redness score.,,,,C25692,C25692,Subcategory,string,
2026-07-14,PASI Fredriksson Version - Upper Extremities: Erythema/Redness,C191070,C191070,C190947,QRS;Clinical or Research Assessment Classification;Psoriasis Area and Severity Index Fredriksson Version Clinical Classification;PASI FREDRIKSSON;PASI03;Psoriasis Area and Severity Index Fredriksson Version Clinical Classification Question,,Ordinal,Psoriasis Area and Severity Index Fredriksson Version (PASI Fredriksson Version) Upper Extremities: Erythema/Redness score.,,,,C82515,C82515,Collection Date Time,datetime,
2026-07-14,PASI Fredriksson Version - Upper Extremities: Erythema/Redness,C191070,C191070,C190947,QRS;Clinical or Research Assessment Classification;Psoriasis Area and Severity Index Fredriksson Version Clinical Classification;PASI FREDRIKSSON;PASI03;Psoriasis Area and Severity Index Fredriksson Version Clinical Classification Question,,Ordinal,Psoriasis Area and Severity Index Fredriksson Version (PASI Fredriksson Version) Upper Extremities: Erythema/Redness score.,,,,C41202,C41202,Completion Status,string,Not Done
2026-07-14,PASI Fredriksson Version - Upper Extremities: Erythema/Redness,C191070,C191070,C190947,QRS;Clinical or Research Assessment Classification;Psoriasis Area and Severity Index Fredriksson Version Clinical Classification;PASI FREDRIKSSON;PASI03;Psoriasis Area and Severity Index Fredriksson Version Clinical Classification Question,,Ordinal,Psoriasis Area and Severity Index Fredriksson Version (PASI Fredriksson Version) Upper Extremities: Erythema/Redness score.,,,,C82556,C82556,Not-Done Reason,string,
2026-07-14,PASI Fredriksson Version - Upper Extremities: Thickness/Induration,C191071,C191071,C190947,QRS;Clinical or Research Assessment Classification;Psoriasis Area and Severity Index Fredriksson Version Clinical Classification;PASI FREDRIKSSON;PASI03;Psoriasis Area and Severity Index Fredriksson Version Clinical Classification Question,,Ordinal,Psoriasis Area and Severity Index Fredriksson Version (PASI Fredriksson Version) Upper Extremities: Thickness/Induration score.,,,,C82515,C82515,Collection Date Time,datetime,
2026-07-14,PASI Fredriksson Version - Upper Extremities: Thickness/Induration,C191071,C191071,C190947,QRS;Clinical or Research Assessment Classification;Psoriasis Area and Severity Index Fredriksson Version Clinical Classification;PASI FREDRIKSSON;PASI03;Psoriasis Area and Severity Index Fredriksson Version Clinical Classification Question,,Ordinal,Psoriasis Area and Severity Index Fredriksson Version (PASI Fredriksson Version) Upper Extremities: Thickness/Induration score.,,,,C51824,C51824,Evaluator,string,Investigator;Dematologist
2026-07-14,PASI Fredriksson Version - Upper Extremities: Thickness/Induration,C191071,C191071,C190947,QRS;Clinical or Research Assessment Classification;Psoriasis Area and Severity Index Fredriksson Version Clinical Classification;PASI FREDRIKSSON;PASI03;Psoriasis Area and Severity Index Fredriksson Version Clinical Classification Question,,Ordinal,Psoriasis Area and Severity Index Fredriksson Version (PASI Fredriksson Version) Upper Extremities: Thickness/Induration score.,,,,C82556,C82556,Not-Done Reason,string,
2026-07-14,PASI Fredriksson Version - Upper Extremities: Thickness/Induration,C191071,C191071,C190947,QRS;Clinical or Research Assessment Classification;Psoriasis Area and Severity Index Fredriksson Version Clinical Classification;PASI FREDRIKSSON;PASI03;Psoriasis Area and Severity Index Fredriksson Version Clinical Classification Question,,Ordinal,Psoriasis Area and Severity Index Fredriksson Version (PASI Fredriksson Version) Upper Extremities: Thickness/Induration score.,,,,C41202,C41202,Completion Status,string,Not Done
2026-07-14,PASI Fredriksson Version - Upper Extremities: Thickness/Induration,C191071,C191071,C190947,QRS;Clinical or Research Assessment Classification;Psoriasis Area and Severity Index Fredriksson Version Clinical Classification;PASI FREDRIKSSON;PASI03;Psoriasis Area and Severity Index Fredriksson Version Clinical Classification Question,,Ordinal,Psoriasis Area and Severity Index Fredriksson Version (PASI Fredriksson Version) Upper Extremities: Thickness/Induration score.,,,,C25692,C25692,Subcategory,string,
2026-07-14,PASI Fredriksson Version - Upper Extremities: Thickness/Induration,C191071,C191071,C190947,QRS;Clinical or Research Assessment Classification;Psoriasis Area and Severity Index Fredriksson Version Clinical Classification;PASI FREDRIKSSON;PASI03;Psoriasis Area and Severity Index Fredriksson Version Clinical Classification Question,,Ordinal,Psoriasis Area and Severity Index Fredriksson Version (PASI Fredriksson Version) Upper Extremities: Thickness/Induration score.,,,,C25372,C25372,Category,string,PASI FREDRIKSSON
2026-07-14,PASI Fredriksson Version - Upper Extremities: Thickness/Induration,C191071,C191071,C190947,QRS;Clinical or Research Assessment Classification;Psoriasis Area and Severity Index Fredriksson Version Clinical Classification;PASI FREDRIKSSON;PASI03;Psoriasis Area and Severity Index Fredriksson Version Clinical Classification Question,,Ordinal,Psoriasis Area and Severity Index Fredriksson Version (PASI Fredriksson Version) Upper Extremities: Thickness/Induration score.,,,,C91106,C91106,Clinical or Research Assessment Answer,string,None;Slight;Moderate;Severe;Very Severe
2026-07-14,PASI Fredriksson Version - Upper Extremities: Thickness/Induration,C191071,C191071,C190947,QRS;Clinical or Research Assessment Classification;Psoriasis Area and Severity Index Fredriksson Version Clinical Classification;PASI FREDRIKSSON;PASI03;Psoriasis Area and Severity Index Fredriksson Version Clinical Classification Question,,Ordinal,Psoriasis Area and Severity Index Fredriksson Version (PASI Fredriksson Version) Upper Extremities: Thickness/Induration score.,,,,C46126,C46126,Ordinal Position,integer,0;1;2;3;4
2026-07-14,Patient Global Impression Generic Modification Version Questionnaire,C135739,C135739,C91105,QRS;Clinical or Research Assessment Questionnaire;Patient Global Impression Generic Modification Version Questionnaire;PGI;PGI01,PGI;PGI01;PGI Generic Modification Version,,"A modified, generic version of a standardized questionnaire, developed as a patient reported outcomes counterpart for the Clinical Global Impressions scale published by Guy et al. in 1976, that assesses a patient's perception of their condition.",,,,C25372,C25372,Category,string,PGI
2026-07-14,Patient Global Impression Generic Modification Version Questionnaire,C135739,C135739,C91105,QRS;Clinical or Research Assessment Questionnaire;Patient Global Impression Generic Modification Version Questionnaire;PGI;PGI01,PGI;PGI01;PGI Generic Modification Version,,"A modified, generic version of a standardized questionnaire, developed as a patient reported outcomes counterpart for the Clinical Global Impressions scale published by Guy et al. in 1976, that assesses a patient's perception of their condition.",,,,C82525,C82525,Test Occurrence,string,N;Y
2026-07-14,Patient Global Impression Generic Modification Version Questionnaire,C135739,C135739,C91105,QRS;Clinical or Research Assessment Questionnaire;Patient Global Impression Generic Modification Version Questionnaire;PGI;PGI01,PGI;PGI01;PGI Generic Modification Version,,"A modified, generic version of a standardized questionnaire, developed as a patient reported outcomes counterpart for the Clinical Global Impressions scale published by Guy et al. in 1976, that assesses a patient's perception of their condition.",,,,C82515,C82515,Collection Date Time,datetime,
2026-07-14,Patient Global Impression Generic Modification Version Questionnaire,C135739,C135739,C91105,QRS;Clinical or Research Assessment Questionnaire;Patient Global Impression Generic Modification Version Questionnaire;PGI;PGI01,PGI;PGI01;PGI Generic Modification Version,,"A modified, generic version of a standardized questionnaire, developed as a patient reported outcomes counterpart for the Clinical Global Impressions scale published by Guy et al. in 1976, that assesses a patient's perception of their condition.",,,,C82556,C82556,Not-Done Reason,string,
2026-07-14,Person Contact Information,C41085,C41085,,Contact Information,,,Information regarding the person who is acting as a channel for communication between groups.,,,,,,,,
2026-07-14,Person Status,C171086,C171086,,Personal Attributes,,,The status of a person at a given time.,,,,,,,,
2026-07-14,Photography,C94527,C94527,C17369,Diagnostic Procedure;Imaging Procedure,,Nominal,The process by which an image is acquired by recording light emissions on radiation-sensitive paper.,,,,C25185,C25185,Laterality,string,Right;Left;Bilateral
2026-07-14,Photography,C94527,C94527,C17369,Diagnostic Procedure;Imaging Procedure,,Nominal,The process by which an image is acquired by recording light emissions on radiation-sensitive paper.,,,,C117529,C117529,Start Date and Time of Procedure,datetime,
2026-07-14,Photography,C94527,C94527,C17369,Diagnostic Procedure;Imaging Procedure,,Nominal,The process by which an image is acquired by recording light emissions on radiation-sensitive paper.,,,,C171000,C171000,Prespecified Event or Intervention Indicator,boolean,Y;N
2026-07-14,Photography,C94527,C94527,C17369,Diagnostic Procedure;Imaging Procedure,,Nominal,The process by which an image is acquired by recording light emissions on radiation-sensitive paper.,,,,C127786,C127786,Occurrence Indicator,boolean,Y;N
2026-07-14,Photography,C94527,C94527,C17369,Diagnostic Procedure;Imaging Procedure,,Nominal,The process by which an image is acquired by recording light emissions on radiation-sensitive paper.,,,,C13717,C13717,Anatomic Site,string,
2026-07-14,Photography,C94527,C94527,C17369,Diagnostic Procedure;Imaging Procedure,,Nominal,The process by which an image is acquired by recording light emissions on radiation-sensitive paper.,,,,C117530,C117530,End Date and Time of Procedure,datetime,
2026-07-14,Photography,C94527,C94527,C17369,Diagnostic Procedure;Imaging Procedure,,Nominal,The process by which an image is acquired by recording light emissions on radiation-sensitive paper.,,,,C25692,C25692,Subcategory,string,
2026-07-14,Photography,C94527,C94527,C17369,Diagnostic Procedure;Imaging Procedure,,Nominal,The process by which an image is acquired by recording light emissions on radiation-sensitive paper.,,,,C25372,C25372,Category,string,
2026-07-14,Photography,C94527,C94527,C17369,Diagnostic Procedure;Imaging Procedure,,Nominal,The process by which an image is acquired by recording light emissions on radiation-sensitive paper.,,,,C117512,C117512,Standardized Name of Procedure,string,
2026-07-14,Photography,C94527,C94527,C17369,Diagnostic Procedure;Imaging Procedure,,Nominal,The process by which an image is acquired by recording light emissions on radiation-sensitive paper.,,,,C117511,C117511,Reported Name of Procedure,string,
2026-07-14,Physical Activity Lifestyle,C179818,C179818,C16795,Subject Characteristics,PHYACLFS;Physical Activity Lifestyle,Ordinal;Quantitative,A description of the subject's lifestyle with respect to physical activity.,,,,C25372,C25372,Category,string,
2026-07-14,Physical Activity Lifestyle,C179818,C179818,C16795,Subject Characteristics,PHYACLFS;Physical Activity Lifestyle,Ordinal;Quantitative,A description of the subject's lifestyle with respect to physical activity.,,,,C70856,C70856,Observation Result,string,
2026-07-14,Physical Activity Lifestyle,C179818,C179818,C16795,Subject Characteristics,PHYACLFS;Physical Activity Lifestyle,Ordinal;Quantitative,A description of the subject's lifestyle with respect to physical activity.,,,,C82515,C82515,Collection Date Time,datetime,
2026-07-14,Positron Emission Tomography,C17007,C17007,C38093,Diagnostic Imaging;Medical Imaging;Tomagraphy,PET Scan;PET,Nominal,"A technique for measuring the gamma radiation produced by collisions of electrons and positrons (anti-electrons) within living tissue. In positron emission tomography (PET), a subject is given a dose of a positron-emitting radionuclide attached to a metabolically active substance (for example, 2-fluoro-2-deoxy-D-glucose (FDG), which is similar to a naturally occurring sugar, glucose, with the addition of a radioactive fluorine atom). When living tissue containing the positron emitter is bombarded by electrons, gamma radiation produced by collisions of electrons and positrons is detected by a scanner, revealing in fine detail the tissue location of the metabolically-active substance administered.",,,,C25185,C25185,Laterality,string,Right;Left;Bilateral
2026-07-14,Positron Emission Tomography,C17007,C17007,C38093,Diagnostic Imaging;Medical Imaging;Tomagraphy,PET Scan;PET,Nominal,"A technique for measuring the gamma radiation produced by collisions of electrons and positrons (anti-electrons) within living tissue. In positron emission tomography (PET), a subject is given a dose of a positron-emitting radionuclide attached to a metabolically active substance (for example, 2-fluoro-2-deoxy-D-glucose (FDG), which is similar to a naturally occurring sugar, glucose, with the addition of a radioactive fluorine atom). When living tissue containing the positron emitter is bombarded by electrons, gamma radiation produced by collisions of electrons and positrons is detected by a scanner, revealing in fine detail the tissue location of the metabolically-active substance administered.",,,,C127786,C127786,Occurrence Indicator,boolean,Y;N
2026-07-14,Positron Emission Tomography,C17007,C17007,C38093,Diagnostic Imaging;Medical Imaging;Tomagraphy,PET Scan;PET,Nominal,"A technique for measuring the gamma radiation produced by collisions of electrons and positrons (anti-electrons) within living tissue. In positron emission tomography (PET), a subject is given a dose of a positron-emitting radionuclide attached to a metabolically active substance (for example, 2-fluoro-2-deoxy-D-glucose (FDG), which is similar to a naturally occurring sugar, glucose, with the addition of a radioactive fluorine atom). When living tissue containing the positron emitter is bombarded by electrons, gamma radiation produced by collisions of electrons and positrons is detected by a scanner, revealing in fine detail the tissue location of the metabolically-active substance administered.",,,,C117530,C117530,End Date and Time of Procedure,datetime,
2026-07-14,Positron Emission Tomography,C17007,C17007,C38093,Diagnostic Imaging;Medical Imaging;Tomagraphy,PET Scan;PET,Nominal,"A technique for measuring the gamma radiation produced by collisions of electrons and positrons (anti-electrons) within living tissue. In positron emission tomography (PET), a subject is given a dose of a positron-emitting radionuclide attached to a metabolically active substance (for example, 2-fluoro-2-deoxy-D-glucose (FDG), which is similar to a naturally occurring sugar, glucose, with the addition of a radioactive fluorine atom). When living tissue containing the positron emitter is bombarded by electrons, gamma radiation produced by collisions of electrons and positrons is detected by a scanner, revealing in fine detail the tissue location of the metabolically-active substance administered.",,,,C117529,C117529,Start Date and Time of Procedure,datetime,
2026-07-14,Positron Emission Tomography,C17007,C17007,C38093,Diagnostic Imaging;Medical Imaging;Tomagraphy,PET Scan;PET,Nominal,"A technique for measuring the gamma radiation produced by collisions of electrons and positrons (anti-electrons) within living tissue. In positron emission tomography (PET), a subject is given a dose of a positron-emitting radionuclide attached to a metabolically active substance (for example, 2-fluoro-2-deoxy-D-glucose (FDG), which is similar to a naturally occurring sugar, glucose, with the addition of a radioactive fluorine atom). When living tissue containing the positron emitter is bombarded by electrons, gamma radiation produced by collisions of electrons and positrons is detected by a scanner, revealing in fine detail the tissue location of the metabolically-active substance administered.",,,,C117512,C117512,Standardized Name of Procedure,string,
2026-07-14,Positron Emission Tomography,C17007,C17007,C38093,Diagnostic Imaging;Medical Imaging;Tomagraphy,PET Scan;PET,Nominal,"A technique for measuring the gamma radiation produced by collisions of electrons and positrons (anti-electrons) within living tissue. In positron emission tomography (PET), a subject is given a dose of a positron-emitting radionuclide attached to a metabolically active substance (for example, 2-fluoro-2-deoxy-D-glucose (FDG), which is similar to a naturally occurring sugar, glucose, with the addition of a radioactive fluorine atom). When living tissue containing the positron emitter is bombarded by electrons, gamma radiation produced by collisions of electrons and positrons is detected by a scanner, revealing in fine detail the tissue location of the metabolically-active substance administered.",,,,C13717,C13717,Anatomic Site,string,
2026-07-14,Positron Emission Tomography,C17007,C17007,C38093,Diagnostic Imaging;Medical Imaging;Tomagraphy,PET Scan;PET,Nominal,"A technique for measuring the gamma radiation produced by collisions of electrons and positrons (anti-electrons) within living tissue. In positron emission tomography (PET), a subject is given a dose of a positron-emitting radionuclide attached to a metabolically active substance (for example, 2-fluoro-2-deoxy-D-glucose (FDG), which is similar to a naturally occurring sugar, glucose, with the addition of a radioactive fluorine atom). When living tissue containing the positron emitter is bombarded by electrons, gamma radiation produced by collisions of electrons and positrons is detected by a scanner, revealing in fine detail the tissue location of the metabolically-active substance administered.",,,,C117511,C117511,Reported Name of Procedure,string,
2026-07-14,Positron Emission Tomography,C17007,C17007,C38093,Diagnostic Imaging;Medical Imaging;Tomagraphy,PET Scan;PET,Nominal,"A technique for measuring the gamma radiation produced by collisions of electrons and positrons (anti-electrons) within living tissue. In positron emission tomography (PET), a subject is given a dose of a positron-emitting radionuclide attached to a metabolically active substance (for example, 2-fluoro-2-deoxy-D-glucose (FDG), which is similar to a naturally occurring sugar, glucose, with the addition of a radioactive fluorine atom). When living tissue containing the positron emitter is bombarded by electrons, gamma radiation produced by collisions of electrons and positrons is detected by a scanner, revealing in fine detail the tissue location of the metabolically-active substance administered.",,,,C25692,C25692,Subcategory,string,
2026-07-14,Positron Emission Tomography,C17007,C17007,C38093,Diagnostic Imaging;Medical Imaging;Tomagraphy,PET Scan;PET,Nominal,"A technique for measuring the gamma radiation produced by collisions of electrons and positrons (anti-electrons) within living tissue. In positron emission tomography (PET), a subject is given a dose of a positron-emitting radionuclide attached to a metabolically active substance (for example, 2-fluoro-2-deoxy-D-glucose (FDG), which is similar to a naturally occurring sugar, glucose, with the addition of a radioactive fluorine atom). When living tissue containing the positron emitter is bombarded by electrons, gamma radiation produced by collisions of electrons and positrons is detected by a scanner, revealing in fine detail the tissue location of the metabolically-active substance administered.",,,,C25372,C25372,Category,string,
2026-07-14,Positron Emission Tomography,C17007,C17007,C38093,Diagnostic Imaging;Medical Imaging;Tomagraphy,PET Scan;PET,Nominal,"A technique for measuring the gamma radiation produced by collisions of electrons and positrons (anti-electrons) within living tissue. In positron emission tomography (PET), a subject is given a dose of a positron-emitting radionuclide attached to a metabolically active substance (for example, 2-fluoro-2-deoxy-D-glucose (FDG), which is similar to a naturally occurring sugar, glucose, with the addition of a radioactive fluorine atom). When living tissue containing the positron emitter is bombarded by electrons, gamma radiation produced by collisions of electrons and positrons is detected by a scanner, revealing in fine detail the tissue location of the metabolically-active substance administered.",,,,C171000,C171000,Prespecified Event or Intervention Indicator,boolean,Y;N
2026-07-14,Premature Birth Indicator,C112400,C112400,C19332,Subject Characteristics,PREMBRTH;premature at birth;Premature Birth Indicator;premature_at_birth,Nominal,An indication as to whether the subject was born prior to 38 weeks gestation.,,,,C82515,C82515,Collection Date Time,datetime,
2026-07-14,Premature Birth Indicator,C112400,C112400,C19332,Subject Characteristics,PREMBRTH;premature at birth;Premature Birth Indicator;premature_at_birth,Nominal,An indication as to whether the subject was born prior to 38 weeks gestation.,,,,C70856,C70856,Observation Result,string,
2026-07-14,Premature Birth Indicator,C112400,C112400,C19332,Subject Characteristics,PREMBRTH;premature at birth;Premature Birth Indicator;premature_at_birth,Nominal,An indication as to whether the subject was born prior to 38 weeks gestation.,,,,C25372,C25372,Category,string,
2026-07-14,Primary Language Spoken,C132459,C132459,C19332,Subject Characteristics,LNGSPP;Primary Language Spoken;Primary Language Spoken at Home,Nominal,The main language that is spoken by the subject most frequently or dominantly.,,,,C25372,C25372,Category,string,
2026-07-14,Primary Language Spoken,C132459,C132459,C19332,Subject Characteristics,LNGSPP;Primary Language Spoken;Primary Language Spoken at Home,Nominal,The main language that is spoken by the subject most frequently or dominantly.,,,,C70856,C70856,Observation Result,string,
2026-07-14,Primary Language Spoken,C132459,C132459,C19332,Subject Characteristics,LNGSPP;Primary Language Spoken;Primary Language Spoken at Home,Nominal,The main language that is spoken by the subject most frequently or dominantly.,,,,C82515,C82515,Collection Date Time,datetime,
2026-07-14,Priority of Disease Contact,C102699,C102699,C41085,Subject Characteristics,PRICON;Priority of Disease Contact,Ordinal,The categorization of individuals with or without the potential for having tuberculosis.,,,,C25372,C25372,Category,string,
2026-07-14,Priority of Disease Contact,C102699,C102699,C41085,Subject Characteristics,PRICON;Priority of Disease Contact,Ordinal,The categorization of individuals with or without the potential for having tuberculosis.,,,,C70856,C70856,Observation Result,string,
2026-07-14,Priority of Disease Contact,C102699,C102699,C41085,Subject Characteristics,PRICON;Priority of Disease Contact,Ordinal,The categorization of individuals with or without the potential for having tuberculosis.,,,,C82515,C82515,Collection Date Time,datetime,
2026-07-14,Private Health Insurance Indicator,C209686,C209686,C209446,Subject Characteristics,HIPRVIND;Private Health Insurance Indicator,Nominal,An indication as to whether the subject is covered by their own or a family member's privately-bought health insurance.,,,,C25372,C25372,Category,string,
2026-07-14,Private Health Insurance Indicator,C209686,C209686,C209446,Subject Characteristics,HIPRVIND;Private Health Insurance Indicator,Nominal,An indication as to whether the subject is covered by their own or a family member's privately-bought health insurance.,,,,C70856,C70856,Observation Result,string,N;Y;U
2026-07-14,Private Health Insurance Indicator,C209686,C209686,C209446,Subject Characteristics,HIPRVIND;Private Health Insurance Indicator,Nominal,An indication as to whether the subject is covered by their own or a family member's privately-bought health insurance.,,,,C82515,C82515,Collection Date Time,datetime,
2026-07-14,Psoriasis Area and Severity Index Fredriksson Version Clinical Classification,C191040,C191040,C118969,QRS;QRS;Clinical or Research Assessment Classification;Psoriasis Area and Severity Index Fredriksson Version Clinical Classification;PASI FREDRIKSSON;PASI03,PASI FREDRIKSSON;PASI Fredriksson Version;PASI03,,"A standardized index developed in 1978 by Fredriksson et al. that combines psoriasis disease severity (measured as erythema, infiltration, and desquamation) and body surface area involvement over 4 body regions (head, trunk, upper and lower extremities) to assess progress during treatment.",,,,C25372,C25372,Category,string,PASI FREDRIKSSON
2026-07-14,Psoriasis Area and Severity Index Fredriksson Version Clinical Classification,C191040,C191040,C118969,QRS;QRS;Clinical or Research Assessment Classification;Psoriasis Area and Severity Index Fredriksson Version Clinical Classification;PASI FREDRIKSSON;PASI03,PASI FREDRIKSSON;PASI Fredriksson Version;PASI03,,"A standardized index developed in 1978 by Fredriksson et al. that combines psoriasis disease severity (measured as erythema, infiltration, and desquamation) and body surface area involvement over 4 body regions (head, trunk, upper and lower extremities) to assess progress during treatment.",,,,C82525,C82525,Test Occurrence,string,N;Y
2026-07-14,Psoriasis Area and Severity Index Fredriksson Version Clinical Classification,C191040,C191040,C118969,QRS;QRS;Clinical or Research Assessment Classification;Psoriasis Area and Severity Index Fredriksson Version Clinical Classification;PASI FREDRIKSSON;PASI03,PASI FREDRIKSSON;PASI Fredriksson Version;PASI03,,"A standardized index developed in 1978 by Fredriksson et al. that combines psoriasis disease severity (measured as erythema, infiltration, and desquamation) and body surface area involvement over 4 body regions (head, trunk, upper and lower extremities) to assess progress during treatment.",,,,C82515,C82515,Collection Date Time,datetime,
2026-07-14,Psoriasis Area and Severity Index Fredriksson Version Clinical Classification,C191040,C191040,C118969,QRS;QRS;Clinical or Research Assessment Classification;Psoriasis Area and Severity Index Fredriksson Version Clinical Classification;PASI FREDRIKSSON;PASI03,PASI FREDRIKSSON;PASI Fredriksson Version;PASI03,,"A standardized index developed in 1978 by Fredriksson et al. that combines psoriasis disease severity (measured as erythema, infiltration, and desquamation) and body surface area involvement over 4 body regions (head, trunk, upper and lower extremities) to assess progress during treatment.",,,,C82556,C82556,Not-Done Reason,string,
2026-07-14,Psoriasis Area and Severity Index Fredriksson Version Clinical Classification Question,C190947,C190947,C211913,QRS Instrument Questions,,,A question associated with the Psoriasis Area and Severity Index Fredriksson Version clinical classification.,,,,,,,,
2026-07-14,Radiation Therapy,C15313,C15313,C49236,Oncology Standards;Therapeutic Procedure;Radiation Therapy,Cancer Radiotherapy;Radiotherapeutics;RT,Nominal,Treatment of a disease by means of exposure of the target or the whole body to radiation. Radiation therapy is often used as part of curative therapy and occasionally as a component of palliative treatment for cancer. Other uses include total body irradiation prior to transplantation.,,,,C117512,C117512,Standardized Name of Procedure,string,3D Conformal Radiation Theraphy;Intensity Modulated Radiation Theraphy;Intracavity Brachytheraphy;Interstitial Brachytheraphy
2026-07-14,Radiation Therapy,C15313,C15313,C49236,Oncology Standards;Therapeutic Procedure;Radiation Therapy,Cancer Radiotherapy;Radiotherapeutics;RT,Nominal,Treatment of a disease by means of exposure of the target or the whole body to radiation. Radiation therapy is often used as part of curative therapy and occasionally as a component of palliative treatment for cancer. Other uses include total body irradiation prior to transplantation.,,,,C117511,C117511,Reported Name of Procedure,string,3D Conformal Radiation Theraphy;Intensity Modulated Radiation Theraphy;Radiosurgery;Stereotactic Body Radiation Thereaphy;Total Body Irritattion;Intracavity Brachytheraphy;Interstitial Brachytheraphy;Radioembolization
2026-07-14,Radiation Therapy,C15313,C15313,C49236,Oncology Standards;Therapeutic Procedure;Radiation Therapy,Cancer Radiotherapy;Radiotherapeutics;RT,Nominal,Treatment of a disease by means of exposure of the target or the whole body to radiation. Radiation therapy is often used as part of curative therapy and occasionally as a component of palliative treatment for cancer. Other uses include total body irradiation prior to transplantation.,,,,C25372,C25372,Category,string,Radiation Therapy
2026-07-14,Radiation Therapy,C15313,C15313,C49236,Oncology Standards;Therapeutic Procedure;Radiation Therapy,Cancer Radiotherapy;Radiotherapeutics;RT,Nominal,Treatment of a disease by means of exposure of the target or the whole body to radiation. Radiation therapy is often used as part of curative therapy and occasionally as a component of palliative treatment for cancer. Other uses include total body irradiation prior to transplantation.,,,,C25692,C25692,Subcategory,string,External Beam Radiation Theraphy;Internal Radiation Theraphy
2026-07-14,Radiation Therapy,C15313,C15313,C49236,Oncology Standards;Therapeutic Procedure;Radiation Therapy,Cancer Radiotherapy;Radiotherapeutics;RT,Nominal,Treatment of a disease by means of exposure of the target or the whole body to radiation. Radiation therapy is often used as part of curative therapy and occasionally as a component of palliative treatment for cancer. Other uses include total body irradiation prior to transplantation.,,,,C171000,C171000,Prespecified Event or Intervention Indicator,boolean,Y;N
2026-07-14,Radiation Therapy,C15313,C15313,C49236,Oncology Standards;Therapeutic Procedure;Radiation Therapy,Cancer Radiotherapy;Radiotherapeutics;RT,Nominal,Treatment of a disease by means of exposure of the target or the whole body to radiation. Radiation therapy is often used as part of curative therapy and occasionally as a component of palliative treatment for cancer. Other uses include total body irradiation prior to transplantation.,,,,C210652,C210652,Treatment Intent,string,Palliative;Curative
2026-07-14,Radiation Therapy,C15313,C15313,C49236,Oncology Standards;Therapeutic Procedure;Radiation Therapy,Cancer Radiotherapy;Radiotherapeutics;RT,Nominal,Treatment of a disease by means of exposure of the target or the whole body to radiation. Radiation therapy is often used as part of curative therapy and occasionally as a component of palliative treatment for cancer. Other uses include total body irradiation prior to transplantation.,,,,C25185,C25185,Laterality,string,Right;Left;Bilateral
2026-07-14,Radiation Therapy,C15313,C15313,C49236,Oncology Standards;Therapeutic Procedure;Radiation Therapy,Cancer Radiotherapy;Radiotherapeutics;RT,Nominal,Treatment of a disease by means of exposure of the target or the whole body to radiation. Radiation therapy is often used as part of curative therapy and occasionally as a component of palliative treatment for cancer. Other uses include total body irradiation prior to transplantation.,,,,C13717,C13717,Anatomic Site,string,Supraclavicular Lymph Node;Breast;Lumbar Vertebra;Axillary Lymph Node
2026-07-14,Radiation Therapy,C15313,C15313,C49236,Oncology Standards;Therapeutic Procedure;Radiation Therapy,Cancer Radiotherapy;Radiotherapeutics;RT,Nominal,Treatment of a disease by means of exposure of the target or the whole body to radiation. Radiation therapy is often used as part of curative therapy and occasionally as a component of palliative treatment for cancer. Other uses include total body irradiation prior to transplantation.,,,,C41184,C41184,Indication,string,Breast Cancer
2026-07-14,Radiation Therapy,C15313,C15313,C49236,Oncology Standards;Therapeutic Procedure;Radiation Therapy,Cancer Radiotherapy;Radiotherapeutics;RT,Nominal,Treatment of a disease by means of exposure of the target or the whole body to radiation. Radiation therapy is often used as part of curative therapy and occasionally as a component of palliative treatment for cancer. Other uses include total body irradiation prior to transplantation.,,,,C25488,C25488,Dose,integer,
2026-07-14,Radiation Therapy,C15313,C15313,C49236,Oncology Standards;Therapeutic Procedure;Radiation Therapy,Cancer Radiotherapy;Radiotherapeutics;RT,Nominal,Treatment of a disease by means of exposure of the target or the whole body to radiation. Radiation therapy is often used as part of curative therapy and occasionally as a component of palliative treatment for cancer. Other uses include total body irradiation prior to transplantation.,,,,C117530,C117530,End Date and Time of Procedure,datetime,
2026-07-14,Radiation Therapy,C15313,C15313,C49236,Oncology Standards;Therapeutic Procedure;Radiation Therapy,Cancer Radiotherapy;Radiotherapeutics;RT,Nominal,Treatment of a disease by means of exposure of the target or the whole body to radiation. Radiation therapy is often used as part of curative therapy and occasionally as a component of palliative treatment for cancer. Other uses include total body irradiation prior to transplantation.,,,,C117529,C117529,Start Date and Time of Procedure,datetime,
2026-07-14,Radiation Therapy,C15313,C15313,C49236,Oncology Standards;Therapeutic Procedure;Radiation Therapy,Cancer Radiotherapy;Radiotherapeutics;RT,Nominal,Treatment of a disease by means of exposure of the target or the whole body to radiation. Radiation therapy is often used as part of curative therapy and occasionally as a component of palliative treatment for cancer. Other uses include total body irradiation prior to transplantation.,,,,C127786,C127786,Occurrence Indicator,boolean,Y;N
2026-07-14,Radiation Therapy,C15313,C15313,C49236,Oncology Standards;Therapeutic Procedure;Radiation Therapy,Cancer Radiotherapy;Radiotherapeutics;RT,Nominal,Treatment of a disease by means of exposure of the target or the whole body to radiation. Radiation therapy is often used as part of curative therapy and occasionally as a component of palliative treatment for cancer. Other uses include total body irradiation prior to transplantation.,,,,C124444,C124444,Treatment Environmental Setting,string,Adjuvant;Neo-adjuvant;Metastatic
2026-07-14,Radiation Therapy,C15313,C15313,C49236,Oncology Standards;Therapeutic Procedure;Radiation Therapy,Cancer Radiotherapy;Radiotherapeutics;RT,Nominal,Treatment of a disease by means of exposure of the target or the whole body to radiation. Radiation therapy is often used as part of curative therapy and occasionally as a component of palliative treatment for cancer. Other uses include total body irradiation prior to transplantation.,,,,C18068,C18068,Radiation Dose Unit,string,Gy
2026-07-14,Radionuclide Imaging,C62667,C62667,C16502,Diagnostic Procedure;Diagnostic Imaging;NM;Nuclear Medicine,Gamma Scan;Nuclear Medicine;Scintigraphy;Radioimaging,Nominal,"An imaging technique that uses a small dose of a radioactive chemical (isotope) called a tracer that can detect sites of cancer growth, trauma, infection or degenerative disorders. The tracer, which is either injected into a vein or swallowed, travels through the bloodstream to the target organ, and emits gamma rays, which are detected by a gamma camera and analyzed by a computer to form an image of the target organ.",,,,C117530,C117530,End Date and Time of Procedure,datetime,
2026-07-14,Radionuclide Imaging,C62667,C62667,C16502,Diagnostic Procedure;Diagnostic Imaging;NM;Nuclear Medicine,Gamma Scan;Nuclear Medicine;Scintigraphy;Radioimaging,Nominal,"An imaging technique that uses a small dose of a radioactive chemical (isotope) called a tracer that can detect sites of cancer growth, trauma, infection or degenerative disorders. The tracer, which is either injected into a vein or swallowed, travels through the bloodstream to the target organ, and emits gamma rays, which are detected by a gamma camera and analyzed by a computer to form an image of the target organ.",,,,C117529,C117529,Start Date and Time of Procedure,datetime,
2026-07-14,Radionuclide Imaging,C62667,C62667,C16502,Diagnostic Procedure;Diagnostic Imaging;NM;Nuclear Medicine,Gamma Scan;Nuclear Medicine;Scintigraphy;Radioimaging,Nominal,"An imaging technique that uses a small dose of a radioactive chemical (isotope) called a tracer that can detect sites of cancer growth, trauma, infection or degenerative disorders. The tracer, which is either injected into a vein or swallowed, travels through the bloodstream to the target organ, and emits gamma rays, which are detected by a gamma camera and analyzed by a computer to form an image of the target organ.",,,,C25185,C25185,Laterality,string,Right;Left;Bilateral
2026-07-14,Radionuclide Imaging,C62667,C62667,C16502,Diagnostic Procedure;Diagnostic Imaging;NM;Nuclear Medicine,Gamma Scan;Nuclear Medicine;Scintigraphy;Radioimaging,Nominal,"An imaging technique that uses a small dose of a radioactive chemical (isotope) called a tracer that can detect sites of cancer growth, trauma, infection or degenerative disorders. The tracer, which is either injected into a vein or swallowed, travels through the bloodstream to the target organ, and emits gamma rays, which are detected by a gamma camera and analyzed by a computer to form an image of the target organ.",,,,C13717,C13717,Anatomic Site,string,
2026-07-14,Radionuclide Imaging,C62667,C62667,C16502,Diagnostic Procedure;Diagnostic Imaging;NM;Nuclear Medicine,Gamma Scan;Nuclear Medicine;Scintigraphy;Radioimaging,Nominal,"An imaging technique that uses a small dose of a radioactive chemical (isotope) called a tracer that can detect sites of cancer growth, trauma, infection or degenerative disorders. The tracer, which is either injected into a vein or swallowed, travels through the bloodstream to the target organ, and emits gamma rays, which are detected by a gamma camera and analyzed by a computer to form an image of the target organ.",,,,C171000,C171000,Prespecified Event or Intervention Indicator,boolean,Y;N
2026-07-14,Radionuclide Imaging,C62667,C62667,C16502,Diagnostic Procedure;Diagnostic Imaging;NM;Nuclear Medicine,Gamma Scan;Nuclear Medicine;Scintigraphy;Radioimaging,Nominal,"An imaging technique that uses a small dose of a radioactive chemical (isotope) called a tracer that can detect sites of cancer growth, trauma, infection or degenerative disorders. The tracer, which is either injected into a vein or swallowed, travels through the bloodstream to the target organ, and emits gamma rays, which are detected by a gamma camera and analyzed by a computer to form an image of the target organ.",,,,C25692,C25692,Subcategory,string,
2026-07-14,Radionuclide Imaging,C62667,C62667,C16502,Diagnostic Procedure;Diagnostic Imaging;NM;Nuclear Medicine,Gamma Scan;Nuclear Medicine;Scintigraphy;Radioimaging,Nominal,"An imaging technique that uses a small dose of a radioactive chemical (isotope) called a tracer that can detect sites of cancer growth, trauma, infection or degenerative disorders. The tracer, which is either injected into a vein or swallowed, travels through the bloodstream to the target organ, and emits gamma rays, which are detected by a gamma camera and analyzed by a computer to form an image of the target organ.",,,,C25372,C25372,Category,string,
2026-07-14,Radionuclide Imaging,C62667,C62667,C16502,Diagnostic Procedure;Diagnostic Imaging;NM;Nuclear Medicine,Gamma Scan;Nuclear Medicine;Scintigraphy;Radioimaging,Nominal,"An imaging technique that uses a small dose of a radioactive chemical (isotope) called a tracer that can detect sites of cancer growth, trauma, infection or degenerative disorders. The tracer, which is either injected into a vein or swallowed, travels through the bloodstream to the target organ, and emits gamma rays, which are detected by a gamma camera and analyzed by a computer to form an image of the target organ.",,,,C117512,C117512,Standardized Name of Procedure,string,
2026-07-14,Radionuclide Imaging,C62667,C62667,C16502,Diagnostic Procedure;Diagnostic Imaging;NM;Nuclear Medicine,Gamma Scan;Nuclear Medicine;Scintigraphy;Radioimaging,Nominal,"An imaging technique that uses a small dose of a radioactive chemical (isotope) called a tracer that can detect sites of cancer growth, trauma, infection or degenerative disorders. The tracer, which is either injected into a vein or swallowed, travels through the bloodstream to the target organ, and emits gamma rays, which are detected by a gamma camera and analyzed by a computer to form an image of the target organ.",,,,C117511,C117511,Reported Name of Procedure,string,
2026-07-14,Radionuclide Imaging,C62667,C62667,C16502,Diagnostic Procedure;Diagnostic Imaging;NM;Nuclear Medicine,Gamma Scan;Nuclear Medicine;Scintigraphy;Radioimaging,Nominal,"An imaging technique that uses a small dose of a radioactive chemical (isotope) called a tracer that can detect sites of cancer growth, trauma, infection or degenerative disorders. The tracer, which is either injected into a vein or swallowed, travels through the bloodstream to the target organ, and emits gamma rays, which are detected by a gamma camera and analyzed by a computer to form an image of the target organ.",,,,C127786,C127786,Occurrence Indicator,boolean,Y;N
2026-07-14,Ribonucleic Acid Measurement,C132301,C132301,,Laboratory Tests;Chemistry Tests;Microbiology Tests,,,The determination of the amount of ribonucleic acids in a biological sample.,,,,,,,,
2026-07-14,Risk Factor,C17103,C17103,,Diagnostic Factors,,,"Any aspect of an individual's life, behavior, an environmental exposure, or an inborn or inherited characteristic that increases the likelihood of a disease, condition or injury.",,,,,,,,
2026-07-14,Rutgeerts Score Clinical Classification,C191039,C191039,C118969,QRS;Clinical or Research Assessment Classification;Rutgeerts Score Clinical Classification;RUTGEERTS SCORE;RUTG01,,,A standardized scoring system developed by Rutgeerts et al. in 1990 that is used to assess postoperative disease recurrence in patients that have undergone ileocecal resection as treatment for Crohn disease.,,,,C82556,C82556,Not-Done Reason,string,
2026-07-14,Rutgeerts Score Clinical Classification,C191039,C191039,C118969,QRS;Clinical or Research Assessment Classification;Rutgeerts Score Clinical Classification;RUTGEERTS SCORE;RUTG01,,,A standardized scoring system developed by Rutgeerts et al. in 1990 that is used to assess postoperative disease recurrence in patients that have undergone ileocecal resection as treatment for Crohn disease.,,,,C82515,C82515,Collection Date Time,datetime,
2026-07-14,Rutgeerts Score Clinical Classification,C191039,C191039,C118969,QRS;Clinical or Research Assessment Classification;Rutgeerts Score Clinical Classification;RUTGEERTS SCORE;RUTG01,,,A standardized scoring system developed by Rutgeerts et al. in 1990 that is used to assess postoperative disease recurrence in patients that have undergone ileocecal resection as treatment for Crohn disease.,,,,C25372,C25372,Category,string,RUTGEERTS SCORE
2026-07-14,Rutgeerts Score Clinical Classification,C191039,C191039,C118969,QRS;Clinical or Research Assessment Classification;Rutgeerts Score Clinical Classification;RUTGEERTS SCORE;RUTG01,,,A standardized scoring system developed by Rutgeerts et al. in 1990 that is used to assess postoperative disease recurrence in patients that have undergone ileocecal resection as treatment for Crohn disease.,,,,C82525,C82525,Test Occurrence,string,N;Y
2026-07-14,Secondary Language Spoken,C132460,C132460,C19332,Subject Characteristics,LNGSPS;Secondary Language Spoken,Nominal,Additional language(s) that is spoken by the subject but which is not considered the primary language.,,,,C25372,C25372,Category,string,
2026-07-14,Secondary Language Spoken,C132460,C132460,C19332,Subject Characteristics,LNGSPS;Secondary Language Spoken,Nominal,Additional language(s) that is spoken by the subject but which is not considered the primary language.,,,,C70856,C70856,Observation Result,string,
2026-07-14,Secondary Language Spoken,C132460,C132460,C19332,Subject Characteristics,LNGSPS;Secondary Language Spoken,Nominal,Additional language(s) that is spoken by the subject but which is not considered the primary language.,,,,C82515,C82515,Collection Date Time,datetime,
2026-07-14,Setting of Disease Contact,C102708,C102708,,Subject Characteristics,SETCON;Setting of Contact;Setting of Disease Contact,Nominal,"The environment within which the person may have come into contact with a disease carrier, or played the role of a disease carrier.",,,,C82515,C82515,Collection Date Time,datetime,
2026-07-14,Setting of Disease Contact,C102708,C102708,,Subject Characteristics,SETCON;Setting of Contact;Setting of Disease Contact,Nominal,"The environment within which the person may have come into contact with a disease carrier, or played the role of a disease carrier.",,,,C70856,C70856,Observation Result,string,
2026-07-14,Setting of Disease Contact,C102708,C102708,,Subject Characteristics,SETCON;Setting of Contact;Setting of Disease Contact,Nominal,"The environment within which the person may have come into contact with a disease carrier, or played the role of a disease carrier.",,,,C25372,C25372,Category,string,
2026-07-14,Sex Assigned at Birth,C205472,C205472,,Subject Characteristics,SEXABRTH;Birth Sex;Sex Assigned at Birth,Nominal,"The male or female designation that doctors ascribe to a newborn infant, usually based on the appearance of the child's external genitalia, and that is marked on their birth records.",,,,C82515,C82515,Collection Date Time,datetime,
2026-07-14,Sex Assigned at Birth,C205472,C205472,,Subject Characteristics,SEXABRTH;Birth Sex;Sex Assigned at Birth,Nominal,"The male or female designation that doctors ascribe to a newborn infant, usually based on the appearance of the child's external genitalia, and that is marked on their birth records.",,,,C70856,C70856,Observation Result,string,FEMAL;MALE;INTERSEX;NOT REPORTED
2026-07-14,Sex Assigned at Birth,C205472,C205472,,Subject Characteristics,SEXABRTH;Birth Sex;Sex Assigned at Birth,Nominal,"The male or female designation that doctors ascribe to a newborn infant, usually based on the appearance of the child's external genitalia, and that is marked on their birth records.",,,,C25372,C25372,Category,string,
2026-07-14,Sex Assigned for Clinical Purpose,C209693,C209693,C28421,Subject Characteristics,SXCLUSE;Sex Assigned for Clinical Purpose;Sex for Clinical Use,Nominal,"An arbitrary categorization of individuals based on the assemblage of physical properties related to reproduction, and commonly associated with the designation of such categories as female and male. This designation is based on some combination of observable information from organ inventories, morphological assessment, hormone assessments, genetic testing, observed primary and secondary sex characteristics, menstrual status, and/or obstetric history. Current sex designation may or may not be the same as an individual's sex assigned or reported at birth. (NCI)",,,,C70856,C70856,Observation Result,string,F;INTERSEX;M;U
2026-07-14,Sex Assigned for Clinical Purpose,C209693,C209693,C28421,Subject Characteristics,SXCLUSE;Sex Assigned for Clinical Purpose;Sex for Clinical Use,Nominal,"An arbitrary categorization of individuals based on the assemblage of physical properties related to reproduction, and commonly associated with the designation of such categories as female and male. This designation is based on some combination of observable information from organ inventories, morphological assessment, hormone assessments, genetic testing, observed primary and secondary sex characteristics, menstrual status, and/or obstetric history. Current sex designation may or may not be the same as an individual's sex assigned or reported at birth. (NCI)",,,,C25372,C25372,Category,string,
2026-07-14,Sex Assigned for Clinical Purpose,C209693,C209693,C28421,Subject Characteristics,SXCLUSE;Sex Assigned for Clinical Purpose;Sex for Clinical Use,Nominal,"An arbitrary categorization of individuals based on the assemblage of physical properties related to reproduction, and commonly associated with the designation of such categories as female and male. This designation is based on some combination of observable information from organ inventories, morphological assessment, hormone assessments, genetic testing, observed primary and secondary sex characteristics, menstrual status, and/or obstetric history. Current sex designation may or may not be the same as an individual's sex assigned or reported at birth. (NCI)",,,,C82515,C82515,Collection Date Time,datetime,
2026-07-14,Sexual Orientation,C84361,C84361,C19332,Subject Characteristics,SEXORIE;Sex Orientation;Sexual Orientation;Sexual Preference;Sexuality,Nominal,"The pattern of a person's emotional, romantic, and/or sexual attractions.",,,,C82515,C82515,Collection Date Time,datetime,
2026-07-14,Sexual Orientation,C84361,C84361,C19332,Subject Characteristics,SEXORIE;Sex Orientation;Sexual Orientation;Sexual Preference;Sexuality,Nominal,"The pattern of a person's emotional, romantic, and/or sexual attractions.",,,,C70856,C70856,Observation Result,string,LESBIAN;GAY;STRAIGHT OR HETEROSEXUAL;BISEXUAL;QUEER;PANSEXUAL;ASEXUAL;AROMANTIC;UNKNOWN;NOT REPORTED
2026-07-14,Sexual Orientation,C84361,C84361,C19332,Subject Characteristics,SEXORIE;Sex Orientation;Sexual Orientation;Sexual Preference;Sexuality,Nominal,"The pattern of a person's emotional, romantic, and/or sexual attractions.",,,,C25372,C25372,Category,string,
2026-07-14,Skin Classification Scheme,C74562,C74562,,Integumentary System Findings,,,A data system used to specify attributes of the skin.,,,,,,,,
2026-07-14,Small for Gestational Age Indicator,C156662,C156662,C25180,Subject Characteristics,SMGAIND;Small for Gestational Age Indicator,Nominal,An indication as to whether the fetus or infant is small for the gestational age.,,,,C82515,C82515,Collection Date Time,datetime,
2026-07-14,Small for Gestational Age Indicator,C156662,C156662,C25180,Subject Characteristics,SMGAIND;Small for Gestational Age Indicator,Nominal,An indication as to whether the fetus or infant is small for the gestational age.,,,,C70856,C70856,Observation Result,string,N;Y;U
2026-07-14,Small for Gestational Age Indicator,C156662,C156662,C25180,Subject Characteristics,SMGAIND;Small for Gestational Age Indicator,Nominal,An indication as to whether the fetus or infant is small for the gestational age.,,,,C25372,C25372,Category,string,
2026-07-14,Social Risk Factor,C102711,C102711,C17103,Subject Characteristics,RISKSOC;Social Risk Factor,Nominal;Narrative,"Social factors such as personal behavior, lifestyle, or environment belonging to the subject which are known to increase the likelihood of infection and disease.",,,,C25372,C25372,Category,string,
2026-07-14,Social Risk Factor,C102711,C102711,C17103,Subject Characteristics,RISKSOC;Social Risk Factor,Nominal;Narrative,"Social factors such as personal behavior, lifestyle, or environment belonging to the subject which are known to increase the likelihood of infection and disease.",,,,C70856,C70856,Observation Result,string,CONTACT WITH TUBERCULOSIS SOURCE;CURRENT OR RECENT EMPLOYEE OR VOLUNTEER IN HOMELESS SHELTER;CURRENT OR RECENT EMPLOYEE OR VOLUNTEER IN JAIL OR PRISON;CURRENT OR RECENT EMPLOYEE OR VOLUNTEER IN NURSING HOME;HOMELESS DURING PAST YEAR;IMMIGRANT FROM HIGH TUBERCULOSIS PREVALENT AREA;INCARCERATION;LIVED IN REFUGEE CAMP;LONG-TERM FACILITY RESIDENT;MIGRATORY WORKER;REFUGEE FROM HIGH TUBERCULOSIS PREVALENT AREA;TRAVEL TO HIGH BURDEN COUNTRY;UNEMPLOYMENT;CURRENTLY OR PREVIOUSLY TATTOOED
2026-07-14,Social Risk Factor,C102711,C102711,C17103,Subject Characteristics,RISKSOC;Social Risk Factor,Nominal;Narrative,"Social factors such as personal behavior, lifestyle, or environment belonging to the subject which are known to increase the likelihood of infection and disease.",,,,C82515,C82515,Collection Date Time,datetime,
2026-07-14,Socioeconomic Class,C198364,C198364,,Subject Characteristics,SOCECCLS;Socioeconomic Class;Socioeconomic Classification,Ordinal,"A characterization or classification of an individual that takes into account economics, demographics, and social interactions, used to stratify individual behaviors within a society or culture.",,,,C82515,C82515,Collection Date Time,datetime,
2026-07-14,Socioeconomic Class,C198364,C198364,,Subject Characteristics,SOCECCLS;Socioeconomic Class;Socioeconomic Classification,Ordinal,"A characterization or classification of an individual that takes into account economics, demographics, and social interactions, used to stratify individual behaviors within a society or culture.",,,,C25372,C25372,Category,string,
2026-07-14,Socioeconomic Class,C198364,C198364,,Subject Characteristics,SOCECCLS;Socioeconomic Class;Socioeconomic Classification,Ordinal,"A characterization or classification of an individual that takes into account economics, demographics, and social interactions, used to stratify individual behaviors within a society or culture.",,,,C70856,C70856,Observation Result,string,
2026-07-14,Solicited Medical History,C200145,C200145,,Reported Events;Medical History Events;Medical Conditions;Presenting Conditions,Medical History;Medical History Collection,Nominal,"Information about an individual's personal medical history that is reported by a healthcare professional, consumer, or patient through an organized data collection system.",,,,C82558,C82558,End Relative to Reference Time Point,string,Before;Coincident;After;Ongoing;Unknown
2026-07-14,Solicited Medical History,C200145,C200145,,Reported Events;Medical History Events;Medical Conditions;Presenting Conditions,Medical History;Medical History Collection,Nominal,"Information about an individual's personal medical history that is reported by a healthcare professional, consumer, or patient through an organized data collection system.",,,,C82574,C82574,Reference End Time Point End,string,2020-12-25;VISIT 2
2026-07-14,Solicited Medical History,C200145,C200145,,Reported Events;Medical History Events;Medical Conditions;Presenting Conditions,Medical History;Medical History Collection,Nominal,"Information about an individual's personal medical history that is reported by a healthcare professional, consumer, or patient through an organized data collection system.",,,,C127786,C127786,Occurrence Indicator,boolean,Y;N
2026-07-14,Solicited Medical History,C200145,C200145,,Reported Events;Medical History Events;Medical Conditions;Presenting Conditions,Medical History;Medical History Collection,Nominal,"Information about an individual's personal medical history that is reported by a healthcare professional, consumer, or patient through an organized data collection system.",,,,C83118,C83118,Medical History Reported Term,string,
2026-07-14,Solicited Medical History,C200145,C200145,,Reported Events;Medical History Events;Medical Conditions;Presenting Conditions,Medical History;Medical History Collection,Nominal,"Information about an individual's personal medical history that is reported by a healthcare professional, consumer, or patient through an organized data collection system.",,,,C25372,C25372,Category,string,
2026-07-14,Solicited Medical History,C200145,C200145,,Reported Events;Medical History Events;Medical Conditions;Presenting Conditions,Medical History;Medical History Collection,Nominal,"Information about an individual's personal medical history that is reported by a healthcare professional, consumer, or patient through an organized data collection system.",,,,C171000,C171000,Prespecified Event or Intervention Indicator,boolean,Y;N
2026-07-14,Solicited Medical History,C200145,C200145,,Reported Events;Medical History Events;Medical Conditions;Presenting Conditions,Medical History;Medical History Collection,Nominal,"Information about an individual's personal medical history that is reported by a healthcare professional, consumer, or patient through an organized data collection system.",,,,C83330,C83330,Medical History Event End Date Time,datetime,
2026-07-14,Solicited Medical History,C200145,C200145,,Reported Events;Medical History Events;Medical Conditions;Presenting Conditions,Medical History;Medical History Collection,Nominal,"Information about an individual's personal medical history that is reported by a healthcare professional, consumer, or patient through an organized data collection system.",,,,C83338,C83338,Medical History Event Start Date Time,datetime,
2026-07-14,Solicited Medical History,C200145,C200145,,Reported Events;Medical History Events;Medical Conditions;Presenting Conditions,Medical History;Medical History Collection,Nominal,"Information about an individual's personal medical history that is reported by a healthcare professional, consumer, or patient through an organized data collection system.",,,,C83068,C83068,Medical History Ongoing,boolean,Y;N
2026-07-14,Solicited Medical History,C200145,C200145,,Reported Events;Medical History Events;Medical Conditions;Presenting Conditions,Medical History;Medical History Collection,Nominal,"Information about an individual's personal medical history that is reported by a healthcare professional, consumer, or patient through an organized data collection system.",,,,C25692,C25692,Subcategory,string,
2026-07-14,Solicited Medical History,C200145,C200145,,Reported Events;Medical History Events;Medical Conditions;Presenting Conditions,Medical History;Medical History Collection,Nominal,"Information about an individual's personal medical history that is reported by a healthcare professional, consumer, or patient through an organized data collection system.",,,,C82534,C82534,Evaluation Interval,string,During the past year
2026-07-14,Solicited Medical History,C200145,C200145,,Reported Events;Medical History Events;Medical Conditions;Presenting Conditions,Medical History;Medical History Collection,Nominal,"Information about an individual's personal medical history that is reported by a healthcare professional, consumer, or patient through an organized data collection system.",,,,C83346,C83346,Medical History Dictionary Derived Term,string,
2026-07-14,Solicited Medical History,C200145,C200145,,Reported Events;Medical History Events;Medical Conditions;Presenting Conditions,Medical History;Medical History Collection,Nominal,"Information about an individual's personal medical history that is reported by a healthcare professional, consumer, or patient through an organized data collection system.",,,,C82557,C82557,End Relative to Reference Period,string,Before;During;During/After;After;Unknown
2026-07-14,Solicited Medical History,C200145,C200145,,Reported Events;Medical History Events;Medical Conditions;Presenting Conditions,Medical History;Medical History Collection,Nominal,"Information about an individual's personal medical history that is reported by a healthcare professional, consumer, or patient through an organized data collection system.",,,,C219752,C219752,Medical History Event Date Type,string,Diagnosis;DiseaseRelapse;Episode;Exacerbation;Initial Diagnosis;Progression;Symptom Onset
2026-07-14,State-Specific Health Insurance Program Name,C209447,C209447,C42614,Subject Characteristics,SSHIPNAM;State-Specific Health Ins Program Name;State-Specific Health Insurance Program Name,Nominal,The name of the U.S. state-specific health insurance program.,,,,C25372,C25372,Category,string,
2026-07-14,State-Specific Health Insurance Program Name,C209447,C209447,C42614,Subject Characteristics,SSHIPNAM;State-Specific Health Ins Program Name;State-Specific Health Insurance Program Name,Nominal,The name of the U.S. state-specific health insurance program.,,,,C70856,C70856,Observation Result,string,
2026-07-14,State-Specific Health Insurance Program Name,C209447,C209447,C42614,Subject Characteristics,SSHIPNAM;State-Specific Health Ins Program Name;State-Specific Health Insurance Program Name,Nominal,The name of the U.S. state-specific health insurance program.,,,,C82515,C82515,Collection Date Time,datetime,
2026-07-14,State-Specific Medicaid Program Name,C209691,C209691,C209447,Subject Characteristics,SSMCDNAM;State-Specific Medicaid Program Name,Nominal,The name of the U.S. state-specific Medicaid program.,,,,C82515,C82515,Collection Date Time,datetime,
2026-07-14,State-Specific Medicaid Program Name,C209691,C209691,C209447,Subject Characteristics,SSMCDNAM;State-Specific Medicaid Program Name,Nominal,The name of the U.S. state-specific Medicaid program.,,,,C25372,C25372,Category,string,
2026-07-14,State-Specific Medicaid Program Name,C209691,C209691,C209447,Subject Characteristics,SSMCDNAM;State-Specific Medicaid Program Name,Nominal,The name of the U.S. state-specific Medicaid program.,,,,C70856,C70856,Observation Result,string,
2026-07-14,State-Specific Medicare Program Name,C209692,C209692,C209447,Subject Characteristics,SSMCRNAM;State-Specific Medicare Program Name,Nominal,The name of the U.S. state-specific Medicare program.,,,,C82515,C82515,Collection Date Time,datetime,
2026-07-14,State-Specific Medicare Program Name,C209692,C209692,C209447,Subject Characteristics,SSMCRNAM;State-Specific Medicare Program Name,Nominal,The name of the U.S. state-specific Medicare program.,,,,C70856,C70856,Observation Result,string,
2026-07-14,State-Specific Medicare Program Name,C209692,C209692,C209447,Subject Characteristics,SSMCRNAM;State-Specific Medicare Program Name,Nominal,The name of the U.S. state-specific Medicare program.,,,,C25372,C25372,Category,string,
2026-07-14,Student Indicator,C147485,C147485,C25180,Subject Characteristics,STDNTIND;Student Indicator,Nominal,An indication as to whether the subject or associated person is enrolled in school.,,,,C82515,C82515,Collection Date Time,datetime,
2026-07-14,Student Indicator,C147485,C147485,C25180,Subject Characteristics,STDNTIND;Student Indicator,Nominal,An indication as to whether the subject or associated person is enrolled in school.,,,,C70856,C70856,Observation Result,string,N;Y;U
2026-07-14,Student Indicator,C147485,C147485,C25180,Subject Characteristics,STDNTIND;Student Indicator,Nominal,An indication as to whether the subject or associated person is enrolled in school.,,,,C25372,C25372,Category,string,
2026-07-14,Surgical Margins Status,C123560,C123560,C125581,Pathology;Microscopic Findings,Margin Status;SGMGSTAT,Ordinal,The determination of the presence of actual or potential neoplastic tissue which has been left outside the boundary of a resected specimen within the patient.,,,,C70713,C70713,Biospecimen Type,string,Tissue
2026-07-14,Surgical Margins Status,C123560,C123560,C125581,Pathology;Microscopic Findings,Margin Status;SGMGSTAT,Ordinal,The determination of the presence of actual or potential neoplastic tissue which has been left outside the boundary of a resected specimen within the patient.,,,,C51824,C51824,Evaluator,string,Pathologist
2026-07-14,Surgical Margins Status,C123560,C123560,C125581,Pathology;Microscopic Findings,Margin Status;SGMGSTAT,Ordinal,The determination of the presence of actual or potential neoplastic tissue which has been left outside the boundary of a resected specimen within the patient.,,,,C82515,C82515,Collection Date Time,datetime,
2026-07-14,Surgical Margins Status,C123560,C123560,C125581,Pathology;Microscopic Findings,Margin Status;SGMGSTAT,Ordinal,The determination of the presence of actual or potential neoplastic tissue which has been left outside the boundary of a resected specimen within the patient.,,,,NEW_DEC1,,Specimen Location Detail,string,Unspecified
2026-07-14,Surgical Margins Status,C123560,C123560,C125581,Pathology;Microscopic Findings,Margin Status;SGMGSTAT,Ordinal,The determination of the presence of actual or potential neoplastic tissue which has been left outside the boundary of a resected specimen within the patient.,,,,C54215,C54215,Directionality,string,
2026-07-14,Surgical Margins Status,C123560,C123560,C125581,Pathology;Microscopic Findings,Margin Status;SGMGSTAT,Ordinal,The determination of the presence of actual or potential neoplastic tissue which has been left outside the boundary of a resected specimen within the patient.,,,,C25692,C25692,Subcategory,string,
2026-07-14,Surgical Margins Status,C123560,C123560,C125581,Pathology;Microscopic Findings,Margin Status;SGMGSTAT,Ordinal,The determination of the presence of actual or potential neoplastic tissue which has been left outside the boundary of a resected specimen within the patient.,,,,C25185,C25185,Laterality,string,Left;Right
2026-07-14,Surgical Margins Status,C123560,C123560,C125581,Pathology;Microscopic Findings,Margin Status;SGMGSTAT,Ordinal,The determination of the presence of actual or potential neoplastic tissue which has been left outside the boundary of a resected specimen within the patient.,,,,C171435,C171435,Specimen Anatomic Site,string,Breast;Lung;Prostate;Skin
2026-07-14,Surgical Margins Status,C123560,C123560,C125581,Pathology;Microscopic Findings,Margin Status;SGMGSTAT,Ordinal,The determination of the presence of actual or potential neoplastic tissue which has been left outside the boundary of a resected specimen within the patient.,,,,C25372,C25372,Category,string,
2026-07-14,Surgical Margins Status,C123560,C123560,C125581,Pathology;Microscopic Findings,Margin Status;SGMGSTAT,Ordinal,The determination of the presence of actual or potential neoplastic tissue which has been left outside the boundary of a resected specimen within the patient.,,,,C70856,C70856,Observation Result,string,Negative;Positive
2026-07-14,Surgical Margins Status,C123560,C123560,C125581,Pathology;Microscopic Findings,Margin Status;SGMGSTAT,Ordinal,The determination of the presence of actual or potential neoplastic tissue which has been left outside the boundary of a resected specimen within the patient.,,,,NEW_DEC2,,Specimen Condition,string,Paraffin Embedded
2026-07-14,Surgical Procedure,C15329,C15329,C25218,Clinical Interventions;Procedures;Operations,Operation;Surgery;Procedure,Nominal,"A diagnostic or treatment procedure performed by manual and/or instrumental means, often involving an incision and the removal or replacement of a diseased organ or tissue; of or relating to or involving or used in surgery or requiring or amenable to treatment by surgery.",,,,C117511,C117511,Reported Name of Procedure,string,
2026-07-14,Surgical Procedure,C15329,C15329,C25218,Clinical Interventions;Procedures;Operations,Operation;Surgery;Procedure,Nominal,"A diagnostic or treatment procedure performed by manual and/or instrumental means, often involving an incision and the removal or replacement of a diseased organ or tissue; of or relating to or involving or used in surgery or requiring or amenable to treatment by surgery.",,,,C54215,C54215,Directionality,string,Upper;Lower;Inner;Outer;Peripheral
2026-07-14,Surgical Procedure,C15329,C15329,C25218,Clinical Interventions;Procedures;Operations,Operation;Surgery;Procedure,Nominal,"A diagnostic or treatment procedure performed by manual and/or instrumental means, often involving an incision and the removal or replacement of a diseased organ or tissue; of or relating to or involving or used in surgery or requiring or amenable to treatment by surgery.",,,,C117512,C117512,Standardized Name of Procedure,string,
2026-07-14,Surgical Procedure,C15329,C15329,C25218,Clinical Interventions;Procedures;Operations,Operation;Surgery;Procedure,Nominal,"A diagnostic or treatment procedure performed by manual and/or instrumental means, often involving an incision and the removal or replacement of a diseased organ or tissue; of or relating to or involving or used in surgery or requiring or amenable to treatment by surgery.",,,,C117530,C117530,End Date and Time of Procedure,datetime,
2026-07-14,Surgical Procedure,C15329,C15329,C25218,Clinical Interventions;Procedures;Operations,Operation;Surgery;Procedure,Nominal,"A diagnostic or treatment procedure performed by manual and/or instrumental means, often involving an incision and the removal or replacement of a diseased organ or tissue; of or relating to or involving or used in surgery or requiring or amenable to treatment by surgery.",,,,C117529,C117529,Start Date and Time of Procedure,datetime,
2026-07-14,Surgical Procedure,C15329,C15329,C25218,Clinical Interventions;Procedures;Operations,Operation;Surgery;Procedure,Nominal,"A diagnostic or treatment procedure performed by manual and/or instrumental means, often involving an incision and the removal or replacement of a diseased organ or tissue; of or relating to or involving or used in surgery or requiring or amenable to treatment by surgery.",,,,C25372,C25372,Category,string,
2026-07-14,Surgical Procedure,C15329,C15329,C25218,Clinical Interventions;Procedures;Operations,Operation;Surgery;Procedure,Nominal,"A diagnostic or treatment procedure performed by manual and/or instrumental means, often involving an incision and the removal or replacement of a diseased organ or tissue; of or relating to or involving or used in surgery or requiring or amenable to treatment by surgery.",,,,C25692,C25692,Subcategory,string,
2026-07-14,Surgical Procedure,C15329,C15329,C25218,Clinical Interventions;Procedures;Operations,Operation;Surgery;Procedure,Nominal,"A diagnostic or treatment procedure performed by manual and/or instrumental means, often involving an incision and the removal or replacement of a diseased organ or tissue; of or relating to or involving or used in surgery or requiring or amenable to treatment by surgery.",,,,C171000,C171000,Prespecified Event or Intervention Indicator,boolean,Y;N
2026-07-14,Surgical Procedure,C15329,C15329,C25218,Clinical Interventions;Procedures;Operations,Operation;Surgery;Procedure,Nominal,"A diagnostic or treatment procedure performed by manual and/or instrumental means, often involving an incision and the removal or replacement of a diseased organ or tissue; of or relating to or involving or used in surgery or requiring or amenable to treatment by surgery.",,,,C127786,C127786,Occurrence Indicator,boolean,Y;N
2026-07-14,Surgical Procedure,C15329,C15329,C25218,Clinical Interventions;Procedures;Operations,Operation;Surgery;Procedure,Nominal,"A diagnostic or treatment procedure performed by manual and/or instrumental means, often involving an incision and the removal or replacement of a diseased organ or tissue; of or relating to or involving or used in surgery or requiring or amenable to treatment by surgery.",,,,C41184,C41184,Indication,string,
2026-07-14,Surgical Procedure,C15329,C15329,C25218,Clinical Interventions;Procedures;Operations,Operation;Surgery;Procedure,Nominal,"A diagnostic or treatment procedure performed by manual and/or instrumental means, often involving an incision and the removal or replacement of a diseased organ or tissue; of or relating to or involving or used in surgery or requiring or amenable to treatment by surgery.",,,,C25185,C25185,Laterality,string,
2026-07-14,Surgical Procedure,C15329,C15329,C25218,Clinical Interventions;Procedures;Operations,Operation;Surgery;Procedure,Nominal,"A diagnostic or treatment procedure performed by manual and/or instrumental means, often involving an incision and the removal or replacement of a diseased organ or tissue; of or relating to or involving or used in surgery or requiring or amenable to treatment by surgery.",,,,C13717,C13717,Anatomic Site,string,
2026-07-14,Symptom,C4876,C4876,,Subject Characteristics,Symptom,Nominal;Narrative,Subjective evidence of disease perceived by the patient.,,,,C70856,C70856,Observation Result,string,
2026-07-14,Symptom,C4876,C4876,,Subject Characteristics,Symptom,Nominal;Narrative,Subjective evidence of disease perceived by the patient.,,,,C82515,C82515,Collection Date Time,datetime,
2026-07-14,Symptom,C4876,C4876,,Subject Characteristics,Symptom,Nominal;Narrative,Subjective evidence of disease perceived by the patient.,,,,C25372,C25372,Category,string,
2026-07-14,Tanner Scale Boy Version,C124703,C124703,C82394,QRS;Clinical or Research Assessment Classification;Tanner Scale-Boy Clinical Classification Question;Tanner Scale Boy Version;TANN02;TANNER SCALE BOY;Tanner Scale-Boy,TANN02;TANNER SCALE BOY;Tanner Scale Boy Version;Tanner Scale-Boy,,"A standardized rating scale developed by Marshal and Tanner in 1970, which is a classification system used to measure physical development in children, adolescents and adults. The boy version of the tanner scale assesses the different stages of physical maturity based on testicular volume, genitalia growth and the development of pubic hair. This instrument has 5 stages.",,,,C82556,C82556,Not-Done Reason,string,
2026-07-14,Tanner Scale Boy Version,C124703,C124703,C82394,QRS;Clinical or Research Assessment Classification;Tanner Scale-Boy Clinical Classification Question;Tanner Scale Boy Version;TANN02;TANNER SCALE BOY;Tanner Scale-Boy,TANN02;TANNER SCALE BOY;Tanner Scale Boy Version;Tanner Scale-Boy,,"A standardized rating scale developed by Marshal and Tanner in 1970, which is a classification system used to measure physical development in children, adolescents and adults. The boy version of the tanner scale assesses the different stages of physical maturity based on testicular volume, genitalia growth and the development of pubic hair. This instrument has 5 stages.",,,,C82515,C82515,Collection Date Time,datetime,
2026-07-14,Tanner Scale Boy Version,C124703,C124703,C82394,QRS;Clinical or Research Assessment Classification;Tanner Scale-Boy Clinical Classification Question;Tanner Scale Boy Version;TANN02;TANNER SCALE BOY;Tanner Scale-Boy,TANN02;TANNER SCALE BOY;Tanner Scale Boy Version;Tanner Scale-Boy,,"A standardized rating scale developed by Marshal and Tanner in 1970, which is a classification system used to measure physical development in children, adolescents and adults. The boy version of the tanner scale assesses the different stages of physical maturity based on testicular volume, genitalia growth and the development of pubic hair. This instrument has 5 stages.",,,,C25372,C25372,Category,string,TANNER SCALE BOY
2026-07-14,Tanner Scale Boy Version,C124703,C124703,C82394,QRS;Clinical or Research Assessment Classification;Tanner Scale-Boy Clinical Classification Question;Tanner Scale Boy Version;TANN02;TANNER SCALE BOY;Tanner Scale-Boy,TANN02;TANNER SCALE BOY;Tanner Scale Boy Version;Tanner Scale-Boy,,"A standardized rating scale developed by Marshal and Tanner in 1970, which is a classification system used to measure physical development in children, adolescents and adults. The boy version of the tanner scale assesses the different stages of physical maturity based on testicular volume, genitalia growth and the development of pubic hair. This instrument has 5 stages.",,,,C82525,C82525,Test Occurrence,string,N;Y
2026-07-14,Tanner Scale Girl Version,C124704,C124704,C82394,QRS;Clinical or Research Assessment Classification;Tanner Scale-Girl Clinical Classification Question;Tanner Scale Girl Version;TANN01;TANNER SCALE GIRL;Tanner Scale Girl Version;Tanner Scale-Girl,TANN01;TANNER SCALE GIRL;Tanner Scale-Girl,,"A standardized rating scale developed by Marshal and Tanner in 1969, which is a classification system used to measure physical development in children, adolescents and adults. The girl version of the tanner scale assesses the different stages of physical maturity based on breast development and the growth of pubic hair. This instrument has 5 stages.",,,,C82556,C82556,Not-Done Reason,string,
2026-07-14,Tanner Scale Girl Version,C124704,C124704,C82394,QRS;Clinical or Research Assessment Classification;Tanner Scale-Girl Clinical Classification Question;Tanner Scale Girl Version;TANN01;TANNER SCALE GIRL;Tanner Scale Girl Version;Tanner Scale-Girl,TANN01;TANNER SCALE GIRL;Tanner Scale-Girl,,"A standardized rating scale developed by Marshal and Tanner in 1969, which is a classification system used to measure physical development in children, adolescents and adults. The girl version of the tanner scale assesses the different stages of physical maturity based on breast development and the growth of pubic hair. This instrument has 5 stages.",,,,C82515,C82515,Collection Date Time,datetime,
2026-07-14,Tanner Scale Girl Version,C124704,C124704,C82394,QRS;Clinical or Research Assessment Classification;Tanner Scale-Girl Clinical Classification Question;Tanner Scale Girl Version;TANN01;TANNER SCALE GIRL;Tanner Scale Girl Version;Tanner Scale-Girl,TANN01;TANNER SCALE GIRL;Tanner Scale-Girl,,"A standardized rating scale developed by Marshal and Tanner in 1969, which is a classification system used to measure physical development in children, adolescents and adults. The girl version of the tanner scale assesses the different stages of physical maturity based on breast development and the growth of pubic hair. This instrument has 5 stages.",,,,C82525,C82525,Test Occurrence,string,N;Y
2026-07-14,Tanner Scale Girl Version,C124704,C124704,C82394,QRS;Clinical or Research Assessment Classification;Tanner Scale-Girl Clinical Classification Question;Tanner Scale Girl Version;TANN01;TANNER SCALE GIRL;Tanner Scale Girl Version;Tanner Scale-Girl,TANN01;TANNER SCALE GIRL;Tanner Scale-Girl,,"A standardized rating scale developed by Marshal and Tanner in 1969, which is a classification system used to measure physical development in children, adolescents and adults. The girl version of the tanner scale assesses the different stages of physical maturity based on breast development and the growth of pubic hair. This instrument has 5 stages.",,,,C25372,C25372,Category,string,TANNER SCALE GIRL
2026-07-14,Tomography,C38093,C38093,,Diagnostic Imaging;Medical Imaging,,,Imaging by sections or sectioning.,,,,,,,,
2026-07-14,Tribal Affiliation,C205754,C205754,C18823,Subject Characteristics,TRIBAFIL;Tribal Affiliation,Nominal,"The tribe that an individual associates themselves with, regardless of whether or not they are an enrolled member.",,,,C70856,C70856,Observation Result,string,
2026-07-14,Tribal Affiliation,C205754,C205754,C18823,Subject Characteristics,TRIBAFIL;Tribal Affiliation,Nominal,"The tribe that an individual associates themselves with, regardless of whether or not they are an enrolled member.",,,,C25372,C25372,Category,string,
2026-07-14,Tribal Affiliation,C205754,C205754,C18823,Subject Characteristics,TRIBAFIL;Tribal Affiliation,Nominal,"The tribe that an individual associates themselves with, regardless of whether or not they are an enrolled member.",,,,C82515,C82515,Collection Date Time,datetime,
2026-07-14,Twin Type,C112424,C112424,C19332,Subject Characteristics,TWINTYP;Twin Type,Nominal,The classification of the two offspring born from the same pregnancy.,,,,C70856,C70856,Observation Result,string,
2026-07-14,Twin Type,C112424,C112424,C19332,Subject Characteristics,TWINTYP;Twin Type,Nominal,The classification of the two offspring born from the same pregnancy.,,,,C25372,C25372,Category,string,
2026-07-14,Twin Type,C112424,C112424,C19332,Subject Characteristics,TWINTYP;Twin Type,Nominal,The classification of the two offspring born from the same pregnancy.,,,,C82515,C82515,Collection Date Time,datetime,
2026-07-14,Type of Contagion Contact,C102723,C102723,C25284,Subject Characteristics,TYPCON;Type of Contact;Type of Contagion Contact,Nominal,Identification and clinical investigation of disease contacts.,,,,C25372,C25372,Category,string,
2026-07-14,Type of Contagion Contact,C102723,C102723,C25284,Subject Characteristics,TYPCON;Type of Contact;Type of Contagion Contact,Nominal,Identification and clinical investigation of disease contacts.,,,,C82515,C82515,Collection Date Time,datetime,
2026-07-14,Type of Contagion Contact,C102723,C102723,C25284,Subject Characteristics,TYPCON;Type of Contact;Type of Contagion Contact,Nominal,Identification and clinical investigation of disease contacts.,,,,C70856,C70856,Observation Result,string,
2026-07-14,Unhoused Indicator,C209694,C209694,C25180,Subject Characteristics,UHOUSIND;Homeless Indicator;Unhoused Indicator,Nominal,An indication as to whether the subject is unhoused.,,,,C25372,C25372,Category,string,
2026-07-14,Unhoused Indicator,C209694,C209694,C25180,Subject Characteristics,UHOUSIND;Homeless Indicator;Unhoused Indicator,Nominal,An indication as to whether the subject is unhoused.,,,,C70856,C70856,Observation Result,string,N;Y;U
2026-07-14,Unhoused Indicator,C209694,C209694,C25180,Subject Characteristics,UHOUSIND;Homeless Indicator;Unhoused Indicator,Nominal,An indication as to whether the subject is unhoused.,,,,C82515,C82515,Collection Date Time,datetime,
2026-07-14,Village of Permanent Address,C176364,C176364,,Subject Characteristics,VILLPAD;Village of Permanent Address,Nominal,The village in which an individual permanently resides.,,,,C25372,C25372,Category,string,
2026-07-14,Village of Permanent Address,C176364,C176364,,Subject Characteristics,VILLPAD;Village of Permanent Address,Nominal,The village in which an individual permanently resides.,,,,C82515,C82515,Collection Date Time,datetime,
2026-07-14,Village of Permanent Address,C176364,C176364,,Subject Characteristics,VILLPAD;Village of Permanent Address,Nominal,The village in which an individual permanently resides.,,,,C70856,C70856,Observation Result,string,
2026-07-14,Virus-Based Immunology Test,C210012,C210012,C16723,Laboratory Tests;Immunology Tests,Virus Immunoassay,,Any laboratory test designed for the detection and/or quantification of viral antigens or their specific antibodies within a biological specimen.,,,,,,,,
