package_date,bc_id,sdtmig_start_version,sdtmig_end_version,domain,vlm_source,vlm_group_id,short_name,sdtm_variable,dec_id,nsv_flag,codelist,codelist_submission_value,subset_codelist,value_list,assigned_term,assigned_value,role,subject,linking_phrase,predicate_term,object,data_type,length,format,significant_digits,mandatory_variable,mandatory_value,origin_type,origin_source,comparator,vlm_target
2026-07-14,C53630,3-2,,CM,CM.CMTRT,CMPRIORCANCER,Prior Anti-Cancer Therapy,CMGRPID,,N,,,,REGIMEN 1;REGIMEN 2,,,Qualifier,CMGRPID,"groups, within an individual subject, values in",GROUPS,CMTRT,text,20.0,,,N,N,Assigned,Sponsor,,
2026-07-14,C53630,3-2,,CM,CM.CMTRT,CMPRIORCANCER,Prior Anti-Cancer Therapy,CMTRT,C70902,N,,,,,,,Topic,CMTRT,is original text for,IS_ORIGINAL_TEXT_FOR,CMDECOD,text,200.0,,,Y,Y,Collected,Investigator,,
2026-07-14,C53630,3-2,,CM,CM.CMTRT,CMPRIORCANCER,Prior Anti-Cancer Therapy,CMDECOD,C83345,N,,,,,,,Qualifier,CMDECOD,is the dictionary-derived term for the value in,DECODES,CMTRT,text,200.0,,,N,N,Assigned,Sponsor,,
2026-07-14,C53630,3-2,,CM,CM.CMTRT,CMPRIORCANCER,Prior Anti-Cancer Therapy,CMCAT,C25372,N,,,,,,ANTI-CANCER THERAPY,Qualifier,,,,,text,200.0,,,N,N,Assigned,Sponsor,,
2026-07-14,C53630,3-2,,CM,CM.CMTRT,CMPRIORCANCER,Prior Anti-Cancer Therapy,CMSCAT,C25692,N,,,,,,PRIOR,Qualifier,,,,,text,200.0,,,N,N,Assigned,Sponsor,,
2026-07-14,C53630,3-2,,CM,CM.CMTRT,CMPRIORCANCER,Prior Anti-Cancer Therapy,CMPRESP,C171000,N,C66742,NY,,,,,Qualifier,CMPRESP,indicates pre-specification of the value in,IS_INDICATOR_FOR,CMTRT,text,1.0,,,N,N,Assigned,Sponsor,,
2026-07-14,C53630,3-2,,CM,CM.CMTRT,CMPRIORCANCER,Prior Anti-Cancer Therapy,CMOCCUR,C127786,N,C66742,NY,,,,,Qualifier,CMOCCUR,indicates occurrence of the value in,IS_INDICATOR_FOR,CMTRT,text,1.0,,,N,N,Collected,Investigator,,
2026-07-14,C53630,3-2,,CM,CM.CMTRT,CMPRIORCANCER,Prior Anti-Cancer Therapy,CMCLAS,,N,,,,,,,Qualifier,CMCLAS,is the dictionary-derived class name for the value in,IS_DERIVED_FROM,CMTRT,text,200.0,,,N,N,Assigned,Sponsor,,
2026-07-14,C53630,3-2,,CM,CM.CMTRT,CMPRIORCANCER,Prior Anti-Cancer Therapy,CMCLASCD,,N,,,,,,,Qualifier,CMCLASCD,is the dictionary-derived class code for the value in,IS_DECODED_BY,CMTRT,text,200.0,,,N,N,Assigned,Sponsor,,
2026-07-14,C53630,3-2,,CM,CM.CMTRT,CMPRIORCANCER,Prior Anti-Cancer Therapy,CMINDC,C83085,N,,,,,,,Qualifier,CMINDC,is the medical condition that is the reason for the treatment in,IS_REASON_FOR,CMTRT,text,200.0,,,N,N,Collected,Investigator,,
2026-07-14,C53630,3-2,,CM,CM.CMTRT,CMPRIORCANCER,Prior Anti-Cancer Therapy,CMDOSE,C83221,N,,,,,,,Qualifier,CMDOSE,is the administered amount of the treatment in,IS_ATTRIBUTE_FOR,CMTRT,text,40.0,,,N,N,Collected,Investigator,,
2026-07-14,C53630,3-2,,CM,CM.CMTRT,CMPRIORCANCER,Prior Anti-Cancer Therapy,CMDOSU,C83034,N,C71620,UNIT,,,,,Qualifier,CMDOSU,is the unit for,IS_UNIT_FOR,CMDOSE,text,40.0,,,N,N,Collected,Investigator,,
2026-07-14,C53630,3-2,,CM,CM.CMTRT,CMPRIORCANCER,Prior Anti-Cancer Therapy,CMDOSFRM,C83110,N,C66726,FRM,,,,,Qualifier,CMDOSFRM,is the physical form of the product in,IS_ATTRIBUTE_FOR,CMTRT,text,40.0,,,N,N,Collected,Investigator,,
2026-07-14,C53630,3-2,,CM,CM.CMTRT,CMPRIORCANCER,Prior Anti-Cancer Therapy,CMDOSFRQ,,N,C71113,FREQ,,,,,Qualifier,CMDOSFRQ,is the frequency of administration of the amount in,SPECIFIES,CMDOSE,text,40.0,,,N,N,Collected,Investigator,,
2026-07-14,C53630,3-2,,CM,CM.CMTRT,CMPRIORCANCER,Prior Anti-Cancer Therapy,CMDOSRGM,,N,,,,,,,Qualifier,CMDOSRGM,is the textual description of the intended dose regimen for,IS_ATTRIBUTE_FOR,CMTRT,text,200.0,,,N,N,Collected,Investigator,,
2026-07-14,C53630,3-2,,CM,CM.CMTRT,CMPRIORCANCER,Prior Anti-Cancer Therapy,CMROUTE,C83120,N,C66729,ROUTE,,,,,Qualifier,CMROUTE,is the part of the body through which is administered the treatment in,IS_ATTRIBUTE_FOR,CMTRT,text,200.0,,,N,N,Collected,Investigator,,
2026-07-14,C53630,3-2,,CM,CM.CMTRT,CMPRIORCANCER,Prior Anti-Cancer Therapy,CMRSDISC,,N,,,,COMPLETED PRESCRIBED REGIMEN;DISEASE PROGRESSION;TOXICITY,,,Qualifier,CMRSDISC,is the medical condition that is the reason for the treatment in,IS_REASON_FOR,CMTRT,text,200.0,,,N,N,Collected,Investigator,,
2026-07-14,C53630,3-2,,CM,CM.CMTRT,CMPRIORCANCER,Prior Anti-Cancer Therapy,CMSTDTC,C83235,N,,,,,,,Timing,CMSTDTC,is the start date for,IS_TIMING_FOR,CMTRT,datetime,,,,N,N,Collected,Investigator,,
2026-07-14,C53630,3-2,,CM,CM.CMTRT,CMPRIORCANCER,Prior Anti-Cancer Therapy,CMENDTC,C83225,N,,,,,,,Timing,CMENDTC,is the end date for,IS_TIMING_FOR,CMTRT,datetime,,,,N,N,Collected,Investigator,,
2026-07-14,C53630,3-2,,CM,CM.CMTRT,CMPRIORCANCER,Prior Anti-Cancer Therapy,CMENRF,,N,C66728,STENRF,,,,,Timing,,,,,text,40.0,,,N,N,Collected,Investigator,,
2026-07-14,C53630,3-2,,CM,CM.CMTRT,CMPRIORCANCER,Prior Anti-Cancer Therapy,CMENTPT,,N,,,,,,,Timing,,,,,datetime,,,,N,N,Assigned,Sponsor,,
2026-07-14,C53630,3-2,,CM,CM.CMTRT,CMPRIORCANCER,Prior Anti-Cancer Therapy,CMENRTPT,,N,C66728,STENRF,,,,,Timing,,,,,text,40.0,,,N,N,Assigned,Sponsor,,
2026-07-14,C53630,3-2,,CM,CM.CMTRT,CMPRIORCANCER,Prior Anti-Cancer Therapy,CMTRTSTT,,N,C124308,TRTSET,,ADJUVANT;METASTATIC;NEO-ADJUVANT;LOCALLY ADVANCED,,,Qualifier,CMTRTSTT,is the clinical trial or treatment setting for,QUALIFIES,CMTRT,text,200.0,,,N,N,Collected,Investigator,,
2026-07-14,C53630,3-2,,CM,CM.CMTRT,CMPRIORCANCER,Prior Anti-Cancer Therapy,CMTRTINT,,N,C124307,TRTINTNT,,PALLIATIVE;CURATIVE,,,Qualifier,CMTRTINT,is the intended disease outcome for,QUALIFIES,CMTRT,text,200.0,,,N,N,Collected,Investigator,,
2026-07-14,C181398,3-4,,IS,IS.ISTESTCD,ARIGEABAAMAST7,Allergen-induced IgE Antibody for Alternaria Alternata Mast 7-Class,ISTESTCD,,N,C120525,ISTESTCD,,,C181398,ARIGEAB,Topic,ISTESTCD,is the code for the value in,IS_DECODED_BY,ISTEST,,,,,Y,Y,Assigned,Sponsor,EQ,
2026-07-14,C181398,3-4,,IS,IS.ISTESTCD,ARIGEABAAMAST7,Allergen-induced IgE Antibody for Alternaria Alternata Mast 7-Class,ISTEST,,N,C120526,ISTEST,,,C181398,Allergen-induced IgE Antibody,Qualifier,ISTEST,decodes the value in,DECODES,ISTESTCD,,,,,Y,Y,Assigned,Sponsor,,
2026-07-14,C181398,3-4,,IS,IS.ISTESTCD,ARIGEABAAMAST7,Allergen-induced IgE Antibody for Alternaria Alternata Mast 7-Class,ISBDAGNT,C42647,N,C85491,MICROORG,,,C87529,ALTERNARIA ALTERNATA,Qualifier,ISBDAGNT,is the substance bound to the analyte in,IS_ATTRIBUTE_FOR,ISTESTCD,,,,,N,N,,,EQ,
2026-07-14,C181398,3-4,,IS,IS.ISTESTCD,ARIGEABAAMAST7,Allergen-induced IgE Antibody for Alternaria Alternata Mast 7-Class,ISTSTDTL,C117062,N,C189267,ISFTSDTL,,,C202374,MAST 7-CLASS,Qualifier,ISTSTDTL,further describes the test in,SPECIFIES,ISTESTCD,,,,,N,N,,,EQ,
2026-07-14,C181398,3-4,,IS,IS.ISTESTCD,ARIGEABAAMAST7,Allergen-induced IgE Antibody for Alternaria Alternata Mast 7-Class,ISCAT,C25372,N,,,,,,,Qualifier,ISCAT,groups values in,GROUPS,ISTESTCD,,,,,N,N,,,,
2026-07-14,C181398,3-4,,IS,IS.ISTESTCD,ARIGEABAAMAST7,Allergen-induced IgE Antibody for Alternaria Alternata Mast 7-Class,ISSCAT,C25692,N,,,,,,,Qualifier,ISSCAT,values are grouped by,IS_GROUPED_BY,ISCAT,,,,,N,N,,,,
2026-07-14,C181398,3-4,,IS,IS.ISTESTCD,ARIGEABAAMAST7,Allergen-induced IgE Antibody for Alternaria Alternata Mast 7-Class,ISORRES,C46126,N,,,,CLASS 0;CLASS 1;CLASS 2;CLASS 3;CLASS 4;CLASS 5;CLASS 6,,,Qualifier,ISORRES,is the result of the test in,IS_RESULT_OF,ISTESTCD,text,10.0,,,Y,Y,Collected,Vendor,,Y
2026-07-14,C181398,3-4,,IS,IS.ISTESTCD,ARIGEABAAMAST7,Allergen-induced IgE Antibody for Alternaria Alternata Mast 7-Class,ISSTRESC,C46126,N,,,,0;1;2;3;4;5;6,,,Qualifier,ISSTRESC,is the result of the test in,IS_RESULT_OF,ISTESTCD,integer,1.0,,,Y,Y,Derived,Vendor,,Y
2026-07-14,C181398,3-4,,IS,IS.ISTESTCD,ARIGEABAAMAST7,Allergen-induced IgE Antibody for Alternaria Alternata Mast 7-Class,ISSTRESN,C46126,N,,,,0;1;2;3;4;5;6,,,Qualifier,ISSTRESN,is the result of the test in,IS_RESULT_OF,ISTESTCD,integer,1.0,,,Y,Y,Derived,Vendor,,Y
2026-07-14,C181398,3-4,,IS,IS.ISTESTCD,ARIGEABAAMAST7,Allergen-induced IgE Antibody for Alternaria Alternata Mast 7-Class,ISSPEC,C70713,N,C78734,SPECTYPE,,,C13325,SERUM,Qualifier,ISSPEC,is the specimen tested in,IS_SPECIMEN_TESTED_IN,ISTESTCD,,,,,N,N,,,EQ,
2026-07-14,C181398,3-4,,IS,IS.ISTESTCD,ARIGEABAAMAST7,Allergen-induced IgE Antibody for Alternaria Alternata Mast 7-Class,ISMETHOD,C82535,N,C85492,METHOD,,,C111235,IMMUNOCHEMILUMINOMETRIC ASSAY,Qualifier,ISMETHOD,is the method for the test in,SPECIFIES,ISTESTCD,,,,,N,N,,,EQ,
2026-07-14,C181398,3-4,,IS,IS.ISTESTCD,ARIGEABAAMAST7,Allergen-induced IgE Antibody for Alternaria Alternata Mast 7-Class,ISDTC,C82515,N,,,,,,,Timing,ISDTC,is the date of occurrence for,IS_TIMING_FOR,ISTESTCD,,,,,Y,Y,Collected,Investigator,,
2026-07-14,C181398,3-4,,IS,IS.ISTESTCD,ARIGEABAHDMMAST7,Allergen-induced IgE Antibody for American House Dust Mite Antigen Mast 7-Class,ISTESTCD,,N,C120525,ISTESTCD,,,C181398,ARIGEAB,Topic,ISTESTCD,is the code for the value in,IS_DECODED_BY,ISTEST,,,,,Y,Y,Assigned,Sponsor,EQ,
2026-07-14,C181398,3-4,,IS,IS.ISTESTCD,ARIGEABAHDMMAST7,Allergen-induced IgE Antibody for American House Dust Mite Antigen Mast 7-Class,ISTEST,,N,C120526,ISTEST,,,C181398,Allergen-induced IgE Antibody,Qualifier,ISTEST,decodes the value in,DECODES,ISTESTCD,,,,,Y,Y,Assigned,Sponsor,,
2026-07-14,C181398,3-4,,IS,IS.ISTESTCD,ARIGEABAHDMMAST7,Allergen-induced IgE Antibody for American House Dust Mite Antigen Mast 7-Class,ISBDAGNT,C42647,N,C181169,ISBDAGT,,,C189458,AMERICAN HOUSE DUST MITE ANTIGEN,Qualifier,ISBDAGNT,is the substance bound to the analyte in,IS_ATTRIBUTE_FOR,ISTESTCD,,,,,N,N,,,EQ,
2026-07-14,C181398,3-4,,IS,IS.ISTESTCD,ARIGEABAHDMMAST7,Allergen-induced IgE Antibody for American House Dust Mite Antigen Mast 7-Class,ISTSTDTL,C117062,N,C189267,ISFTSDTL,,,C202374,MAST 7-CLASS,Qualifier,ISTSTDTL,further describes the test in,SPECIFIES,ISTESTCD,,,,,N,N,,,EQ,
2026-07-14,C181398,3-4,,IS,IS.ISTESTCD,ARIGEABAHDMMAST7,Allergen-induced IgE Antibody for American House Dust Mite Antigen Mast 7-Class,ISCAT,C25372,N,,,,,,,Qualifier,ISCAT,groups values in,GROUPS,ISTESTCD,,,,,N,N,,,,
2026-07-14,C181398,3-4,,IS,IS.ISTESTCD,ARIGEABAHDMMAST7,Allergen-induced IgE Antibody for American House Dust Mite Antigen Mast 7-Class,ISSCAT,C25692,N,,,,,,,Qualifier,ISSCAT,values are grouped by,IS_GROUPED_BY,ISCAT,,,,,N,N,,,,
2026-07-14,C181398,3-4,,IS,IS.ISTESTCD,ARIGEABAHDMMAST7,Allergen-induced IgE Antibody for American House Dust Mite Antigen Mast 7-Class,ISORRES,C46126,N,,,,CLASS 0;CLASS 1;CLASS 2;CLASS 3;CLASS 4;CLASS 5;CLASS 6,,,Qualifier,ISORRES,is the result of the test in,IS_RESULT_OF,ISTESTCD,text,10.0,,,Y,Y,Collected,Vendor,,Y
2026-07-14,C181398,3-4,,IS,IS.ISTESTCD,ARIGEABAHDMMAST7,Allergen-induced IgE Antibody for American House Dust Mite Antigen Mast 7-Class,ISSTRESC,C46126,N,,,,0;1;2;3;4;5;6,,,Qualifier,ISSTRESC,is the result of the test in,IS_RESULT_OF,ISTESTCD,integer,1.0,,,Y,Y,Derived,Vendor,,Y
2026-07-14,C181398,3-4,,IS,IS.ISTESTCD,ARIGEABAHDMMAST7,Allergen-induced IgE Antibody for American House Dust Mite Antigen Mast 7-Class,ISSTRESN,C46126,N,,,,0;1;2;3;4;5;6,,,Qualifier,ISSTRESN,is the result of the test in,IS_RESULT_OF,ISTESTCD,integer,1.0,,,Y,Y,Derived,Vendor,,Y
2026-07-14,C181398,3-4,,IS,IS.ISTESTCD,ARIGEABAHDMMAST7,Allergen-induced IgE Antibody for American House Dust Mite Antigen Mast 7-Class,ISSPEC,C70713,N,C78734,SPECTYPE,,,C13325,SERUM,Qualifier,ISSPEC,is the specimen tested in,IS_SPECIMEN_TESTED_IN,ISTESTCD,,,,,N,N,,,EQ,
2026-07-14,C181398,3-4,,IS,IS.ISTESTCD,ARIGEABAHDMMAST7,Allergen-induced IgE Antibody for American House Dust Mite Antigen Mast 7-Class,ISMETHOD,C82535,N,C85492,METHOD,,,C111235,IMMUNOCHEMILUMINOMETRIC ASSAY,Qualifier,ISMETHOD,is the method for the test in,SPECIFIES,ISTESTCD,,,,,N,N,,,EQ,
2026-07-14,C181398,3-4,,IS,IS.ISTESTCD,ARIGEABAHDMMAST7,Allergen-induced IgE Antibody for American House Dust Mite Antigen Mast 7-Class,ISDTC,C82515,N,,,,,,,Timing,ISDTC,is the date of occurrence for,IS_TIMING_FOR,ISTESTCD,,,,,Y,Y,Collected,Investigator,,
2026-07-14,C181398,3-4,,IS,IS.ISTESTCD,ARIGEABAMAST7,Allergen-induced IgE Antibody for Aspergillus Mast 7-Class,ISTESTCD,,N,C120525,ISTESTCD,,,C181398,ARIGEAB,Topic,ISTESTCD,is the code for the value in,IS_DECODED_BY,ISTEST,,,,,Y,Y,Assigned,Sponsor,EQ,
2026-07-14,C181398,3-4,,IS,IS.ISTESTCD,ARIGEABAMAST7,Allergen-induced IgE Antibody for Aspergillus Mast 7-Class,ISTEST,,N,C120526,ISTEST,,,C181398,Allergen-induced IgE Antibody,Qualifier,ISTEST,decodes the value in,DECODES,ISTESTCD,,,,,Y,Y,Assigned,Sponsor,,
2026-07-14,C181398,3-4,,IS,IS.ISTESTCD,ARIGEABAMAST7,Allergen-induced IgE Antibody for Aspergillus Mast 7-Class,ISBDAGNT,C42647,N,C85491,MICROORG,,,C77180,ASPERGILLUS,Qualifier,ISBDAGNT,is the substance bound to the analyte in,IS_ATTRIBUTE_FOR,ISTESTCD,,,,,N,N,,,EQ,
2026-07-14,C181398,3-4,,IS,IS.ISTESTCD,ARIGEABAMAST7,Allergen-induced IgE Antibody for Aspergillus Mast 7-Class,ISTSTDTL,C117062,N,C189267,ISFTSDTL,,,C202374,MAST 7-CLASS,Qualifier,ISTSTDTL,further describes the test in,SPECIFIES,ISTESTCD,,,,,N,N,,,EQ,
2026-07-14,C181398,3-4,,IS,IS.ISTESTCD,ARIGEABAMAST7,Allergen-induced IgE Antibody for Aspergillus Mast 7-Class,ISCAT,C25372,N,,,,,,,Qualifier,ISCAT,groups values in,GROUPS,ISTESTCD,,,,,N,N,,,,
2026-07-14,C181398,3-4,,IS,IS.ISTESTCD,ARIGEABAMAST7,Allergen-induced IgE Antibody for Aspergillus Mast 7-Class,ISSCAT,C25692,N,,,,,,,Qualifier,ISSCAT,values are grouped by,IS_GROUPED_BY,ISCAT,,,,,N,N,,,,
2026-07-14,C181398,3-4,,IS,IS.ISTESTCD,ARIGEABAMAST7,Allergen-induced IgE Antibody for Aspergillus Mast 7-Class,ISORRES,C46126,N,,,,CLASS 0;CLASS 1;CLASS 2;CLASS 3;CLASS 4;CLASS 5;CLASS 6,,,Qualifier,ISORRES,is the result of the test in,IS_RESULT_OF,ISTESTCD,text,10.0,,,Y,Y,Collected,Vendor,,Y
2026-07-14,C181398,3-4,,IS,IS.ISTESTCD,ARIGEABAMAST7,Allergen-induced IgE Antibody for Aspergillus Mast 7-Class,ISSTRESC,C46126,N,,,,0;1;2;3;4;5;6,,,Qualifier,ISSTRESC,is the result of the test in,IS_RESULT_OF,ISTESTCD,integer,1.0,,,Y,Y,Derived,Vendor,,Y
2026-07-14,C181398,3-4,,IS,IS.ISTESTCD,ARIGEABAMAST7,Allergen-induced IgE Antibody for Aspergillus Mast 7-Class,ISSTRESN,C46126,N,,,,0;1;2;3;4;5;6,,,Qualifier,ISSTRESN,is the result of the test in,IS_RESULT_OF,ISTESTCD,integer,1.0,,,Y,Y,Derived,Vendor,,Y
2026-07-14,C181398,3-4,,IS,IS.ISTESTCD,ARIGEABAMAST7,Allergen-induced IgE Antibody for Aspergillus Mast 7-Class,ISSPEC,C70713,N,C78734,SPECTYPE,,,C13325,SERUM,Qualifier,ISSPEC,is the specimen tested in,IS_SPECIMEN_TESTED_IN,ISTESTCD,,,,,N,N,,,EQ,
2026-07-14,C181398,3-4,,IS,IS.ISTESTCD,ARIGEABAMAST7,Allergen-induced IgE Antibody for Aspergillus Mast 7-Class,ISMETHOD,C82535,N,C85492,METHOD,,,C111235,IMMUNOCHEMILUMINOMETRIC ASSAY,Qualifier,ISMETHOD,is the method for the test in,SPECIFIES,ISTESTCD,,,,,N,N,,,EQ,
2026-07-14,C181398,3-4,,IS,IS.ISTESTCD,ARIGEABAMAST7,Allergen-induced IgE Antibody for Aspergillus Mast 7-Class,ISDTC,C82515,N,,,,,,,Timing,ISDTC,is the date of occurrence for,IS_TIMING_FOR,ISTESTCD,,,,,Y,Y,Collected,Investigator,,
2026-07-14,C181398,3-4,,IS,IS.ISTESTCD,ARIGEABBMAST7,Allergen-induced IgE Antibody for Beef Antigen Mast 7-Class,ISTESTCD,,N,C120525,ISTESTCD,,,C181398,ARIGEAB,Topic,ISTESTCD,is the code for the value in,IS_DECODED_BY,ISTEST,,,,,Y,Y,Assigned,Sponsor,EQ,
2026-07-14,C181398,3-4,,IS,IS.ISTESTCD,ARIGEABBMAST7,Allergen-induced IgE Antibody for Beef Antigen Mast 7-Class,ISTEST,,N,C120526,ISTEST,,,C181398,Allergen-induced IgE Antibody,Qualifier,ISTEST,decodes the value in,DECODES,ISTESTCD,,,,,Y,Y,Assigned,Sponsor,,
2026-07-14,C181398,3-4,,IS,IS.ISTESTCD,ARIGEABBMAST7,Allergen-induced IgE Antibody for Beef Antigen Mast 7-Class,ISBDAGNT,C42647,N,C181169,ISBDAGT,,,C202358,BEEF ANTIGEN,Qualifier,ISBDAGNT,is the substance bound to the analyte in,IS_ATTRIBUTE_FOR,ISTESTCD,,,,,N,N,,,EQ,
2026-07-14,C181398,3-4,,IS,IS.ISTESTCD,ARIGEABBMAST7,Allergen-induced IgE Antibody for Beef Antigen Mast 7-Class,ISTSTDTL,C117062,N,C189267,ISFTSDTL,,,C202374,MAST 7-CLASS,Qualifier,ISTSTDTL,further describes the test in,SPECIFIES,ISTESTCD,,,,,N,N,,,EQ,
2026-07-14,C181398,3-4,,IS,IS.ISTESTCD,ARIGEABBMAST7,Allergen-induced IgE Antibody for Beef Antigen Mast 7-Class,ISCAT,C25372,N,,,,,,,Qualifier,ISCAT,groups values in,GROUPS,ISTESTCD,,,,,N,N,,,,
2026-07-14,C181398,3-4,,IS,IS.ISTESTCD,ARIGEABBMAST7,Allergen-induced IgE Antibody for Beef Antigen Mast 7-Class,ISSCAT,C25692,N,,,,,,,Qualifier,ISSCAT,values are grouped by,IS_GROUPED_BY,ISCAT,,,,,N,N,,,,
2026-07-14,C181398,3-4,,IS,IS.ISTESTCD,ARIGEABBMAST7,Allergen-induced IgE Antibody for Beef Antigen Mast 7-Class,ISORRES,C46126,N,,,,CLASS 0;CLASS 1;CLASS 2;CLASS 3;CLASS 4;CLASS 5;CLASS 6,,,Qualifier,ISORRES,is the result of the test in,IS_RESULT_OF,ISTESTCD,text,10.0,,,Y,Y,Collected,Vendor,,Y
2026-07-14,C181398,3-4,,IS,IS.ISTESTCD,ARIGEABBMAST7,Allergen-induced IgE Antibody for Beef Antigen Mast 7-Class,ISSTRESC,C46126,N,,,,0;1;2;3;4;5;6,,,Qualifier,ISSTRESC,is the result of the test in,IS_RESULT_OF,ISTESTCD,integer,1.0,,,Y,Y,Derived,Vendor,,Y
2026-07-14,C181398,3-4,,IS,IS.ISTESTCD,ARIGEABBMAST7,Allergen-induced IgE Antibody for Beef Antigen Mast 7-Class,ISSTRESN,C46126,N,,,,0;1;2;3;4;5;6,,,Qualifier,ISSTRESN,is the result of the test in,IS_RESULT_OF,ISTESTCD,integer,1.0,,,Y,Y,Derived,Vendor,,Y
2026-07-14,C181398,3-4,,IS,IS.ISTESTCD,ARIGEABBMAST7,Allergen-induced IgE Antibody for Beef Antigen Mast 7-Class,ISSPEC,C70713,N,C78734,SPECTYPE,,,C13325,SERUM,Qualifier,ISSPEC,is the specimen tested in,IS_SPECIMEN_TESTED_IN,ISTESTCD,,,,,N,N,,,EQ,
2026-07-14,C181398,3-4,,IS,IS.ISTESTCD,ARIGEABBMAST7,Allergen-induced IgE Antibody for Beef Antigen Mast 7-Class,ISMETHOD,C82535,N,C85492,METHOD,,,C111235,IMMUNOCHEMILUMINOMETRIC ASSAY,Qualifier,ISMETHOD,is the method for the test in,SPECIFIES,ISTESTCD,,,,,N,N,,,EQ,
2026-07-14,C181398,3-4,,IS,IS.ISTESTCD,ARIGEABBMAST7,Allergen-induced IgE Antibody for Beef Antigen Mast 7-Class,ISDTC,C82515,N,,,,,,,Timing,ISDTC,is the date of occurrence for,IS_TIMING_FOR,ISTESTCD,,,,,Y,Y,Collected,Investigator,,
2026-07-14,C181398,3-4,,IS,IS.ISTESTCD,ARIGEABBMAST72,Allergen-induced IgE Antibody for Banana Antigen Mast 7-Class,ISTESTCD,,N,C120525,ISTESTCD,,,C181398,ARIGEAB,Topic,ISTESTCD,is the code for the value in,IS_DECODED_BY,ISTEST,,,,,Y,Y,Assigned,Sponsor,EQ,
2026-07-14,C181398,3-4,,IS,IS.ISTESTCD,ARIGEABBMAST72,Allergen-induced IgE Antibody for Banana Antigen Mast 7-Class,ISTEST,,N,C120526,ISTEST,,,C181398,Allergen-induced IgE Antibody,Qualifier,ISTEST,decodes the value in,DECODES,ISTESTCD,,,,,Y,Y,Assigned,Sponsor,,
2026-07-14,C181398,3-4,,IS,IS.ISTESTCD,ARIGEABBMAST72,Allergen-induced IgE Antibody for Banana Antigen Mast 7-Class,ISBDAGNT,C42647,N,C181169,ISBDAGT,,,C209566,BANANA ANTIGEN,Qualifier,ISBDAGNT,is the substance bound to the analyte in,IS_ATTRIBUTE_FOR,ISTESTCD,,,,,N,N,,,EQ,
2026-07-14,C181398,3-4,,IS,IS.ISTESTCD,ARIGEABBMAST72,Allergen-induced IgE Antibody for Banana Antigen Mast 7-Class,ISTSTDTL,C117062,N,C189267,ISFTSDTL,,,C202374,MAST 7-CLASS,Qualifier,ISTSTDTL,further describes the test in,SPECIFIES,ISTESTCD,,,,,N,N,,,EQ,
2026-07-14,C181398,3-4,,IS,IS.ISTESTCD,ARIGEABBMAST72,Allergen-induced IgE Antibody for Banana Antigen Mast 7-Class,ISCAT,C25372,N,,,,,,,Qualifier,ISCAT,groups values in,GROUPS,ISTESTCD,,,,,N,N,,,,
2026-07-14,C181398,3-4,,IS,IS.ISTESTCD,ARIGEABBMAST72,Allergen-induced IgE Antibody for Banana Antigen Mast 7-Class,ISSCAT,C25692,N,,,,,,,Qualifier,ISSCAT,values are grouped by,IS_GROUPED_BY,ISCAT,,,,,N,N,,,,
2026-07-14,C181398,3-4,,IS,IS.ISTESTCD,ARIGEABBMAST72,Allergen-induced IgE Antibody for Banana Antigen Mast 7-Class,ISORRES,C46126,N,,,,CLASS 0;CLASS 1;CLASS 2;CLASS 3;CLASS 4;CLASS 5;CLASS 6,,,Qualifier,ISORRES,is the result of the test in,IS_RESULT_OF,ISTESTCD,text,10.0,,,Y,Y,Collected,Vendor,,Y
2026-07-14,C181398,3-4,,IS,IS.ISTESTCD,ARIGEABBMAST72,Allergen-induced IgE Antibody for Banana Antigen Mast 7-Class,ISSTRESC,C46126,N,,,,0;1;2;3;4;5;6,,,Qualifier,ISSTRESC,is the result of the test in,IS_RESULT_OF,ISTESTCD,integer,1.0,,,Y,Y,Derived,Vendor,,Y
2026-07-14,C181398,3-4,,IS,IS.ISTESTCD,ARIGEABBMAST72,Allergen-induced IgE Antibody for Banana Antigen Mast 7-Class,ISSTRESN,C46126,N,,,,0;1;2;3;4;5;6,,,Qualifier,ISSTRESN,is the result of the test in,IS_RESULT_OF,ISTESTCD,integer,1.0,,,Y,Y,Derived,Vendor,,Y
2026-07-14,C181398,3-4,,IS,IS.ISTESTCD,ARIGEABBMAST72,Allergen-induced IgE Antibody for Banana Antigen Mast 7-Class,ISSPEC,C70713,N,C78734,SPECTYPE,,,C13325,SERUM,Qualifier,ISSPEC,is the specimen tested in,IS_SPECIMEN_TESTED_IN,ISTESTCD,,,,,N,N,,,EQ,
2026-07-14,C181398,3-4,,IS,IS.ISTESTCD,ARIGEABBMAST72,Allergen-induced IgE Antibody for Banana Antigen Mast 7-Class,ISMETHOD,C82535,N,C85492,METHOD,,,C111235,IMMUNOCHEMILUMINOMETRIC ASSAY,Qualifier,ISMETHOD,is the method for the test in,SPECIFIES,ISTESTCD,,,,,N,N,,,EQ,
2026-07-14,C181398,3-4,,IS,IS.ISTESTCD,ARIGEABBMAST72,Allergen-induced IgE Antibody for Banana Antigen Mast 7-Class,ISDTC,C82515,N,,,,,,,Timing,ISDTC,is the date of occurrence for,IS_TIMING_FOR,ISTESTCD,,,,,Y,Y,Collected,Investigator,,
2026-07-14,C181398,3-4,,IS,IS.ISTESTCD,ARIGEABCBMAST7,Allergen-induced IgE Antibody for Common Buckwheat Antigen Mast 7-Class,ISTESTCD,,N,C120525,ISTESTCD,,,C181398,ARIGEAB,Topic,ISTESTCD,is the code for the value in,IS_DECODED_BY,ISTEST,,,,,Y,Y,Assigned,Sponsor,EQ,
2026-07-14,C181398,3-4,,IS,IS.ISTESTCD,ARIGEABCBMAST7,Allergen-induced IgE Antibody for Common Buckwheat Antigen Mast 7-Class,ISTEST,,N,C120526,ISTEST,,,C181398,Allergen-induced IgE Antibody,Qualifier,ISTEST,decodes the value in,DECODES,ISTESTCD,,,,,Y,Y,Assigned,Sponsor,,
2026-07-14,C181398,3-4,,IS,IS.ISTESTCD,ARIGEABCBMAST7,Allergen-induced IgE Antibody for Common Buckwheat Antigen Mast 7-Class,ISBDAGNT,C42647,N,C181169,ISBDAGT,,,C202359,COMMON BUCKWHEAT ANTIGEN,Qualifier,ISBDAGNT,is the substance bound to the analyte in,IS_ATTRIBUTE_FOR,ISTESTCD,,,,,N,N,,,EQ,
2026-07-14,C181398,3-4,,IS,IS.ISTESTCD,ARIGEABCBMAST7,Allergen-induced IgE Antibody for Common Buckwheat Antigen Mast 7-Class,ISTSTDTL,C117062,N,C189267,ISFTSDTL,,,C202374,MAST 7-CLASS,Qualifier,ISTSTDTL,further describes the test in,SPECIFIES,ISTESTCD,,,,,N,N,,,EQ,
2026-07-14,C181398,3-4,,IS,IS.ISTESTCD,ARIGEABCBMAST7,Allergen-induced IgE Antibody for Common Buckwheat Antigen Mast 7-Class,ISCAT,C25372,N,,,,,,,Qualifier,ISCAT,groups values in,GROUPS,ISTESTCD,,,,,N,N,,,,
2026-07-14,C181398,3-4,,IS,IS.ISTESTCD,ARIGEABCBMAST7,Allergen-induced IgE Antibody for Common Buckwheat Antigen Mast 7-Class,ISSCAT,C25692,N,,,,,,,Qualifier,ISSCAT,values are grouped by,IS_GROUPED_BY,ISCAT,,,,,N,N,,,,
2026-07-14,C181398,3-4,,IS,IS.ISTESTCD,ARIGEABCBMAST7,Allergen-induced IgE Antibody for Common Buckwheat Antigen Mast 7-Class,ISORRES,C46126,N,,,,CLASS 0;CLASS 1;CLASS 2;CLASS 3;CLASS 4;CLASS 5;CLASS 6,,,Qualifier,ISORRES,is the result of the test in,IS_RESULT_OF,ISTESTCD,text,10.0,,,Y,Y,Collected,Vendor,,Y
2026-07-14,C181398,3-4,,IS,IS.ISTESTCD,ARIGEABCBMAST7,Allergen-induced IgE Antibody for Common Buckwheat Antigen Mast 7-Class,ISSTRESC,C46126,N,,,,0;1;2;3;4;5;6,,,Qualifier,ISSTRESC,is the result of the test in,IS_RESULT_OF,ISTESTCD,integer,1.0,,,Y,Y,Derived,Vendor,,Y
2026-07-14,C181398,3-4,,IS,IS.ISTESTCD,ARIGEABCBMAST7,Allergen-induced IgE Antibody for Common Buckwheat Antigen Mast 7-Class,ISSTRESN,C46126,N,,,,0;1;2;3;4;5;6,,,Qualifier,ISSTRESN,is the result of the test in,IS_RESULT_OF,ISTESTCD,integer,1.0,,,Y,Y,Derived,Vendor,,Y
2026-07-14,C181398,3-4,,IS,IS.ISTESTCD,ARIGEABCBMAST7,Allergen-induced IgE Antibody for Common Buckwheat Antigen Mast 7-Class,ISSPEC,C70713,N,C78734,SPECTYPE,,,C13325,SERUM,Qualifier,ISSPEC,is the specimen tested in,IS_SPECIMEN_TESTED_IN,ISTESTCD,,,,,N,N,,,EQ,
2026-07-14,C181398,3-4,,IS,IS.ISTESTCD,ARIGEABCBMAST7,Allergen-induced IgE Antibody for Common Buckwheat Antigen Mast 7-Class,ISMETHOD,C82535,N,C85492,METHOD,,,C111235,IMMUNOCHEMILUMINOMETRIC ASSAY,Qualifier,ISMETHOD,is the method for the test in,SPECIFIES,ISTESTCD,,,,,N,N,,,EQ,
2026-07-14,C181398,3-4,,IS,IS.ISTESTCD,ARIGEABCBMAST7,Allergen-induced IgE Antibody for Common Buckwheat Antigen Mast 7-Class,ISDTC,C82515,N,,,,,,,Timing,ISDTC,is the date of occurrence for,IS_TIMING_FOR,ISTESTCD,,,,,Y,Y,Collected,Investigator,,
2026-07-14,C181398,3-4,,IS,IS.ISTESTCD,ARIGEABCDMAST7,Allergen-induced IgE Antibody for Cat Dander Antigen Mast 7-Class,ISTESTCD,,N,C120525,ISTESTCD,,,C181398,ARIGEAB,Topic,ISTESTCD,is the code for the value in,IS_DECODED_BY,ISTEST,,,,,Y,Y,Assigned,Sponsor,EQ,
2026-07-14,C181398,3-4,,IS,IS.ISTESTCD,ARIGEABCDMAST7,Allergen-induced IgE Antibody for Cat Dander Antigen Mast 7-Class,ISTEST,,N,C120526,ISTEST,,,C181398,Allergen-induced IgE Antibody,Qualifier,ISTEST,decodes the value in,DECODES,ISTESTCD,,,,,Y,Y,Assigned,Sponsor,,
2026-07-14,C181398,3-4,,IS,IS.ISTESTCD,ARIGEABCDMAST7,Allergen-induced IgE Antibody for Cat Dander Antigen Mast 7-Class,ISBDAGNT,C42647,N,C181169,ISBDAGT,,,C181359,CAT DANDER ANTIGEN,Qualifier,ISBDAGNT,is the substance bound to the analyte in,IS_ATTRIBUTE_FOR,ISTESTCD,,,,,N,N,,,EQ,
2026-07-14,C181398,3-4,,IS,IS.ISTESTCD,ARIGEABCDMAST7,Allergen-induced IgE Antibody for Cat Dander Antigen Mast 7-Class,ISTSTDTL,C117062,N,C189267,ISFTSDTL,,,C202374,MAST 7-CLASS,Qualifier,ISTSTDTL,further describes the test in,SPECIFIES,ISTESTCD,,,,,N,N,,,EQ,
2026-07-14,C181398,3-4,,IS,IS.ISTESTCD,ARIGEABCDMAST7,Allergen-induced IgE Antibody for Cat Dander Antigen Mast 7-Class,ISCAT,C25372,N,,,,,,,Qualifier,ISCAT,groups values in,GROUPS,ISTESTCD,,,,,N,N,,,,
2026-07-14,C181398,3-4,,IS,IS.ISTESTCD,ARIGEABCDMAST7,Allergen-induced IgE Antibody for Cat Dander Antigen Mast 7-Class,ISSCAT,C25692,N,,,,,,,Qualifier,ISSCAT,values are grouped by,IS_GROUPED_BY,ISCAT,,,,,N,N,,,,
2026-07-14,C181398,3-4,,IS,IS.ISTESTCD,ARIGEABCDMAST7,Allergen-induced IgE Antibody for Cat Dander Antigen Mast 7-Class,ISORRES,C46126,N,,,,CLASS 0;CLASS 1;CLASS 2;CLASS 3;CLASS 4;CLASS 5;CLASS 6,,,Qualifier,ISORRES,is the result of the test in,IS_RESULT_OF,ISTESTCD,text,10.0,,,Y,Y,Collected,Vendor,,Y
2026-07-14,C181398,3-4,,IS,IS.ISTESTCD,ARIGEABCDMAST7,Allergen-induced IgE Antibody for Cat Dander Antigen Mast 7-Class,ISSTRESC,C46126,N,,,,0;1;2;3;4;5;6,,,Qualifier,ISSTRESC,is the result of the test in,IS_RESULT_OF,ISTESTCD,integer,1.0,,,Y,Y,Derived,Vendor,,Y
2026-07-14,C181398,3-4,,IS,IS.ISTESTCD,ARIGEABCDMAST7,Allergen-induced IgE Antibody for Cat Dander Antigen Mast 7-Class,ISSTRESN,C46126,N,,,,0;1;2;3;4;5;6,,,Qualifier,ISSTRESN,is the result of the test in,IS_RESULT_OF,ISTESTCD,integer,1.0,,,Y,Y,Derived,Vendor,,Y
2026-07-14,C181398,3-4,,IS,IS.ISTESTCD,ARIGEABCDMAST7,Allergen-induced IgE Antibody for Cat Dander Antigen Mast 7-Class,ISSPEC,C70713,N,C78734,SPECTYPE,,,C13325,SERUM,Qualifier,ISSPEC,is the specimen tested in,IS_SPECIMEN_TESTED_IN,ISTESTCD,,,,,N,N,,,EQ,
2026-07-14,C181398,3-4,,IS,IS.ISTESTCD,ARIGEABCDMAST7,Allergen-induced IgE Antibody for Cat Dander Antigen Mast 7-Class,ISMETHOD,C82535,N,C85492,METHOD,,,C111235,IMMUNOCHEMILUMINOMETRIC ASSAY,Qualifier,ISMETHOD,is the method for the test in,SPECIFIES,ISTESTCD,,,,,N,N,,,EQ,
2026-07-14,C181398,3-4,,IS,IS.ISTESTCD,ARIGEABCDMAST7,Allergen-induced IgE Antibody for Cat Dander Antigen Mast 7-Class,ISDTC,C82515,N,,,,,,,Timing,ISDTC,is the date of occurrence for,IS_TIMING_FOR,ISTESTCD,,,,,Y,Y,Collected,Investigator,,
2026-07-14,C181398,3-4,,IS,IS.ISTESTCD,ARIGEABCMAST7,Allergen-induced IgE Antibody for Candida Mast 7-Class,ISTESTCD,,N,C120525,ISTESTCD,,,C181398,ARIGEAB,Topic,ISTESTCD,is the code for the value in,IS_DECODED_BY,ISTEST,,,,,Y,Y,Assigned,Sponsor,EQ,
2026-07-14,C181398,3-4,,IS,IS.ISTESTCD,ARIGEABCMAST7,Allergen-induced IgE Antibody for Candida Mast 7-Class,ISTEST,,N,C120526,ISTEST,,,C181398,Allergen-induced IgE Antibody,Qualifier,ISTEST,decodes the value in,DECODES,ISTESTCD,,,,,Y,Y,Assigned,Sponsor,,
2026-07-14,C181398,3-4,,IS,IS.ISTESTCD,ARIGEABCMAST7,Allergen-induced IgE Antibody for Candida Mast 7-Class,ISBDAGNT,C42647,N,C85491,MICROORG,,,C77163,CANDIDA,Qualifier,ISBDAGNT,is the substance bound to the analyte in,IS_ATTRIBUTE_FOR,ISTESTCD,,,,,N,N,,,EQ,
2026-07-14,C181398,3-4,,IS,IS.ISTESTCD,ARIGEABCMAST7,Allergen-induced IgE Antibody for Candida Mast 7-Class,ISTSTDTL,C117062,N,C189267,ISFTSDTL,,,C202374,MAST 7-CLASS,Qualifier,ISTSTDTL,further describes the test in,SPECIFIES,ISTESTCD,,,,,N,N,,,EQ,
2026-07-14,C181398,3-4,,IS,IS.ISTESTCD,ARIGEABCMAST7,Allergen-induced IgE Antibody for Candida Mast 7-Class,ISCAT,C25372,N,,,,,,,Qualifier,ISCAT,groups values in,GROUPS,ISTESTCD,,,,,N,N,,,,
2026-07-14,C181398,3-4,,IS,IS.ISTESTCD,ARIGEABCMAST7,Allergen-induced IgE Antibody for Candida Mast 7-Class,ISSCAT,C25692,N,,,,,,,Qualifier,ISSCAT,values are grouped by,IS_GROUPED_BY,ISCAT,,,,,N,N,,,,
2026-07-14,C181398,3-4,,IS,IS.ISTESTCD,ARIGEABCMAST7,Allergen-induced IgE Antibody for Candida Mast 7-Class,ISORRES,C46126,N,,,,CLASS 0;CLASS 1;CLASS 2;CLASS 3;CLASS 4;CLASS 5;CLASS 6,,,Qualifier,ISORRES,is the result of the test in,IS_RESULT_OF,ISTESTCD,text,10.0,,,Y,Y,Collected,Vendor,,Y
2026-07-14,C181398,3-4,,IS,IS.ISTESTCD,ARIGEABCMAST7,Allergen-induced IgE Antibody for Candida Mast 7-Class,ISSTRESC,C46126,N,,,,0;1;2;3;4;5;6,,,Qualifier,ISSTRESC,is the result of the test in,IS_RESULT_OF,ISTESTCD,integer,1.0,,,Y,Y,Derived,Vendor,,Y
2026-07-14,C181398,3-4,,IS,IS.ISTESTCD,ARIGEABCMAST7,Allergen-induced IgE Antibody for Candida Mast 7-Class,ISSTRESN,C46126,N,,,,0;1;2;3;4;5;6,,,Qualifier,ISSTRESN,is the result of the test in,IS_RESULT_OF,ISTESTCD,integer,1.0,,,Y,Y,Derived,Vendor,,Y
2026-07-14,C181398,3-4,,IS,IS.ISTESTCD,ARIGEABCMAST7,Allergen-induced IgE Antibody for Candida Mast 7-Class,ISSPEC,C70713,N,C78734,SPECTYPE,,,C13325,SERUM,Qualifier,ISSPEC,is the specimen tested in,IS_SPECIMEN_TESTED_IN,ISTESTCD,,,,,N,N,,,EQ,
2026-07-14,C181398,3-4,,IS,IS.ISTESTCD,ARIGEABCMAST7,Allergen-induced IgE Antibody for Candida Mast 7-Class,ISMETHOD,C82535,N,C85492,METHOD,,,C111235,IMMUNOCHEMILUMINOMETRIC ASSAY,Qualifier,ISMETHOD,is the method for the test in,SPECIFIES,ISTESTCD,,,,,N,N,,,EQ,
2026-07-14,C181398,3-4,,IS,IS.ISTESTCD,ARIGEABCMAST7,Allergen-induced IgE Antibody for Candida Mast 7-Class,ISDTC,C82515,N,,,,,,,Timing,ISDTC,is the date of occurrence for,IS_TIMING_FOR,ISTESTCD,,,,,Y,Y,Collected,Investigator,,
2026-07-14,C181398,3-4,,IS,IS.ISTESTCD,ARIGEABCMMAST7,Allergen-induced IgE Antibody for Chicken Meat Antigen Mast 7-Class,ISTESTCD,,N,C120525,ISTESTCD,,,C181398,ARIGEAB,Topic,ISTESTCD,is the code for the value in,IS_DECODED_BY,ISTEST,,,,,Y,Y,Assigned,Sponsor,EQ,
2026-07-14,C181398,3-4,,IS,IS.ISTESTCD,ARIGEABCMMAST7,Allergen-induced IgE Antibody for Chicken Meat Antigen Mast 7-Class,ISTEST,,N,C120526,ISTEST,,,C181398,Allergen-induced IgE Antibody,Qualifier,ISTEST,decodes the value in,DECODES,ISTESTCD,,,,,Y,Y,Assigned,Sponsor,,
2026-07-14,C181398,3-4,,IS,IS.ISTESTCD,ARIGEABCMMAST7,Allergen-induced IgE Antibody for Chicken Meat Antigen Mast 7-Class,ISBDAGNT,C42647,N,C181169,ISBDAGT,,,C209567,CHICKEN MEAT ANTIGEN,Qualifier,ISBDAGNT,is the substance bound to the analyte in,IS_ATTRIBUTE_FOR,ISTESTCD,,,,,N,N,,,EQ,
2026-07-14,C181398,3-4,,IS,IS.ISTESTCD,ARIGEABCMMAST7,Allergen-induced IgE Antibody for Chicken Meat Antigen Mast 7-Class,ISTSTDTL,C117062,N,C189267,ISFTSDTL,,,C202374,MAST 7-CLASS,Qualifier,ISTSTDTL,further describes the test in,SPECIFIES,ISTESTCD,,,,,N,N,,,EQ,
2026-07-14,C181398,3-4,,IS,IS.ISTESTCD,ARIGEABCMMAST7,Allergen-induced IgE Antibody for Chicken Meat Antigen Mast 7-Class,ISCAT,C25372,N,,,,,,,Qualifier,ISCAT,groups values in,GROUPS,ISTESTCD,,,,,N,N,,,,
2026-07-14,C181398,3-4,,IS,IS.ISTESTCD,ARIGEABCMMAST7,Allergen-induced IgE Antibody for Chicken Meat Antigen Mast 7-Class,ISSCAT,C25692,N,,,,,,,Qualifier,ISSCAT,values are grouped by,IS_GROUPED_BY,ISCAT,,,,,N,N,,,,
2026-07-14,C181398,3-4,,IS,IS.ISTESTCD,ARIGEABCMMAST7,Allergen-induced IgE Antibody for Chicken Meat Antigen Mast 7-Class,ISORRES,C46126,N,,,,CLASS 0;CLASS 1;CLASS 2;CLASS 3;CLASS 4;CLASS 5;CLASS 6,,,Qualifier,ISORRES,is the result of the test in,IS_RESULT_OF,ISTESTCD,text,10.0,,,Y,Y,Collected,Vendor,,Y
2026-07-14,C181398,3-4,,IS,IS.ISTESTCD,ARIGEABCMMAST7,Allergen-induced IgE Antibody for Chicken Meat Antigen Mast 7-Class,ISSTRESC,C46126,N,,,,0;1;2;3;4;5;6,,,Qualifier,ISSTRESC,is the result of the test in,IS_RESULT_OF,ISTESTCD,integer,1.0,,,Y,Y,Derived,Vendor,,Y
2026-07-14,C181398,3-4,,IS,IS.ISTESTCD,ARIGEABCMMAST7,Allergen-induced IgE Antibody for Chicken Meat Antigen Mast 7-Class,ISSTRESN,C46126,N,,,,0;1;2;3;4;5;6,,,Qualifier,ISSTRESN,is the result of the test in,IS_RESULT_OF,ISTESTCD,integer,1.0,,,Y,Y,Derived,Vendor,,Y
2026-07-14,C181398,3-4,,IS,IS.ISTESTCD,ARIGEABCMMAST7,Allergen-induced IgE Antibody for Chicken Meat Antigen Mast 7-Class,ISSPEC,C70713,N,C78734,SPECTYPE,,,C13325,SERUM,Qualifier,ISSPEC,is the specimen tested in,IS_SPECIMEN_TESTED_IN,ISTESTCD,,,,,N,N,,,EQ,
2026-07-14,C181398,3-4,,IS,IS.ISTESTCD,ARIGEABCMMAST7,Allergen-induced IgE Antibody for Chicken Meat Antigen Mast 7-Class,ISMETHOD,C82535,N,C85492,METHOD,,,C111235,IMMUNOCHEMILUMINOMETRIC ASSAY,Qualifier,ISMETHOD,is the method for the test in,SPECIFIES,ISTESTCD,,,,,N,N,,,EQ,
2026-07-14,C181398,3-4,,IS,IS.ISTESTCD,ARIGEABCMMAST7,Allergen-induced IgE Antibody for Chicken Meat Antigen Mast 7-Class,ISDTC,C82515,N,,,,,,,Timing,ISDTC,is the date of occurrence for,IS_TIMING_FOR,ISTESTCD,,,,,Y,Y,Collected,Investigator,,
2026-07-14,C181398,3-4,,IS,IS.ISTESTCD,ARIGEABCPMAST7,Allergen-induced IgE Antibody for Cancer Pagurus Antigen Mast 7-Class,ISTESTCD,,N,C120525,ISTESTCD,,,C181398,ARIGEAB,Topic,ISTESTCD,is the code for the value in,IS_DECODED_BY,ISTEST,,,,,Y,Y,Assigned,Sponsor,EQ,
2026-07-14,C181398,3-4,,IS,IS.ISTESTCD,ARIGEABCPMAST7,Allergen-induced IgE Antibody for Cancer Pagurus Antigen Mast 7-Class,ISTEST,,N,C120526,ISTEST,,,C181398,Allergen-induced IgE Antibody,Qualifier,ISTEST,decodes the value in,DECODES,ISTESTCD,,,,,Y,Y,Assigned,Sponsor,,
2026-07-14,C181398,3-4,,IS,IS.ISTESTCD,ARIGEABCPMAST7,Allergen-induced IgE Antibody for Cancer Pagurus Antigen Mast 7-Class,ISBDAGNT,C42647,N,C181169,ISBDAGT,,,C202361,CANCER PAGURUS ANTIGEN,Qualifier,ISBDAGNT,is the substance bound to the analyte in,IS_ATTRIBUTE_FOR,ISTESTCD,,,,,N,N,,,EQ,
2026-07-14,C181398,3-4,,IS,IS.ISTESTCD,ARIGEABCPMAST7,Allergen-induced IgE Antibody for Cancer Pagurus Antigen Mast 7-Class,ISTSTDTL,C117062,N,C189267,ISFTSDTL,,,C202374,MAST 7-CLASS,Qualifier,ISTSTDTL,further describes the test in,SPECIFIES,ISTESTCD,,,,,N,N,,,EQ,
2026-07-14,C181398,3-4,,IS,IS.ISTESTCD,ARIGEABCPMAST7,Allergen-induced IgE Antibody for Cancer Pagurus Antigen Mast 7-Class,ISCAT,C25372,N,,,,,,,Qualifier,ISCAT,groups values in,GROUPS,ISTESTCD,,,,,N,N,,,,
2026-07-14,C181398,3-4,,IS,IS.ISTESTCD,ARIGEABCPMAST7,Allergen-induced IgE Antibody for Cancer Pagurus Antigen Mast 7-Class,ISSCAT,C25692,N,,,,,,,Qualifier,ISSCAT,values are grouped by,IS_GROUPED_BY,ISCAT,,,,,N,N,,,,
2026-07-14,C181398,3-4,,IS,IS.ISTESTCD,ARIGEABCPMAST7,Allergen-induced IgE Antibody for Cancer Pagurus Antigen Mast 7-Class,ISORRES,C46126,N,,,,CLASS 0;CLASS 1;CLASS 2;CLASS 3;CLASS 4;CLASS 5;CLASS 6,,,Qualifier,ISORRES,is the result of the test in,IS_RESULT_OF,ISTESTCD,text,10.0,,,Y,Y,Collected,Vendor,,Y
2026-07-14,C181398,3-4,,IS,IS.ISTESTCD,ARIGEABCPMAST7,Allergen-induced IgE Antibody for Cancer Pagurus Antigen Mast 7-Class,ISSTRESC,C46126,N,,,,0;1;2;3;4;5;6,,,Qualifier,ISSTRESC,is the result of the test in,IS_RESULT_OF,ISTESTCD,integer,1.0,,,Y,Y,Derived,Vendor,,Y
2026-07-14,C181398,3-4,,IS,IS.ISTESTCD,ARIGEABCPMAST7,Allergen-induced IgE Antibody for Cancer Pagurus Antigen Mast 7-Class,ISSTRESN,C46126,N,,,,0;1;2;3;4;5;6,,,Qualifier,ISSTRESN,is the result of the test in,IS_RESULT_OF,ISTESTCD,integer,1.0,,,Y,Y,Derived,Vendor,,Y
2026-07-14,C181398,3-4,,IS,IS.ISTESTCD,ARIGEABCPMAST7,Allergen-induced IgE Antibody for Cancer Pagurus Antigen Mast 7-Class,ISSPEC,C70713,N,C78734,SPECTYPE,,,C13325,SERUM,Qualifier,ISSPEC,is the specimen tested in,IS_SPECIMEN_TESTED_IN,ISTESTCD,,,,,N,N,,,EQ,
2026-07-14,C181398,3-4,,IS,IS.ISTESTCD,ARIGEABCPMAST7,Allergen-induced IgE Antibody for Cancer Pagurus Antigen Mast 7-Class,ISMETHOD,C82535,N,C85492,METHOD,,,C111235,IMMUNOCHEMILUMINOMETRIC ASSAY,Qualifier,ISMETHOD,is the method for the test in,SPECIFIES,ISTESTCD,,,,,N,N,,,EQ,
2026-07-14,C181398,3-4,,IS,IS.ISTESTCD,ARIGEABCPMAST7,Allergen-induced IgE Antibody for Cancer Pagurus Antigen Mast 7-Class,ISDTC,C82515,N,,,,,,,Timing,ISDTC,is the date of occurrence for,IS_TIMING_FOR,ISTESTCD,,,,,Y,Y,Collected,Investigator,,
2026-07-14,C181398,3-4,,IS,IS.ISTESTCD,ARIGEABDDMAST7,Allergen-induced IgE Antibody for Dog Dander Antigen Mast 7-Class,ISTESTCD,,N,C120525,ISTESTCD,,,C181398,ARIGEAB,Topic,ISTESTCD,is the code for the value in,IS_DECODED_BY,ISTEST,,,,,Y,Y,Assigned,Sponsor,EQ,
2026-07-14,C181398,3-4,,IS,IS.ISTESTCD,ARIGEABDDMAST7,Allergen-induced IgE Antibody for Dog Dander Antigen Mast 7-Class,ISTEST,,N,C120526,ISTEST,,,C181398,Allergen-induced IgE Antibody,Qualifier,ISTEST,decodes the value in,DECODES,ISTESTCD,,,,,Y,Y,Assigned,Sponsor,,
2026-07-14,C181398,3-4,,IS,IS.ISTESTCD,ARIGEABDDMAST7,Allergen-induced IgE Antibody for Dog Dander Antigen Mast 7-Class,ISBDAGNT,C42647,N,C181169,ISBDAGT,,,C181358,DOG DANDER ANTIGEN,Qualifier,ISBDAGNT,is the substance bound to the analyte in,IS_ATTRIBUTE_FOR,ISTESTCD,,,,,N,N,,,EQ,
2026-07-14,C181398,3-4,,IS,IS.ISTESTCD,ARIGEABDDMAST7,Allergen-induced IgE Antibody for Dog Dander Antigen Mast 7-Class,ISTSTDTL,C117062,N,C189267,ISFTSDTL,,,C202374,MAST 7-CLASS,Qualifier,ISTSTDTL,further describes the test in,SPECIFIES,ISTESTCD,,,,,N,N,,,EQ,
2026-07-14,C181398,3-4,,IS,IS.ISTESTCD,ARIGEABDDMAST7,Allergen-induced IgE Antibody for Dog Dander Antigen Mast 7-Class,ISCAT,C25372,N,,,,,,,Qualifier,ISCAT,groups values in,GROUPS,ISTESTCD,,,,,N,N,,,,
2026-07-14,C181398,3-4,,IS,IS.ISTESTCD,ARIGEABDDMAST7,Allergen-induced IgE Antibody for Dog Dander Antigen Mast 7-Class,ISSCAT,C25692,N,,,,,,,Qualifier,ISSCAT,values are grouped by,IS_GROUPED_BY,ISCAT,,,,,N,N,,,,
2026-07-14,C181398,3-4,,IS,IS.ISTESTCD,ARIGEABDDMAST7,Allergen-induced IgE Antibody for Dog Dander Antigen Mast 7-Class,ISORRES,C46126,N,,,,CLASS 0;CLASS 1;CLASS 2;CLASS 3;CLASS 4;CLASS 5;CLASS 6,,,Qualifier,ISORRES,is the result of the test in,IS_RESULT_OF,ISTESTCD,text,10.0,,,Y,Y,Collected,Vendor,,Y
2026-07-14,C181398,3-4,,IS,IS.ISTESTCD,ARIGEABDDMAST7,Allergen-induced IgE Antibody for Dog Dander Antigen Mast 7-Class,ISSTRESC,C46126,N,,,,0;1;2;3;4;5;6,,,Qualifier,ISSTRESC,is the result of the test in,IS_RESULT_OF,ISTESTCD,integer,1.0,,,Y,Y,Derived,Vendor,,Y
2026-07-14,C181398,3-4,,IS,IS.ISTESTCD,ARIGEABDDMAST7,Allergen-induced IgE Antibody for Dog Dander Antigen Mast 7-Class,ISSTRESN,C46126,N,,,,0;1;2;3;4;5;6,,,Qualifier,ISSTRESN,is the result of the test in,IS_RESULT_OF,ISTESTCD,integer,1.0,,,Y,Y,Derived,Vendor,,Y
2026-07-14,C181398,3-4,,IS,IS.ISTESTCD,ARIGEABDDMAST7,Allergen-induced IgE Antibody for Dog Dander Antigen Mast 7-Class,ISSPEC,C70713,N,C78734,SPECTYPE,,,C13325,SERUM,Qualifier,ISSPEC,is the specimen tested in,IS_SPECIMEN_TESTED_IN,ISTESTCD,,,,,N,N,,,EQ,
2026-07-14,C181398,3-4,,IS,IS.ISTESTCD,ARIGEABDDMAST7,Allergen-induced IgE Antibody for Dog Dander Antigen Mast 7-Class,ISMETHOD,C82535,N,C85492,METHOD,,,C111235,IMMUNOCHEMILUMINOMETRIC ASSAY,Qualifier,ISMETHOD,is the method for the test in,SPECIFIES,ISTESTCD,,,,,N,N,,,EQ,
2026-07-14,C181398,3-4,,IS,IS.ISTESTCD,ARIGEABDDMAST7,Allergen-induced IgE Antibody for Dog Dander Antigen Mast 7-Class,ISDTC,C82515,N,,,,,,,Timing,ISDTC,is the date of occurrence for,IS_TIMING_FOR,ISTESTCD,,,,,Y,Y,Collected,Investigator,,
2026-07-14,C181398,3-4,,IS,IS.ISTESTCD,ARIGEABEWMAST7,Allergen-induced IgE Antibody for Egg White Antigen Mast 7-Class,ISTESTCD,,N,C120525,ISTESTCD,,,C181398,ARIGEAB,Topic,ISTESTCD,is the code for the value in,IS_DECODED_BY,ISTEST,,,,,Y,Y,Assigned,Sponsor,EQ,
2026-07-14,C181398,3-4,,IS,IS.ISTESTCD,ARIGEABEWMAST7,Allergen-induced IgE Antibody for Egg White Antigen Mast 7-Class,ISTEST,,N,C120526,ISTEST,,,C181398,Allergen-induced IgE Antibody,Qualifier,ISTEST,decodes the value in,DECODES,ISTESTCD,,,,,Y,Y,Assigned,Sponsor,,
2026-07-14,C181398,3-4,,IS,IS.ISTESTCD,ARIGEABEWMAST7,Allergen-induced IgE Antibody for Egg White Antigen Mast 7-Class,ISBDAGNT,C42647,N,C181169,ISBDAGT,,,C189461,EGG WHITE ANTIGEN,Qualifier,ISBDAGNT,is the substance bound to the analyte in,IS_ATTRIBUTE_FOR,ISTESTCD,,,,,N,N,,,EQ,
2026-07-14,C181398,3-4,,IS,IS.ISTESTCD,ARIGEABEWMAST7,Allergen-induced IgE Antibody for Egg White Antigen Mast 7-Class,ISTSTDTL,C117062,N,C189267,ISFTSDTL,,,C202374,MAST 7-CLASS,Qualifier,ISTSTDTL,further describes the test in,SPECIFIES,ISTESTCD,,,,,N,N,,,EQ,
2026-07-14,C181398,3-4,,IS,IS.ISTESTCD,ARIGEABEWMAST7,Allergen-induced IgE Antibody for Egg White Antigen Mast 7-Class,ISCAT,C25372,N,,,,,,,Qualifier,ISCAT,groups values in,GROUPS,ISTESTCD,,,,,N,N,,,,
2026-07-14,C181398,3-4,,IS,IS.ISTESTCD,ARIGEABEWMAST7,Allergen-induced IgE Antibody for Egg White Antigen Mast 7-Class,ISSCAT,C25692,N,,,,,,,Qualifier,ISSCAT,values are grouped by,IS_GROUPED_BY,ISCAT,,,,,N,N,,,,
2026-07-14,C181398,3-4,,IS,IS.ISTESTCD,ARIGEABEWMAST7,Allergen-induced IgE Antibody for Egg White Antigen Mast 7-Class,ISORRES,C46126,N,,,,CLASS 0;CLASS 1;CLASS 2;CLASS 3;CLASS 4;CLASS 5;CLASS 6,,,Qualifier,ISORRES,is the result of the test in,IS_RESULT_OF,ISTESTCD,text,10.0,,,Y,Y,Collected,Vendor,,Y
2026-07-14,C181398,3-4,,IS,IS.ISTESTCD,ARIGEABEWMAST7,Allergen-induced IgE Antibody for Egg White Antigen Mast 7-Class,ISSTRESC,C46126,N,,,,0;1;2;3;4;5;6,,,Qualifier,ISSTRESC,is the result of the test in,IS_RESULT_OF,ISTESTCD,integer,1.0,,,Y,Y,Derived,Vendor,,Y
2026-07-14,C181398,3-4,,IS,IS.ISTESTCD,ARIGEABEWMAST7,Allergen-induced IgE Antibody for Egg White Antigen Mast 7-Class,ISSTRESN,C46126,N,,,,0;1;2;3;4;5;6,,,Qualifier,ISSTRESN,is the result of the test in,IS_RESULT_OF,ISTESTCD,integer,1.0,,,Y,Y,Derived,Vendor,,Y
2026-07-14,C181398,3-4,,IS,IS.ISTESTCD,ARIGEABEWMAST7,Allergen-induced IgE Antibody for Egg White Antigen Mast 7-Class,ISSPEC,C70713,N,C78734,SPECTYPE,,,C13325,SERUM,Qualifier,ISSPEC,is the specimen tested in,IS_SPECIMEN_TESTED_IN,ISTESTCD,,,,,N,N,,,EQ,
2026-07-14,C181398,3-4,,IS,IS.ISTESTCD,ARIGEABEWMAST7,Allergen-induced IgE Antibody for Egg White Antigen Mast 7-Class,ISMETHOD,C82535,N,C85492,METHOD,,,C111235,IMMUNOCHEMILUMINOMETRIC ASSAY,Qualifier,ISMETHOD,is the method for the test in,SPECIFIES,ISTESTCD,,,,,N,N,,,EQ,
2026-07-14,C181398,3-4,,IS,IS.ISTESTCD,ARIGEABEWMAST7,Allergen-induced IgE Antibody for Egg White Antigen Mast 7-Class,ISDTC,C82515,N,,,,,,,Timing,ISDTC,is the date of occurrence for,IS_TIMING_FOR,ISTESTCD,,,,,Y,Y,Collected,Investigator,,
2026-07-14,C181398,3-4,,IS,IS.ISTESTCD,ARIGEABGKMAST7,Allergen-induced IgE Antibody for Green Kiwifruit Antigen Mast 7-Class,ISTESTCD,,N,C120525,ISTESTCD,,,C181398,ARIGEAB,Topic,ISTESTCD,is the code for the value in,IS_DECODED_BY,ISTEST,,,,,Y,Y,Assigned,Sponsor,EQ,
2026-07-14,C181398,3-4,,IS,IS.ISTESTCD,ARIGEABGKMAST7,Allergen-induced IgE Antibody for Green Kiwifruit Antigen Mast 7-Class,ISTEST,,N,C120526,ISTEST,,,C181398,Allergen-induced IgE Antibody,Qualifier,ISTEST,decodes the value in,DECODES,ISTESTCD,,,,,Y,Y,Assigned,Sponsor,,
2026-07-14,C181398,3-4,,IS,IS.ISTESTCD,ARIGEABGKMAST7,Allergen-induced IgE Antibody for Green Kiwifruit Antigen Mast 7-Class,ISBDAGNT,C42647,N,C181169,ISBDAGT,,,C202362,GREEN KIWIFRUIT ANTIGEN,Qualifier,ISBDAGNT,is the substance bound to the analyte in,IS_ATTRIBUTE_FOR,ISTESTCD,,,,,N,N,,,EQ,
2026-07-14,C181398,3-4,,IS,IS.ISTESTCD,ARIGEABGKMAST7,Allergen-induced IgE Antibody for Green Kiwifruit Antigen Mast 7-Class,ISTSTDTL,C117062,N,C189267,ISFTSDTL,,,C202374,MAST 7-CLASS,Qualifier,ISTSTDTL,further describes the test in,SPECIFIES,ISTESTCD,,,,,N,N,,,EQ,
2026-07-14,C181398,3-4,,IS,IS.ISTESTCD,ARIGEABGKMAST7,Allergen-induced IgE Antibody for Green Kiwifruit Antigen Mast 7-Class,ISCAT,C25372,N,,,,,,,Qualifier,ISCAT,groups values in,GROUPS,ISTESTCD,,,,,N,N,,,,
2026-07-14,C181398,3-4,,IS,IS.ISTESTCD,ARIGEABGKMAST7,Allergen-induced IgE Antibody for Green Kiwifruit Antigen Mast 7-Class,ISSCAT,C25692,N,,,,,,,Qualifier,ISSCAT,values are grouped by,IS_GROUPED_BY,ISCAT,,,,,N,N,,,,
2026-07-14,C181398,3-4,,IS,IS.ISTESTCD,ARIGEABGKMAST7,Allergen-induced IgE Antibody for Green Kiwifruit Antigen Mast 7-Class,ISORRES,C46126,N,,,,CLASS 0;CLASS 1;CLASS 2;CLASS 3;CLASS 4;CLASS 5;CLASS 6,,,Qualifier,ISORRES,is the result of the test in,IS_RESULT_OF,ISTESTCD,text,10.0,,,Y,Y,Collected,Vendor,,Y
2026-07-14,C181398,3-4,,IS,IS.ISTESTCD,ARIGEABGKMAST7,Allergen-induced IgE Antibody for Green Kiwifruit Antigen Mast 7-Class,ISSTRESC,C46126,N,,,,0;1;2;3;4;5;6,,,Qualifier,ISSTRESC,is the result of the test in,IS_RESULT_OF,ISTESTCD,integer,1.0,,,Y,Y,Derived,Vendor,,Y
2026-07-14,C181398,3-4,,IS,IS.ISTESTCD,ARIGEABGKMAST7,Allergen-induced IgE Antibody for Green Kiwifruit Antigen Mast 7-Class,ISSTRESN,C46126,N,,,,0;1;2;3;4;5;6,,,Qualifier,ISSTRESN,is the result of the test in,IS_RESULT_OF,ISTESTCD,integer,1.0,,,Y,Y,Derived,Vendor,,Y
2026-07-14,C181398,3-4,,IS,IS.ISTESTCD,ARIGEABGKMAST7,Allergen-induced IgE Antibody for Green Kiwifruit Antigen Mast 7-Class,ISSPEC,C70713,N,C78734,SPECTYPE,,,C13325,SERUM,Qualifier,ISSPEC,is the specimen tested in,IS_SPECIMEN_TESTED_IN,ISTESTCD,,,,,N,N,,,EQ,
2026-07-14,C181398,3-4,,IS,IS.ISTESTCD,ARIGEABGKMAST7,Allergen-induced IgE Antibody for Green Kiwifruit Antigen Mast 7-Class,ISMETHOD,C82535,N,C85492,METHOD,,,C111235,IMMUNOCHEMILUMINOMETRIC ASSAY,Qualifier,ISMETHOD,is the method for the test in,SPECIFIES,ISTESTCD,,,,,N,N,,,EQ,
2026-07-14,C181398,3-4,,IS,IS.ISTESTCD,ARIGEABGKMAST7,Allergen-induced IgE Antibody for Green Kiwifruit Antigen Mast 7-Class,ISDTC,C82515,N,,,,,,,Timing,ISDTC,is the date of occurrence for,IS_TIMING_FOR,ISTESTCD,,,,,Y,Y,Collected,Investigator,,
2026-07-14,C181398,3-4,,IS,IS.ISTESTCD,ARIGEABHDMAST7,Allergen-induced IgE Antibody for House Dust Antigen Mast 7-Class,ISTESTCD,,N,C120525,ISTESTCD,,,C181398,ARIGEAB,Topic,ISTESTCD,is the code for the value in,IS_DECODED_BY,ISTEST,,,,,Y,Y,Assigned,Sponsor,EQ,
2026-07-14,C181398,3-4,,IS,IS.ISTESTCD,ARIGEABHDMAST7,Allergen-induced IgE Antibody for House Dust Antigen Mast 7-Class,ISTEST,,N,C120526,ISTEST,,,C181398,Allergen-induced IgE Antibody,Qualifier,ISTEST,decodes the value in,DECODES,ISTESTCD,,,,,Y,Y,Assigned,Sponsor,,
2026-07-14,C181398,3-4,,IS,IS.ISTESTCD,ARIGEABHDMAST7,Allergen-induced IgE Antibody for House Dust Antigen Mast 7-Class,ISBDAGNT,C42647,N,C181169,ISBDAGT,,,C214666,HOUSE DUST ANTIGEN,Qualifier,ISBDAGNT,is the substance bound to the analyte in,IS_ATTRIBUTE_FOR,ISTESTCD,,,,,N,N,,,EQ,
2026-07-14,C181398,3-4,,IS,IS.ISTESTCD,ARIGEABHDMAST7,Allergen-induced IgE Antibody for House Dust Antigen Mast 7-Class,ISTSTDTL,C117062,N,C189267,ISFTSDTL,,,C202374,MAST 7-CLASS,Qualifier,ISTSTDTL,further describes the test in,SPECIFIES,ISTESTCD,,,,,N,N,,,EQ,
2026-07-14,C181398,3-4,,IS,IS.ISTESTCD,ARIGEABHDMAST7,Allergen-induced IgE Antibody for House Dust Antigen Mast 7-Class,ISCAT,C25372,N,,,,,,,Qualifier,ISCAT,groups values in,GROUPS,ISTESTCD,,,,,N,N,,,,
2026-07-14,C181398,3-4,,IS,IS.ISTESTCD,ARIGEABHDMAST7,Allergen-induced IgE Antibody for House Dust Antigen Mast 7-Class,ISSCAT,C25692,N,,,,,,,Qualifier,ISSCAT,values are grouped by,IS_GROUPED_BY,ISCAT,,,,,N,N,,,,
2026-07-14,C181398,3-4,,IS,IS.ISTESTCD,ARIGEABHDMAST7,Allergen-induced IgE Antibody for House Dust Antigen Mast 7-Class,ISORRES,C46126,N,,,,CLASS 0;CLASS 1;CLASS 2;CLASS 3;CLASS 4;CLASS 5;CLASS 6,,,Qualifier,ISORRES,is the result of the test in,IS_RESULT_OF,ISTESTCD,text,10.0,,,Y,Y,Collected,Vendor,,Y
2026-07-14,C181398,3-4,,IS,IS.ISTESTCD,ARIGEABHDMAST7,Allergen-induced IgE Antibody for House Dust Antigen Mast 7-Class,ISSTRESC,C46126,N,,,,0;1;2;3;4;5;6,,,Qualifier,ISSTRESC,is the result of the test in,IS_RESULT_OF,ISTESTCD,integer,1.0,,,Y,Y,Derived,Vendor,,Y
2026-07-14,C181398,3-4,,IS,IS.ISTESTCD,ARIGEABHDMAST7,Allergen-induced IgE Antibody for House Dust Antigen Mast 7-Class,ISSTRESN,C46126,N,,,,0;1;2;3;4;5;6,,,Qualifier,ISSTRESN,is the result of the test in,IS_RESULT_OF,ISTESTCD,integer,1.0,,,Y,Y,Derived,Vendor,,Y
2026-07-14,C181398,3-4,,IS,IS.ISTESTCD,ARIGEABHDMAST7,Allergen-induced IgE Antibody for House Dust Antigen Mast 7-Class,ISSPEC,C70713,N,C78734,SPECTYPE,,,C13325,SERUM,Qualifier,ISSPEC,is the specimen tested in,IS_SPECIMEN_TESTED_IN,ISTESTCD,,,,,N,N,,,EQ,
2026-07-14,C181398,3-4,,IS,IS.ISTESTCD,ARIGEABHDMAST7,Allergen-induced IgE Antibody for House Dust Antigen Mast 7-Class,ISMETHOD,C82535,N,C85492,METHOD,,,C111235,IMMUNOCHEMILUMINOMETRIC ASSAY,Qualifier,ISMETHOD,is the method for the test in,SPECIFIES,ISTESTCD,,,,,N,N,,,EQ,
2026-07-14,C181398,3-4,,IS,IS.ISTESTCD,ARIGEABHDMAST7,Allergen-induced IgE Antibody for House Dust Antigen Mast 7-Class,ISDTC,C82515,N,,,,,,,Timing,ISDTC,is the date of occurrence for,IS_TIMING_FOR,ISTESTCD,,,,,Y,Y,Collected,Investigator,,
2026-07-14,C181398,3-4,,IS,IS.ISTESTCD,ARIGEABICMAST7,Allergen-induced IgE Antibody for Incense Cedar Pollen Mast 7-Class,ISTESTCD,,N,C120525,ISTESTCD,,,C181398,ARIGEAB,Topic,ISTESTCD,is the code for the value in,IS_DECODED_BY,ISTEST,,,,,Y,Y,Assigned,Sponsor,EQ,
2026-07-14,C181398,3-4,,IS,IS.ISTESTCD,ARIGEABICMAST7,Allergen-induced IgE Antibody for Incense Cedar Pollen Mast 7-Class,ISTEST,,N,C120526,ISTEST,,,C181398,Allergen-induced IgE Antibody,Qualifier,ISTEST,decodes the value in,DECODES,ISTESTCD,,,,,Y,Y,Assigned,Sponsor,,
2026-07-14,C181398,3-4,,IS,IS.ISTESTCD,ARIGEABICMAST7,Allergen-induced IgE Antibody for Incense Cedar Pollen Mast 7-Class,ISBDAGNT,C42647,N,C181169,ISBDAGT,,,C202360,INCENSE CEDAR POLLEN,Qualifier,ISBDAGNT,is the substance bound to the analyte in,IS_ATTRIBUTE_FOR,ISTESTCD,,,,,N,N,,,EQ,
2026-07-14,C181398,3-4,,IS,IS.ISTESTCD,ARIGEABICMAST7,Allergen-induced IgE Antibody for Incense Cedar Pollen Mast 7-Class,ISTSTDTL,C117062,N,C189267,ISFTSDTL,,,C202374,MAST 7-CLASS,Qualifier,ISTSTDTL,further describes the test in,SPECIFIES,ISTESTCD,,,,,N,N,,,EQ,
2026-07-14,C181398,3-4,,IS,IS.ISTESTCD,ARIGEABICMAST7,Allergen-induced IgE Antibody for Incense Cedar Pollen Mast 7-Class,ISCAT,C25372,N,,,,,,,Qualifier,ISCAT,groups values in,GROUPS,ISTESTCD,,,,,N,N,,,,
2026-07-14,C181398,3-4,,IS,IS.ISTESTCD,ARIGEABICMAST7,Allergen-induced IgE Antibody for Incense Cedar Pollen Mast 7-Class,ISSCAT,C25692,N,,,,,,,Qualifier,ISSCAT,values are grouped by,IS_GROUPED_BY,ISCAT,,,,,N,N,,,,
2026-07-14,C181398,3-4,,IS,IS.ISTESTCD,ARIGEABICMAST7,Allergen-induced IgE Antibody for Incense Cedar Pollen Mast 7-Class,ISORRES,C46126,N,,,,CLASS 0;CLASS 1;CLASS 2;CLASS 3;CLASS 4;CLASS 5;CLASS 6,,,Qualifier,ISORRES,is the result of the test in,IS_RESULT_OF,ISTESTCD,text,10.0,,,Y,Y,Collected,Vendor,,Y
2026-07-14,C181398,3-4,,IS,IS.ISTESTCD,ARIGEABICMAST7,Allergen-induced IgE Antibody for Incense Cedar Pollen Mast 7-Class,ISSTRESC,C46126,N,,,,0;1;2;3;4;5;6,,,Qualifier,ISSTRESC,is the result of the test in,IS_RESULT_OF,ISTESTCD,integer,1.0,,,Y,Y,Derived,Vendor,,Y
2026-07-14,C181398,3-4,,IS,IS.ISTESTCD,ARIGEABICMAST7,Allergen-induced IgE Antibody for Incense Cedar Pollen Mast 7-Class,ISSTRESN,C46126,N,,,,0;1;2;3;4;5;6,,,Qualifier,ISSTRESN,is the result of the test in,IS_RESULT_OF,ISTESTCD,integer,1.0,,,Y,Y,Derived,Vendor,,Y
2026-07-14,C181398,3-4,,IS,IS.ISTESTCD,ARIGEABICMAST7,Allergen-induced IgE Antibody for Incense Cedar Pollen Mast 7-Class,ISSPEC,C70713,N,C78734,SPECTYPE,,,C13325,SERUM,Qualifier,ISSPEC,is the specimen tested in,IS_SPECIMEN_TESTED_IN,ISTESTCD,,,,,N,N,,,EQ,
2026-07-14,C181398,3-4,,IS,IS.ISTESTCD,ARIGEABICMAST7,Allergen-induced IgE Antibody for Incense Cedar Pollen Mast 7-Class,ISMETHOD,C82535,N,C85492,METHOD,,,C111235,IMMUNOCHEMILUMINOMETRIC ASSAY,Qualifier,ISMETHOD,is the method for the test in,SPECIFIES,ISTESTCD,,,,,N,N,,,EQ,
2026-07-14,C181398,3-4,,IS,IS.ISTESTCD,ARIGEABICMAST7,Allergen-induced IgE Antibody for Incense Cedar Pollen Mast 7-Class,ISDTC,C82515,N,,,,,,,Timing,ISDTC,is the date of occurrence for,IS_TIMING_FOR,ISTESTCD,,,,,Y,Y,Collected,Investigator,,
2026-07-14,C181398,3-4,,IS,IS.ISTESTCD,ARIGEABJAMAST7,Allergen-induced IgE Antibody for Japanese Alder Pollen Mast 7-Class,ISTESTCD,,N,C120525,ISTESTCD,,,C181398,ARIGEAB,Topic,ISTESTCD,is the code for the value in,IS_DECODED_BY,ISTEST,,,,,Y,Y,Assigned,Sponsor,EQ,
2026-07-14,C181398,3-4,,IS,IS.ISTESTCD,ARIGEABJAMAST7,Allergen-induced IgE Antibody for Japanese Alder Pollen Mast 7-Class,ISTEST,,N,C120526,ISTEST,,,C181398,Allergen-induced IgE Antibody,Qualifier,ISTEST,decodes the value in,DECODES,ISTESTCD,,,,,Y,Y,Assigned,Sponsor,,
2026-07-14,C181398,3-4,,IS,IS.ISTESTCD,ARIGEABJAMAST7,Allergen-induced IgE Antibody for Japanese Alder Pollen Mast 7-Class,ISBDAGNT,C42647,N,C181169,ISBDAGT,,,C202355,JAPANESE ALDER POLLEN,Qualifier,ISBDAGNT,is the substance bound to the analyte in,IS_ATTRIBUTE_FOR,ISTESTCD,,,,,N,N,,,EQ,
2026-07-14,C181398,3-4,,IS,IS.ISTESTCD,ARIGEABJAMAST7,Allergen-induced IgE Antibody for Japanese Alder Pollen Mast 7-Class,ISTSTDTL,C117062,N,C189267,ISFTSDTL,,,C202374,MAST 7-CLASS,Qualifier,ISTSTDTL,further describes the test in,SPECIFIES,ISTESTCD,,,,,N,N,,,EQ,
2026-07-14,C181398,3-4,,IS,IS.ISTESTCD,ARIGEABJAMAST7,Allergen-induced IgE Antibody for Japanese Alder Pollen Mast 7-Class,ISCAT,C25372,N,,,,,,,Qualifier,ISCAT,groups values in,GROUPS,ISTESTCD,,,,,N,N,,,,
2026-07-14,C181398,3-4,,IS,IS.ISTESTCD,ARIGEABJAMAST7,Allergen-induced IgE Antibody for Japanese Alder Pollen Mast 7-Class,ISSCAT,C25692,N,,,,,,,Qualifier,ISSCAT,values are grouped by,IS_GROUPED_BY,ISCAT,,,,,N,N,,,,
2026-07-14,C181398,3-4,,IS,IS.ISTESTCD,ARIGEABJAMAST7,Allergen-induced IgE Antibody for Japanese Alder Pollen Mast 7-Class,ISORRES,C46126,N,,,,CLASS 0;CLASS 1;CLASS 2;CLASS 3;CLASS 4;CLASS 5;CLASS 6,,,Qualifier,ISORRES,is the result of the test in,IS_RESULT_OF,ISTESTCD,text,10.0,,,Y,Y,Collected,Vendor,,Y
2026-07-14,C181398,3-4,,IS,IS.ISTESTCD,ARIGEABJAMAST7,Allergen-induced IgE Antibody for Japanese Alder Pollen Mast 7-Class,ISSTRESC,C46126,N,,,,0;1;2;3;4;5;6,,,Qualifier,ISSTRESC,is the result of the test in,IS_RESULT_OF,ISTESTCD,integer,1.0,,,Y,Y,Derived,Vendor,,Y
2026-07-14,C181398,3-4,,IS,IS.ISTESTCD,ARIGEABJAMAST7,Allergen-induced IgE Antibody for Japanese Alder Pollen Mast 7-Class,ISSTRESN,C46126,N,,,,0;1;2;3;4;5;6,,,Qualifier,ISSTRESN,is the result of the test in,IS_RESULT_OF,ISTESTCD,integer,1.0,,,Y,Y,Derived,Vendor,,Y
2026-07-14,C181398,3-4,,IS,IS.ISTESTCD,ARIGEABJAMAST7,Allergen-induced IgE Antibody for Japanese Alder Pollen Mast 7-Class,ISSPEC,C70713,N,C78734,SPECTYPE,,,C13325,SERUM,Qualifier,ISSPEC,is the specimen tested in,IS_SPECIMEN_TESTED_IN,ISTESTCD,,,,,N,N,,,EQ,
2026-07-14,C181398,3-4,,IS,IS.ISTESTCD,ARIGEABJAMAST7,Allergen-induced IgE Antibody for Japanese Alder Pollen Mast 7-Class,ISMETHOD,C82535,N,C85492,METHOD,,,C111235,IMMUNOCHEMILUMINOMETRIC ASSAY,Qualifier,ISMETHOD,is the method for the test in,SPECIFIES,ISTESTCD,,,,,N,N,,,EQ,
2026-07-14,C181398,3-4,,IS,IS.ISTESTCD,ARIGEABJAMAST7,Allergen-induced IgE Antibody for Japanese Alder Pollen Mast 7-Class,ISDTC,C82515,N,,,,,,,Timing,ISDTC,is the date of occurrence for,IS_TIMING_FOR,ISTESTCD,,,,,Y,Y,Collected,Investigator,,
2026-07-14,C181398,3-4,,IS,IS.ISTESTCD,ARIGEABJCMAST7,Allergen-induced IgE Antibody for Japanese Cypress Pollen Mast 7-Class,ISTESTCD,,N,C120525,ISTESTCD,,,C181398,ARIGEAB,Topic,ISTESTCD,is the code for the value in,IS_DECODED_BY,ISTEST,,,,,Y,Y,Assigned,Sponsor,EQ,
2026-07-14,C181398,3-4,,IS,IS.ISTESTCD,ARIGEABJCMAST7,Allergen-induced IgE Antibody for Japanese Cypress Pollen Mast 7-Class,ISTEST,,N,C120526,ISTEST,,,C181398,Allergen-induced IgE Antibody,Qualifier,ISTEST,decodes the value in,DECODES,ISTESTCD,,,,,Y,Y,Assigned,Sponsor,,
2026-07-14,C181398,3-4,,IS,IS.ISTESTCD,ARIGEABJCMAST7,Allergen-induced IgE Antibody for Japanese Cypress Pollen Mast 7-Class,ISBDAGNT,C42647,N,C181169,ISBDAGT,,,C202354,JAPANESE CYPRESS POLLEN,Qualifier,ISBDAGNT,is the substance bound to the analyte in,IS_ATTRIBUTE_FOR,ISTESTCD,,,,,N,N,,,EQ,
2026-07-14,C181398,3-4,,IS,IS.ISTESTCD,ARIGEABJCMAST7,Allergen-induced IgE Antibody for Japanese Cypress Pollen Mast 7-Class,ISTSTDTL,C117062,N,C189267,ISFTSDTL,,,C202374,MAST 7-CLASS,Qualifier,ISTSTDTL,further describes the test in,SPECIFIES,ISTESTCD,,,,,N,N,,,EQ,
2026-07-14,C181398,3-4,,IS,IS.ISTESTCD,ARIGEABJCMAST7,Allergen-induced IgE Antibody for Japanese Cypress Pollen Mast 7-Class,ISCAT,C25372,N,,,,,,,Qualifier,ISCAT,groups values in,GROUPS,ISTESTCD,,,,,N,N,,,,
2026-07-14,C181398,3-4,,IS,IS.ISTESTCD,ARIGEABJCMAST7,Allergen-induced IgE Antibody for Japanese Cypress Pollen Mast 7-Class,ISSCAT,C25692,N,,,,,,,Qualifier,ISSCAT,values are grouped by,IS_GROUPED_BY,ISCAT,,,,,N,N,,,,
2026-07-14,C181398,3-4,,IS,IS.ISTESTCD,ARIGEABJCMAST7,Allergen-induced IgE Antibody for Japanese Cypress Pollen Mast 7-Class,ISORRES,C46126,N,,,,CLASS 0;CLASS 1;CLASS 2;CLASS 3;CLASS 4;CLASS 5;CLASS 6,,,Qualifier,ISORRES,is the result of the test in,IS_RESULT_OF,ISTESTCD,text,10.0,,,Y,Y,Collected,Vendor,,Y
2026-07-14,C181398,3-4,,IS,IS.ISTESTCD,ARIGEABJCMAST7,Allergen-induced IgE Antibody for Japanese Cypress Pollen Mast 7-Class,ISSTRESC,C46126,N,,,,0;1;2;3;4;5;6,,,Qualifier,ISSTRESC,is the result of the test in,IS_RESULT_OF,ISTESTCD,integer,1.0,,,Y,Y,Derived,Vendor,,Y
2026-07-14,C181398,3-4,,IS,IS.ISTESTCD,ARIGEABJCMAST7,Allergen-induced IgE Antibody for Japanese Cypress Pollen Mast 7-Class,ISSTRESN,C46126,N,,,,0;1;2;3;4;5;6,,,Qualifier,ISSTRESN,is the result of the test in,IS_RESULT_OF,ISTESTCD,integer,1.0,,,Y,Y,Derived,Vendor,,Y
2026-07-14,C181398,3-4,,IS,IS.ISTESTCD,ARIGEABJCMAST7,Allergen-induced IgE Antibody for Japanese Cypress Pollen Mast 7-Class,ISSPEC,C70713,N,C78734,SPECTYPE,,,C13325,SERUM,Qualifier,ISSPEC,is the specimen tested in,IS_SPECIMEN_TESTED_IN,ISTESTCD,,,,,N,N,,,EQ,
2026-07-14,C181398,3-4,,IS,IS.ISTESTCD,ARIGEABJCMAST7,Allergen-induced IgE Antibody for Japanese Cypress Pollen Mast 7-Class,ISMETHOD,C82535,N,C85492,METHOD,,,C111235,IMMUNOCHEMILUMINOMETRIC ASSAY,Qualifier,ISMETHOD,is the method for the test in,SPECIFIES,ISTESTCD,,,,,N,N,,,EQ,
2026-07-14,C181398,3-4,,IS,IS.ISTESTCD,ARIGEABJCMAST7,Allergen-induced IgE Antibody for Japanese Cypress Pollen Mast 7-Class,ISDTC,C82515,N,,,,,,,Timing,ISDTC,is the date of occurrence for,IS_TIMING_FOR,ISTESTCD,,,,,Y,Y,Collected,Investigator,,
2026-07-14,C181398,3-4,,IS,IS.ISTESTCD,ARIGEABMMAST7,Allergen-induced IgE Antibody for Mugwort Pollen Mast 7-Class,ISTESTCD,,N,C120525,ISTESTCD,,,C181398,ARIGEAB,Topic,ISTESTCD,is the code for the value in,IS_DECODED_BY,ISTEST,,,,,Y,Y,Assigned,Sponsor,EQ,
2026-07-14,C181398,3-4,,IS,IS.ISTESTCD,ARIGEABMMAST7,Allergen-induced IgE Antibody for Mugwort Pollen Mast 7-Class,ISTEST,,N,C120526,ISTEST,,,C181398,Allergen-induced IgE Antibody,Qualifier,ISTEST,decodes the value in,DECODES,ISTESTCD,,,,,Y,Y,Assigned,Sponsor,,
2026-07-14,C181398,3-4,,IS,IS.ISTESTCD,ARIGEABMMAST7,Allergen-induced IgE Antibody for Mugwort Pollen Mast 7-Class,ISBDAGNT,C42647,N,C181169,ISBDAGT,,,C201398,MUGWORT POLLEN,Qualifier,ISBDAGNT,is the substance bound to the analyte in,IS_ATTRIBUTE_FOR,ISTESTCD,,,,,N,N,,,EQ,
2026-07-14,C181398,3-4,,IS,IS.ISTESTCD,ARIGEABMMAST7,Allergen-induced IgE Antibody for Mugwort Pollen Mast 7-Class,ISTSTDTL,C117062,N,C189267,ISFTSDTL,,,C202374,MAST 7-CLASS,Qualifier,ISTSTDTL,further describes the test in,SPECIFIES,ISTESTCD,,,,,N,N,,,EQ,
2026-07-14,C181398,3-4,,IS,IS.ISTESTCD,ARIGEABMMAST7,Allergen-induced IgE Antibody for Mugwort Pollen Mast 7-Class,ISCAT,C25372,N,,,,,,,Qualifier,ISCAT,groups values in,GROUPS,ISTESTCD,,,,,N,N,,,,
2026-07-14,C181398,3-4,,IS,IS.ISTESTCD,ARIGEABMMAST7,Allergen-induced IgE Antibody for Mugwort Pollen Mast 7-Class,ISSCAT,C25692,N,,,,,,,Qualifier,ISSCAT,values are grouped by,IS_GROUPED_BY,ISCAT,,,,,N,N,,,,
2026-07-14,C181398,3-4,,IS,IS.ISTESTCD,ARIGEABMMAST7,Allergen-induced IgE Antibody for Mugwort Pollen Mast 7-Class,ISORRES,C46126,N,,,,CLASS 0;CLASS 1;CLASS 2;CLASS 3;CLASS 4;CLASS 5;CLASS 6,,,Qualifier,ISORRES,is the result of the test in,IS_RESULT_OF,ISTESTCD,text,10.0,,,Y,Y,Collected,Vendor,,Y
2026-07-14,C181398,3-4,,IS,IS.ISTESTCD,ARIGEABMMAST7,Allergen-induced IgE Antibody for Mugwort Pollen Mast 7-Class,ISSTRESC,C46126,N,,,,0;1;2;3;4;5;6,,,Qualifier,ISSTRESC,is the result of the test in,IS_RESULT_OF,ISTESTCD,integer,1.0,,,Y,Y,Derived,Vendor,,Y
2026-07-14,C181398,3-4,,IS,IS.ISTESTCD,ARIGEABMMAST7,Allergen-induced IgE Antibody for Mugwort Pollen Mast 7-Class,ISSTRESN,C46126,N,,,,0;1;2;3;4;5;6,,,Qualifier,ISSTRESN,is the result of the test in,IS_RESULT_OF,ISTESTCD,integer,1.0,,,Y,Y,Derived,Vendor,,Y
2026-07-14,C181398,3-4,,IS,IS.ISTESTCD,ARIGEABMMAST7,Allergen-induced IgE Antibody for Mugwort Pollen Mast 7-Class,ISSPEC,C70713,N,C78734,SPECTYPE,,,C13325,SERUM,Qualifier,ISSPEC,is the specimen tested in,IS_SPECIMEN_TESTED_IN,ISTESTCD,,,,,N,N,,,EQ,
2026-07-14,C181398,3-4,,IS,IS.ISTESTCD,ARIGEABMMAST7,Allergen-induced IgE Antibody for Mugwort Pollen Mast 7-Class,ISMETHOD,C82535,N,C85492,METHOD,,,C111235,IMMUNOCHEMILUMINOMETRIC ASSAY,Qualifier,ISMETHOD,is the method for the test in,SPECIFIES,ISTESTCD,,,,,N,N,,,EQ,
2026-07-14,C181398,3-4,,IS,IS.ISTESTCD,ARIGEABMMAST7,Allergen-induced IgE Antibody for Mugwort Pollen Mast 7-Class,ISDTC,C82515,N,,,,,,,Timing,ISDTC,is the date of occurrence for,IS_TIMING_FOR,ISTESTCD,,,,,Y,Y,Collected,Investigator,,
2026-07-14,C181398,3-4,,IS,IS.ISTESTCD,ARIGEABMMAST72,Allergen-induced IgE Antibody for Milk Antigen Mast 7-Class,ISTESTCD,,N,C120525,ISTESTCD,,,C181398,ARIGEAB,Topic,ISTESTCD,is the code for the value in,IS_DECODED_BY,ISTEST,,,,,Y,Y,Assigned,Sponsor,EQ,
2026-07-14,C181398,3-4,,IS,IS.ISTESTCD,ARIGEABMMAST72,Allergen-induced IgE Antibody for Milk Antigen Mast 7-Class,ISTEST,,N,C120526,ISTEST,,,C181398,Allergen-induced IgE Antibody,Qualifier,ISTEST,decodes the value in,DECODES,ISTESTCD,,,,,Y,Y,Assigned,Sponsor,,
2026-07-14,C181398,3-4,,IS,IS.ISTESTCD,ARIGEABMMAST72,Allergen-induced IgE Antibody for Milk Antigen Mast 7-Class,ISBDAGNT,C42647,N,C181169,ISBDAGT,,,C214667,MILK ANTIGEN,Qualifier,ISBDAGNT,is the substance bound to the analyte in,IS_ATTRIBUTE_FOR,ISTESTCD,,,,,N,N,,,EQ,
2026-07-14,C181398,3-4,,IS,IS.ISTESTCD,ARIGEABMMAST72,Allergen-induced IgE Antibody for Milk Antigen Mast 7-Class,ISTSTDTL,C117062,N,C189267,ISFTSDTL,,,C202374,MAST 7-CLASS,Qualifier,ISTSTDTL,further describes the test in,SPECIFIES,ISTESTCD,,,,,N,N,,,EQ,
2026-07-14,C181398,3-4,,IS,IS.ISTESTCD,ARIGEABMMAST72,Allergen-induced IgE Antibody for Milk Antigen Mast 7-Class,ISCAT,C25372,N,,,,,,,Qualifier,ISCAT,groups values in,GROUPS,ISTESTCD,,,,,N,N,,,,
2026-07-14,C181398,3-4,,IS,IS.ISTESTCD,ARIGEABMMAST72,Allergen-induced IgE Antibody for Milk Antigen Mast 7-Class,ISSCAT,C25692,N,,,,,,,Qualifier,ISSCAT,values are grouped by,IS_GROUPED_BY,ISCAT,,,,,N,N,,,,
2026-07-14,C181398,3-4,,IS,IS.ISTESTCD,ARIGEABMMAST72,Allergen-induced IgE Antibody for Milk Antigen Mast 7-Class,ISORRES,C46126,N,,,,CLASS 0;CLASS 1;CLASS 2;CLASS 3;CLASS 4;CLASS 5;CLASS 6,,,Qualifier,ISORRES,is the result of the test in,IS_RESULT_OF,ISTESTCD,text,10.0,,,Y,Y,Collected,Vendor,,Y
2026-07-14,C181398,3-4,,IS,IS.ISTESTCD,ARIGEABMMAST72,Allergen-induced IgE Antibody for Milk Antigen Mast 7-Class,ISSTRESC,C46126,N,,,,0;1;2;3;4;5;6,,,Qualifier,ISSTRESC,is the result of the test in,IS_RESULT_OF,ISTESTCD,integer,1.0,,,Y,Y,Derived,Vendor,,Y
2026-07-14,C181398,3-4,,IS,IS.ISTESTCD,ARIGEABMMAST72,Allergen-induced IgE Antibody for Milk Antigen Mast 7-Class,ISSTRESN,C46126,N,,,,0;1;2;3;4;5;6,,,Qualifier,ISSTRESN,is the result of the test in,IS_RESULT_OF,ISTESTCD,integer,1.0,,,Y,Y,Derived,Vendor,,Y
2026-07-14,C181398,3-4,,IS,IS.ISTESTCD,ARIGEABMMAST72,Allergen-induced IgE Antibody for Milk Antigen Mast 7-Class,ISSPEC,C70713,N,C78734,SPECTYPE,,,C13325,SERUM,Qualifier,ISSPEC,is the specimen tested in,IS_SPECIMEN_TESTED_IN,ISTESTCD,,,,,N,N,,,EQ,
2026-07-14,C181398,3-4,,IS,IS.ISTESTCD,ARIGEABMMAST72,Allergen-induced IgE Antibody for Milk Antigen Mast 7-Class,ISMETHOD,C82535,N,C85492,METHOD,,,C111235,IMMUNOCHEMILUMINOMETRIC ASSAY,Qualifier,ISMETHOD,is the method for the test in,SPECIFIES,ISTESTCD,,,,,N,N,,,EQ,
2026-07-14,C181398,3-4,,IS,IS.ISTESTCD,ARIGEABMMAST72,Allergen-induced IgE Antibody for Milk Antigen Mast 7-Class,ISDTC,C82515,N,,,,,,,Timing,ISDTC,is the date of occurrence for,IS_TIMING_FOR,ISTESTCD,,,,,Y,Y,Collected,Investigator,,
2026-07-14,C181398,3-4,,IS,IS.ISTESTCD,ARIGEABNRLMAST7,Allergen-induced IgE Antibody for Natural Rubber Latex Antigen Mast 7-Class,ISTESTCD,,N,C120525,ISTESTCD,,,C181398,ARIGEAB,Topic,ISTESTCD,is the code for the value in,IS_DECODED_BY,ISTEST,,,,,Y,Y,Assigned,Sponsor,EQ,
2026-07-14,C181398,3-4,,IS,IS.ISTESTCD,ARIGEABNRLMAST7,Allergen-induced IgE Antibody for Natural Rubber Latex Antigen Mast 7-Class,ISTEST,,N,C120526,ISTEST,,,C181398,Allergen-induced IgE Antibody,Qualifier,ISTEST,decodes the value in,DECODES,ISTESTCD,,,,,Y,Y,Assigned,Sponsor,,
2026-07-14,C181398,3-4,,IS,IS.ISTESTCD,ARIGEABNRLMAST7,Allergen-induced IgE Antibody for Natural Rubber Latex Antigen Mast 7-Class,ISBDAGNT,C42647,N,C181169,ISBDAGT,,,C202363,NATURAL RUBBER LATEX ANTIGEN,Qualifier,ISBDAGNT,is the substance bound to the analyte in,IS_ATTRIBUTE_FOR,ISTESTCD,,,,,N,N,,,EQ,
2026-07-14,C181398,3-4,,IS,IS.ISTESTCD,ARIGEABNRLMAST7,Allergen-induced IgE Antibody for Natural Rubber Latex Antigen Mast 7-Class,ISTSTDTL,C117062,N,C189267,ISFTSDTL,,,C202374,MAST 7-CLASS,Qualifier,ISTSTDTL,further describes the test in,SPECIFIES,ISTESTCD,,,,,N,N,,,EQ,
2026-07-14,C181398,3-4,,IS,IS.ISTESTCD,ARIGEABNRLMAST7,Allergen-induced IgE Antibody for Natural Rubber Latex Antigen Mast 7-Class,ISCAT,C25372,N,,,,,,,Qualifier,ISCAT,groups values in,GROUPS,ISTESTCD,,,,,N,N,,,,
2026-07-14,C181398,3-4,,IS,IS.ISTESTCD,ARIGEABNRLMAST7,Allergen-induced IgE Antibody for Natural Rubber Latex Antigen Mast 7-Class,ISSCAT,C25692,N,,,,,,,Qualifier,ISSCAT,values are grouped by,IS_GROUPED_BY,ISCAT,,,,,N,N,,,,
2026-07-14,C181398,3-4,,IS,IS.ISTESTCD,ARIGEABNRLMAST7,Allergen-induced IgE Antibody for Natural Rubber Latex Antigen Mast 7-Class,ISORRES,C46126,N,,,,CLASS 0;CLASS 1;CLASS 2;CLASS 3;CLASS 4;CLASS 5;CLASS 6,,,Qualifier,ISORRES,is the result of the test in,IS_RESULT_OF,ISTESTCD,text,10.0,,,Y,Y,Collected,Vendor,,Y
2026-07-14,C181398,3-4,,IS,IS.ISTESTCD,ARIGEABNRLMAST7,Allergen-induced IgE Antibody for Natural Rubber Latex Antigen Mast 7-Class,ISSTRESC,C46126,N,,,,0;1;2;3;4;5;6,,,Qualifier,ISSTRESC,is the result of the test in,IS_RESULT_OF,ISTESTCD,integer,1.0,,,Y,Y,Derived,Vendor,,Y
2026-07-14,C181398,3-4,,IS,IS.ISTESTCD,ARIGEABNRLMAST7,Allergen-induced IgE Antibody for Natural Rubber Latex Antigen Mast 7-Class,ISSTRESN,C46126,N,,,,0;1;2;3;4;5;6,,,Qualifier,ISSTRESN,is the result of the test in,IS_RESULT_OF,ISTESTCD,integer,1.0,,,Y,Y,Derived,Vendor,,Y
2026-07-14,C181398,3-4,,IS,IS.ISTESTCD,ARIGEABNRLMAST7,Allergen-induced IgE Antibody for Natural Rubber Latex Antigen Mast 7-Class,ISSPEC,C70713,N,C78734,SPECTYPE,,,C13325,SERUM,Qualifier,ISSPEC,is the specimen tested in,IS_SPECIMEN_TESTED_IN,ISTESTCD,,,,,N,N,,,EQ,
2026-07-14,C181398,3-4,,IS,IS.ISTESTCD,ARIGEABNRLMAST7,Allergen-induced IgE Antibody for Natural Rubber Latex Antigen Mast 7-Class,ISMETHOD,C82535,N,C85492,METHOD,,,C111235,IMMUNOCHEMILUMINOMETRIC ASSAY,Qualifier,ISMETHOD,is the method for the test in,SPECIFIES,ISTESTCD,,,,,N,N,,,EQ,
2026-07-14,C181398,3-4,,IS,IS.ISTESTCD,ARIGEABNRLMAST7,Allergen-induced IgE Antibody for Natural Rubber Latex Antigen Mast 7-Class,ISDTC,C82515,N,,,,,,,Timing,ISDTC,is the date of occurrence for,IS_TIMING_FOR,ISTESTCD,,,,,Y,Y,Collected,Investigator,,
2026-07-14,C181398,3-4,,IS,IS.ISTESTCD,ARIGEABOGMAST7,Allergen-induced IgE Antibody for Orchard Grass Pollen Mast 7-Class,ISTESTCD,,N,C120525,ISTESTCD,,,C181398,ARIGEAB,Topic,ISTESTCD,is the code for the value in,IS_DECODED_BY,ISTEST,,,,,Y,Y,Assigned,Sponsor,EQ,
2026-07-14,C181398,3-4,,IS,IS.ISTESTCD,ARIGEABOGMAST7,Allergen-induced IgE Antibody for Orchard Grass Pollen Mast 7-Class,ISTEST,,N,C120526,ISTEST,,,C181398,Allergen-induced IgE Antibody,Qualifier,ISTEST,decodes the value in,DECODES,ISTESTCD,,,,,Y,Y,Assigned,Sponsor,,
2026-07-14,C181398,3-4,,IS,IS.ISTESTCD,ARIGEABOGMAST7,Allergen-induced IgE Antibody for Orchard Grass Pollen Mast 7-Class,ISBDAGNT,C42647,N,C181169,ISBDAGT,,,C189484,ORCHARD GRASS POLLEN,Qualifier,ISBDAGNT,is the substance bound to the analyte in,IS_ATTRIBUTE_FOR,ISTESTCD,,,,,N,N,,,EQ,
2026-07-14,C181398,3-4,,IS,IS.ISTESTCD,ARIGEABOGMAST7,Allergen-induced IgE Antibody for Orchard Grass Pollen Mast 7-Class,ISTSTDTL,C117062,N,C189267,ISFTSDTL,,,C202374,MAST 7-CLASS,Qualifier,ISTSTDTL,further describes the test in,SPECIFIES,ISTESTCD,,,,,N,N,,,EQ,
2026-07-14,C181398,3-4,,IS,IS.ISTESTCD,ARIGEABOGMAST7,Allergen-induced IgE Antibody for Orchard Grass Pollen Mast 7-Class,ISCAT,C25372,N,,,,,,,Qualifier,ISCAT,groups values in,GROUPS,ISTESTCD,,,,,N,N,,,,
2026-07-14,C181398,3-4,,IS,IS.ISTESTCD,ARIGEABOGMAST7,Allergen-induced IgE Antibody for Orchard Grass Pollen Mast 7-Class,ISSCAT,C25692,N,,,,,,,Qualifier,ISSCAT,values are grouped by,IS_GROUPED_BY,ISCAT,,,,,N,N,,,,
2026-07-14,C181398,3-4,,IS,IS.ISTESTCD,ARIGEABOGMAST7,Allergen-induced IgE Antibody for Orchard Grass Pollen Mast 7-Class,ISORRES,C46126,N,,,,CLASS 0;CLASS 1;CLASS 2;CLASS 3;CLASS 4;CLASS 5;CLASS 6,,,Qualifier,ISORRES,is the result of the test in,IS_RESULT_OF,ISTESTCD,text,10.0,,,Y,Y,Collected,Vendor,,Y
2026-07-14,C181398,3-4,,IS,IS.ISTESTCD,ARIGEABOGMAST7,Allergen-induced IgE Antibody for Orchard Grass Pollen Mast 7-Class,ISSTRESC,C46126,N,,,,0;1;2;3;4;5;6,,,Qualifier,ISSTRESC,is the result of the test in,IS_RESULT_OF,ISTESTCD,integer,1.0,,,Y,Y,Derived,Vendor,,Y
2026-07-14,C181398,3-4,,IS,IS.ISTESTCD,ARIGEABOGMAST7,Allergen-induced IgE Antibody for Orchard Grass Pollen Mast 7-Class,ISSTRESN,C46126,N,,,,0;1;2;3;4;5;6,,,Qualifier,ISSTRESN,is the result of the test in,IS_RESULT_OF,ISTESTCD,integer,1.0,,,Y,Y,Derived,Vendor,,Y
2026-07-14,C181398,3-4,,IS,IS.ISTESTCD,ARIGEABOGMAST7,Allergen-induced IgE Antibody for Orchard Grass Pollen Mast 7-Class,ISSPEC,C70713,N,C78734,SPECTYPE,,,C13325,SERUM,Qualifier,ISSPEC,is the specimen tested in,IS_SPECIMEN_TESTED_IN,ISTESTCD,,,,,N,N,,,EQ,
2026-07-14,C181398,3-4,,IS,IS.ISTESTCD,ARIGEABOGMAST7,Allergen-induced IgE Antibody for Orchard Grass Pollen Mast 7-Class,ISMETHOD,C82535,N,C85492,METHOD,,,C111235,IMMUNOCHEMILUMINOMETRIC ASSAY,Qualifier,ISMETHOD,is the method for the test in,SPECIFIES,ISTESTCD,,,,,N,N,,,EQ,
2026-07-14,C181398,3-4,,IS,IS.ISTESTCD,ARIGEABOGMAST7,Allergen-induced IgE Antibody for Orchard Grass Pollen Mast 7-Class,ISDTC,C82515,N,,,,,,,Timing,ISDTC,is the date of occurrence for,IS_TIMING_FOR,ISTESTCD,,,,,Y,Y,Collected,Investigator,,
2026-07-14,C181398,3-4,,IS,IS.ISTESTCD,ARIGEABOMAST7,Allergen-induced IgE Antibody for Ovomucoid Mast 7-Class,ISTESTCD,,N,C120525,ISTESTCD,,,C181398,ARIGEAB,Topic,ISTESTCD,is the code for the value in,IS_DECODED_BY,ISTEST,,,,,Y,Y,Assigned,Sponsor,EQ,
2026-07-14,C181398,3-4,,IS,IS.ISTESTCD,ARIGEABOMAST7,Allergen-induced IgE Antibody for Ovomucoid Mast 7-Class,ISTEST,,N,C120526,ISTEST,,,C181398,Allergen-induced IgE Antibody,Qualifier,ISTEST,decodes the value in,DECODES,ISTESTCD,,,,,Y,Y,Assigned,Sponsor,,
2026-07-14,C181398,3-4,,IS,IS.ISTESTCD,ARIGEABOMAST7,Allergen-induced IgE Antibody for Ovomucoid Mast 7-Class,ISBDAGNT,C42647,N,C181169,ISBDAGT,,,C202364,OVOMUCOID,Qualifier,ISBDAGNT,is the substance bound to the analyte in,IS_ATTRIBUTE_FOR,ISTESTCD,,,,,N,N,,,EQ,
2026-07-14,C181398,3-4,,IS,IS.ISTESTCD,ARIGEABOMAST7,Allergen-induced IgE Antibody for Ovomucoid Mast 7-Class,ISTSTDTL,C117062,N,C189267,ISFTSDTL,,,C202374,MAST 7-CLASS,Qualifier,ISTSTDTL,further describes the test in,SPECIFIES,ISTESTCD,,,,,N,N,,,EQ,
2026-07-14,C181398,3-4,,IS,IS.ISTESTCD,ARIGEABOMAST7,Allergen-induced IgE Antibody for Ovomucoid Mast 7-Class,ISCAT,C25372,N,,,,,,,Qualifier,ISCAT,groups values in,GROUPS,ISTESTCD,,,,,N,N,,,,
2026-07-14,C181398,3-4,,IS,IS.ISTESTCD,ARIGEABOMAST7,Allergen-induced IgE Antibody for Ovomucoid Mast 7-Class,ISSCAT,C25692,N,,,,,,,Qualifier,ISSCAT,values are grouped by,IS_GROUPED_BY,ISCAT,,,,,N,N,,,,
2026-07-14,C181398,3-4,,IS,IS.ISTESTCD,ARIGEABOMAST7,Allergen-induced IgE Antibody for Ovomucoid Mast 7-Class,ISORRES,C46126,N,,,,CLASS 0;CLASS 1;CLASS 2;CLASS 3;CLASS 4;CLASS 5;CLASS 6,,,Qualifier,ISORRES,is the result of the test in,IS_RESULT_OF,ISTESTCD,text,10.0,,,Y,Y,Collected,Vendor,,Y
2026-07-14,C181398,3-4,,IS,IS.ISTESTCD,ARIGEABOMAST7,Allergen-induced IgE Antibody for Ovomucoid Mast 7-Class,ISSTRESC,C46126,N,,,,0;1;2;3;4;5;6,,,Qualifier,ISSTRESC,is the result of the test in,IS_RESULT_OF,ISTESTCD,integer,1.0,,,Y,Y,Derived,Vendor,,Y
2026-07-14,C181398,3-4,,IS,IS.ISTESTCD,ARIGEABOMAST7,Allergen-induced IgE Antibody for Ovomucoid Mast 7-Class,ISSTRESN,C46126,N,,,,0;1;2;3;4;5;6,,,Qualifier,ISSTRESN,is the result of the test in,IS_RESULT_OF,ISTESTCD,integer,1.0,,,Y,Y,Derived,Vendor,,Y
2026-07-14,C181398,3-4,,IS,IS.ISTESTCD,ARIGEABOMAST7,Allergen-induced IgE Antibody for Ovomucoid Mast 7-Class,ISSPEC,C70713,N,C78734,SPECTYPE,,,C13325,SERUM,Qualifier,ISSPEC,is the specimen tested in,IS_SPECIMEN_TESTED_IN,ISTESTCD,,,,,N,N,,,EQ,
2026-07-14,C181398,3-4,,IS,IS.ISTESTCD,ARIGEABOMAST7,Allergen-induced IgE Antibody for Ovomucoid Mast 7-Class,ISMETHOD,C82535,N,C85492,METHOD,,,C111235,IMMUNOCHEMILUMINOMETRIC ASSAY,Qualifier,ISMETHOD,is the method for the test in,SPECIFIES,ISTESTCD,,,,,N,N,,,EQ,
2026-07-14,C181398,3-4,,IS,IS.ISTESTCD,ARIGEABOMAST7,Allergen-induced IgE Antibody for Ovomucoid Mast 7-Class,ISDTC,C82515,N,,,,,,,Timing,ISDTC,is the date of occurrence for,IS_TIMING_FOR,ISTESTCD,,,,,Y,Y,Collected,Investigator,,
2026-07-14,C181398,3-4,,IS,IS.ISTESTCD,ARIGEABPBMAST7,Allergen-induced IgE Antibody for Pandalus Borealis Antigen Mast 7-Class,ISTESTCD,,N,C120525,ISTESTCD,,,C181398,ARIGEAB,Topic,ISTESTCD,is the code for the value in,IS_DECODED_BY,ISTEST,,,,,Y,Y,Assigned,Sponsor,EQ,
2026-07-14,C181398,3-4,,IS,IS.ISTESTCD,ARIGEABPBMAST7,Allergen-induced IgE Antibody for Pandalus Borealis Antigen Mast 7-Class,ISTEST,,N,C120526,ISTEST,,,C181398,Allergen-induced IgE Antibody,Qualifier,ISTEST,decodes the value in,DECODES,ISTESTCD,,,,,Y,Y,Assigned,Sponsor,,
2026-07-14,C181398,3-4,,IS,IS.ISTESTCD,ARIGEABPBMAST7,Allergen-induced IgE Antibody for Pandalus Borealis Antigen Mast 7-Class,ISBDAGNT,C42647,N,C181169,ISBDAGT,,,C199879,PANDALUS BOREALIS ANTIGEN,Qualifier,ISBDAGNT,is the substance bound to the analyte in,IS_ATTRIBUTE_FOR,ISTESTCD,,,,,N,N,,,EQ,
2026-07-14,C181398,3-4,,IS,IS.ISTESTCD,ARIGEABPBMAST7,Allergen-induced IgE Antibody for Pandalus Borealis Antigen Mast 7-Class,ISTSTDTL,C117062,N,C189267,ISFTSDTL,,,C202374,MAST 7-CLASS,Qualifier,ISTSTDTL,further describes the test in,SPECIFIES,ISTESTCD,,,,,N,N,,,EQ,
2026-07-14,C181398,3-4,,IS,IS.ISTESTCD,ARIGEABPBMAST7,Allergen-induced IgE Antibody for Pandalus Borealis Antigen Mast 7-Class,ISCAT,C25372,N,,,,,,,Qualifier,ISCAT,groups values in,GROUPS,ISTESTCD,,,,,N,N,,,,
2026-07-14,C181398,3-4,,IS,IS.ISTESTCD,ARIGEABPBMAST7,Allergen-induced IgE Antibody for Pandalus Borealis Antigen Mast 7-Class,ISSCAT,C25692,N,,,,,,,Qualifier,ISSCAT,values are grouped by,IS_GROUPED_BY,ISCAT,,,,,N,N,,,,
2026-07-14,C181398,3-4,,IS,IS.ISTESTCD,ARIGEABPBMAST7,Allergen-induced IgE Antibody for Pandalus Borealis Antigen Mast 7-Class,ISORRES,C46126,N,,,,CLASS 0;CLASS 1;CLASS 2;CLASS 3;CLASS 4;CLASS 5;CLASS 6,,,Qualifier,ISORRES,is the result of the test in,IS_RESULT_OF,ISTESTCD,text,10.0,,,Y,Y,Collected,Vendor,,Y
2026-07-14,C181398,3-4,,IS,IS.ISTESTCD,ARIGEABPBMAST7,Allergen-induced IgE Antibody for Pandalus Borealis Antigen Mast 7-Class,ISSTRESC,C46126,N,,,,0;1;2;3;4;5;6,,,Qualifier,ISSTRESC,is the result of the test in,IS_RESULT_OF,ISTESTCD,integer,1.0,,,Y,Y,Derived,Vendor,,Y
2026-07-14,C181398,3-4,,IS,IS.ISTESTCD,ARIGEABPBMAST7,Allergen-induced IgE Antibody for Pandalus Borealis Antigen Mast 7-Class,ISSTRESN,C46126,N,,,,0;1;2;3;4;5;6,,,Qualifier,ISSTRESN,is the result of the test in,IS_RESULT_OF,ISTESTCD,integer,1.0,,,Y,Y,Derived,Vendor,,Y
2026-07-14,C181398,3-4,,IS,IS.ISTESTCD,ARIGEABPBMAST7,Allergen-induced IgE Antibody for Pandalus Borealis Antigen Mast 7-Class,ISSPEC,C70713,N,C78734,SPECTYPE,,,C13325,SERUM,Qualifier,ISSPEC,is the specimen tested in,IS_SPECIMEN_TESTED_IN,ISTESTCD,,,,,N,N,,,EQ,
2026-07-14,C181398,3-4,,IS,IS.ISTESTCD,ARIGEABPBMAST7,Allergen-induced IgE Antibody for Pandalus Borealis Antigen Mast 7-Class,ISMETHOD,C82535,N,C85492,METHOD,,,C111235,IMMUNOCHEMILUMINOMETRIC ASSAY,Qualifier,ISMETHOD,is the method for the test in,SPECIFIES,ISTESTCD,,,,,N,N,,,EQ,
2026-07-14,C181398,3-4,,IS,IS.ISTESTCD,ARIGEABPBMAST7,Allergen-induced IgE Antibody for Pandalus Borealis Antigen Mast 7-Class,ISDTC,C82515,N,,,,,,,Timing,ISDTC,is the date of occurrence for,IS_TIMING_FOR,ISTESTCD,,,,,Y,Y,Collected,Investigator,,
2026-07-14,C181398,3-4,,IS,IS.ISTESTCD,ARIGEABPMAST7,Allergen-induced IgE Antibody for Peanut Antigen Mast 7-Class,ISTESTCD,,N,C120525,ISTESTCD,,,C181398,ARIGEAB,Topic,ISTESTCD,is the code for the value in,IS_DECODED_BY,ISTEST,,,,,Y,Y,Assigned,Sponsor,EQ,
2026-07-14,C181398,3-4,,IS,IS.ISTESTCD,ARIGEABPMAST7,Allergen-induced IgE Antibody for Peanut Antigen Mast 7-Class,ISTEST,,N,C120526,ISTEST,,,C181398,Allergen-induced IgE Antibody,Qualifier,ISTEST,decodes the value in,DECODES,ISTESTCD,,,,,Y,Y,Assigned,Sponsor,,
2026-07-14,C181398,3-4,,IS,IS.ISTESTCD,ARIGEABPMAST7,Allergen-induced IgE Antibody for Peanut Antigen Mast 7-Class,ISBDAGNT,C42647,N,C181169,ISBDAGT,,,C189453,PEANUT ANTIGEN,Qualifier,ISBDAGNT,is the substance bound to the analyte in,IS_ATTRIBUTE_FOR,ISTESTCD,,,,,N,N,,,EQ,
2026-07-14,C181398,3-4,,IS,IS.ISTESTCD,ARIGEABPMAST7,Allergen-induced IgE Antibody for Peanut Antigen Mast 7-Class,ISTSTDTL,C117062,N,C189267,ISFTSDTL,,,C202374,MAST 7-CLASS,Qualifier,ISTSTDTL,further describes the test in,SPECIFIES,ISTESTCD,,,,,N,N,,,EQ,
2026-07-14,C181398,3-4,,IS,IS.ISTESTCD,ARIGEABPMAST7,Allergen-induced IgE Antibody for Peanut Antigen Mast 7-Class,ISCAT,C25372,N,,,,,,,Qualifier,ISCAT,groups values in,GROUPS,ISTESTCD,,,,,N,N,,,,
2026-07-14,C181398,3-4,,IS,IS.ISTESTCD,ARIGEABPMAST7,Allergen-induced IgE Antibody for Peanut Antigen Mast 7-Class,ISSCAT,C25692,N,,,,,,,Qualifier,ISSCAT,values are grouped by,IS_GROUPED_BY,ISCAT,,,,,N,N,,,,
2026-07-14,C181398,3-4,,IS,IS.ISTESTCD,ARIGEABPMAST7,Allergen-induced IgE Antibody for Peanut Antigen Mast 7-Class,ISORRES,C46126,N,,,,CLASS 0;CLASS 1;CLASS 2;CLASS 3;CLASS 4;CLASS 5;CLASS 6,,,Qualifier,ISORRES,is the result of the test in,IS_RESULT_OF,ISTESTCD,text,10.0,,,Y,Y,Collected,Vendor,,Y
2026-07-14,C181398,3-4,,IS,IS.ISTESTCD,ARIGEABPMAST7,Allergen-induced IgE Antibody for Peanut Antigen Mast 7-Class,ISSTRESC,C46126,N,,,,0;1;2;3;4;5;6,,,Qualifier,ISSTRESC,is the result of the test in,IS_RESULT_OF,ISTESTCD,integer,1.0,,,Y,Y,Derived,Vendor,,Y
2026-07-14,C181398,3-4,,IS,IS.ISTESTCD,ARIGEABPMAST7,Allergen-induced IgE Antibody for Peanut Antigen Mast 7-Class,ISSTRESN,C46126,N,,,,0;1;2;3;4;5;6,,,Qualifier,ISSTRESN,is the result of the test in,IS_RESULT_OF,ISTESTCD,integer,1.0,,,Y,Y,Derived,Vendor,,Y
2026-07-14,C181398,3-4,,IS,IS.ISTESTCD,ARIGEABPMAST7,Allergen-induced IgE Antibody for Peanut Antigen Mast 7-Class,ISSPEC,C70713,N,C78734,SPECTYPE,,,C13325,SERUM,Qualifier,ISSPEC,is the specimen tested in,IS_SPECIMEN_TESTED_IN,ISTESTCD,,,,,N,N,,,EQ,
2026-07-14,C181398,3-4,,IS,IS.ISTESTCD,ARIGEABPMAST7,Allergen-induced IgE Antibody for Peanut Antigen Mast 7-Class,ISMETHOD,C82535,N,C85492,METHOD,,,C111235,IMMUNOCHEMILUMINOMETRIC ASSAY,Qualifier,ISMETHOD,is the method for the test in,SPECIFIES,ISTESTCD,,,,,N,N,,,EQ,
2026-07-14,C181398,3-4,,IS,IS.ISTESTCD,ARIGEABPMAST7,Allergen-induced IgE Antibody for Peanut Antigen Mast 7-Class,ISDTC,C82515,N,,,,,,,Timing,ISDTC,is the date of occurrence for,IS_TIMING_FOR,ISTESTCD,,,,,Y,Y,Collected,Investigator,,
2026-07-14,C181398,3-4,,IS,IS.ISTESTCD,ARIGEABPMAST72,Allergen-induced IgE Antibody for Pork Antigen Mast 7-Class,ISTESTCD,,N,C120525,ISTESTCD,,,C181398,ARIGEAB,Topic,ISTESTCD,is the code for the value in,IS_DECODED_BY,ISTEST,,,,,Y,Y,Assigned,Sponsor,EQ,
2026-07-14,C181398,3-4,,IS,IS.ISTESTCD,ARIGEABPMAST72,Allergen-induced IgE Antibody for Pork Antigen Mast 7-Class,ISTEST,,N,C120526,ISTEST,,,C181398,Allergen-induced IgE Antibody,Qualifier,ISTEST,decodes the value in,DECODES,ISTESTCD,,,,,Y,Y,Assigned,Sponsor,,
2026-07-14,C181398,3-4,,IS,IS.ISTESTCD,ARIGEABPMAST72,Allergen-induced IgE Antibody for Pork Antigen Mast 7-Class,ISBDAGNT,C42647,N,C181169,ISBDAGT,,,C202367,PORK ANTIGEN,Qualifier,ISBDAGNT,is the substance bound to the analyte in,IS_ATTRIBUTE_FOR,ISTESTCD,,,,,N,N,,,EQ,
2026-07-14,C181398,3-4,,IS,IS.ISTESTCD,ARIGEABPMAST72,Allergen-induced IgE Antibody for Pork Antigen Mast 7-Class,ISTSTDTL,C117062,N,C189267,ISFTSDTL,,,C202374,MAST 7-CLASS,Qualifier,ISTSTDTL,further describes the test in,SPECIFIES,ISTESTCD,,,,,N,N,,,EQ,
2026-07-14,C181398,3-4,,IS,IS.ISTESTCD,ARIGEABPMAST72,Allergen-induced IgE Antibody for Pork Antigen Mast 7-Class,ISCAT,C25372,N,,,,,,,Qualifier,ISCAT,groups values in,GROUPS,ISTESTCD,,,,,N,N,,,,
2026-07-14,C181398,3-4,,IS,IS.ISTESTCD,ARIGEABPMAST72,Allergen-induced IgE Antibody for Pork Antigen Mast 7-Class,ISSCAT,C25692,N,,,,,,,Qualifier,ISSCAT,values are grouped by,IS_GROUPED_BY,ISCAT,,,,,N,N,,,,
2026-07-14,C181398,3-4,,IS,IS.ISTESTCD,ARIGEABPMAST72,Allergen-induced IgE Antibody for Pork Antigen Mast 7-Class,ISORRES,C46126,N,,,,CLASS 0;CLASS 1;CLASS 2;CLASS 3;CLASS 4;CLASS 5;CLASS 6,,,Qualifier,ISORRES,is the result of the test in,IS_RESULT_OF,ISTESTCD,text,10.0,,,Y,Y,Collected,Vendor,,Y
2026-07-14,C181398,3-4,,IS,IS.ISTESTCD,ARIGEABPMAST72,Allergen-induced IgE Antibody for Pork Antigen Mast 7-Class,ISSTRESC,C46126,N,,,,0;1;2;3;4;5;6,,,Qualifier,ISSTRESC,is the result of the test in,IS_RESULT_OF,ISTESTCD,integer,1.0,,,Y,Y,Derived,Vendor,,Y
2026-07-14,C181398,3-4,,IS,IS.ISTESTCD,ARIGEABPMAST72,Allergen-induced IgE Antibody for Pork Antigen Mast 7-Class,ISSTRESN,C46126,N,,,,0;1;2;3;4;5;6,,,Qualifier,ISSTRESN,is the result of the test in,IS_RESULT_OF,ISTESTCD,integer,1.0,,,Y,Y,Derived,Vendor,,Y
2026-07-14,C181398,3-4,,IS,IS.ISTESTCD,ARIGEABPMAST72,Allergen-induced IgE Antibody for Pork Antigen Mast 7-Class,ISSPEC,C70713,N,C78734,SPECTYPE,,,C13325,SERUM,Qualifier,ISSPEC,is the specimen tested in,IS_SPECIMEN_TESTED_IN,ISTESTCD,,,,,N,N,,,EQ,
2026-07-14,C181398,3-4,,IS,IS.ISTESTCD,ARIGEABPMAST72,Allergen-induced IgE Antibody for Pork Antigen Mast 7-Class,ISMETHOD,C82535,N,C85492,METHOD,,,C111235,IMMUNOCHEMILUMINOMETRIC ASSAY,Qualifier,ISMETHOD,is the method for the test in,SPECIFIES,ISTESTCD,,,,,N,N,,,EQ,
2026-07-14,C181398,3-4,,IS,IS.ISTESTCD,ARIGEABPMAST72,Allergen-induced IgE Antibody for Pork Antigen Mast 7-Class,ISDTC,C82515,N,,,,,,,Timing,ISDTC,is the date of occurrence for,IS_TIMING_FOR,ISTESTCD,,,,,Y,Y,Collected,Investigator,,
2026-07-14,C181398,3-4,,IS,IS.ISTESTCD,ARIGEABPMAST73,Allergen-induced IgE Antibody for Peach Antigen Mast 7-Class,ISTESTCD,,N,C120525,ISTESTCD,,,C181398,ARIGEAB,Topic,ISTESTCD,is the code for the value in,IS_DECODED_BY,ISTEST,,,,,Y,Y,Assigned,Sponsor,EQ,
2026-07-14,C181398,3-4,,IS,IS.ISTESTCD,ARIGEABPMAST73,Allergen-induced IgE Antibody for Peach Antigen Mast 7-Class,ISTEST,,N,C120526,ISTEST,,,C181398,Allergen-induced IgE Antibody,Qualifier,ISTEST,decodes the value in,DECODES,ISTESTCD,,,,,Y,Y,Assigned,Sponsor,,
2026-07-14,C181398,3-4,,IS,IS.ISTESTCD,ARIGEABPMAST73,Allergen-induced IgE Antibody for Peach Antigen Mast 7-Class,ISBDAGNT,C42647,N,C181169,ISBDAGT,,,C202366,PEACH ANTIGEN,Qualifier,ISBDAGNT,is the substance bound to the analyte in,IS_ATTRIBUTE_FOR,ISTESTCD,,,,,N,N,,,EQ,
2026-07-14,C181398,3-4,,IS,IS.ISTESTCD,ARIGEABPMAST73,Allergen-induced IgE Antibody for Peach Antigen Mast 7-Class,ISTSTDTL,C117062,N,C189267,ISFTSDTL,,,C202374,MAST 7-CLASS,Qualifier,ISTSTDTL,further describes the test in,SPECIFIES,ISTESTCD,,,,,N,N,,,EQ,
2026-07-14,C181398,3-4,,IS,IS.ISTESTCD,ARIGEABPMAST73,Allergen-induced IgE Antibody for Peach Antigen Mast 7-Class,ISCAT,C25372,N,,,,,,,Qualifier,ISCAT,groups values in,GROUPS,ISTESTCD,,,,,N,N,,,,
2026-07-14,C181398,3-4,,IS,IS.ISTESTCD,ARIGEABPMAST73,Allergen-induced IgE Antibody for Peach Antigen Mast 7-Class,ISSCAT,C25692,N,,,,,,,Qualifier,ISSCAT,values are grouped by,IS_GROUPED_BY,ISCAT,,,,,N,N,,,,
2026-07-14,C181398,3-4,,IS,IS.ISTESTCD,ARIGEABPMAST73,Allergen-induced IgE Antibody for Peach Antigen Mast 7-Class,ISORRES,C46126,N,,,,CLASS 0;CLASS 1;CLASS 2;CLASS 3;CLASS 4;CLASS 5;CLASS 6,,,Qualifier,ISORRES,is the result of the test in,IS_RESULT_OF,ISTESTCD,text,10.0,,,Y,Y,Collected,Vendor,,Y
2026-07-14,C181398,3-4,,IS,IS.ISTESTCD,ARIGEABPMAST73,Allergen-induced IgE Antibody for Peach Antigen Mast 7-Class,ISSTRESC,C46126,N,,,,0;1;2;3;4;5;6,,,Qualifier,ISSTRESC,is the result of the test in,IS_RESULT_OF,ISTESTCD,integer,1.0,,,Y,Y,Derived,Vendor,,Y
2026-07-14,C181398,3-4,,IS,IS.ISTESTCD,ARIGEABPMAST73,Allergen-induced IgE Antibody for Peach Antigen Mast 7-Class,ISSTRESN,C46126,N,,,,0;1;2;3;4;5;6,,,Qualifier,ISSTRESN,is the result of the test in,IS_RESULT_OF,ISTESTCD,integer,1.0,,,Y,Y,Derived,Vendor,,Y
2026-07-14,C181398,3-4,,IS,IS.ISTESTCD,ARIGEABPMAST73,Allergen-induced IgE Antibody for Peach Antigen Mast 7-Class,ISSPEC,C70713,N,C78734,SPECTYPE,,,C13325,SERUM,Qualifier,ISSPEC,is the specimen tested in,IS_SPECIMEN_TESTED_IN,ISTESTCD,,,,,N,N,,,EQ,
2026-07-14,C181398,3-4,,IS,IS.ISTESTCD,ARIGEABPMAST73,Allergen-induced IgE Antibody for Peach Antigen Mast 7-Class,ISMETHOD,C82535,N,C85492,METHOD,,,C111235,IMMUNOCHEMILUMINOMETRIC ASSAY,Qualifier,ISMETHOD,is the method for the test in,SPECIFIES,ISTESTCD,,,,,N,N,,,EQ,
2026-07-14,C181398,3-4,,IS,IS.ISTESTCD,ARIGEABPMAST73,Allergen-induced IgE Antibody for Peach Antigen Mast 7-Class,ISDTC,C82515,N,,,,,,,Timing,ISDTC,is the date of occurrence for,IS_TIMING_FOR,ISTESTCD,,,,,Y,Y,Collected,Investigator,,
2026-07-14,C181398,3-4,,IS,IS.ISTESTCD,ARIGEABRMAST7,Allergen-induced IgE Antibody for Rice Antigen Mast 7-Class,ISTESTCD,,N,C120525,ISTESTCD,,,C181398,ARIGEAB,Topic,ISTESTCD,is the code for the value in,IS_DECODED_BY,ISTEST,,,,,Y,Y,Assigned,Sponsor,EQ,
2026-07-14,C181398,3-4,,IS,IS.ISTESTCD,ARIGEABRMAST7,Allergen-induced IgE Antibody for Rice Antigen Mast 7-Class,ISTEST,,N,C120526,ISTEST,,,C181398,Allergen-induced IgE Antibody,Qualifier,ISTEST,decodes the value in,DECODES,ISTESTCD,,,,,Y,Y,Assigned,Sponsor,,
2026-07-14,C181398,3-4,,IS,IS.ISTESTCD,ARIGEABRMAST7,Allergen-induced IgE Antibody for Rice Antigen Mast 7-Class,ISBDAGNT,C42647,N,C181169,ISBDAGT,,,C202368,RICE ANTIGEN,Qualifier,ISBDAGNT,is the substance bound to the analyte in,IS_ATTRIBUTE_FOR,ISTESTCD,,,,,N,N,,,EQ,
2026-07-14,C181398,3-4,,IS,IS.ISTESTCD,ARIGEABRMAST7,Allergen-induced IgE Antibody for Rice Antigen Mast 7-Class,ISTSTDTL,C117062,N,C189267,ISFTSDTL,,,C202374,MAST 7-CLASS,Qualifier,ISTSTDTL,further describes the test in,SPECIFIES,ISTESTCD,,,,,N,N,,,EQ,
2026-07-14,C181398,3-4,,IS,IS.ISTESTCD,ARIGEABRMAST7,Allergen-induced IgE Antibody for Rice Antigen Mast 7-Class,ISCAT,C25372,N,,,,,,,Qualifier,ISCAT,groups values in,GROUPS,ISTESTCD,,,,,N,N,,,,
2026-07-14,C181398,3-4,,IS,IS.ISTESTCD,ARIGEABRMAST7,Allergen-induced IgE Antibody for Rice Antigen Mast 7-Class,ISSCAT,C25692,N,,,,,,,Qualifier,ISSCAT,values are grouped by,IS_GROUPED_BY,ISCAT,,,,,N,N,,,,
2026-07-14,C181398,3-4,,IS,IS.ISTESTCD,ARIGEABRMAST7,Allergen-induced IgE Antibody for Rice Antigen Mast 7-Class,ISORRES,C46126,N,,,,CLASS 0;CLASS 1;CLASS 2;CLASS 3;CLASS 4;CLASS 5;CLASS 6,,,Qualifier,ISORRES,is the result of the test in,IS_RESULT_OF,ISTESTCD,text,10.0,,,Y,Y,Collected,Vendor,,Y
2026-07-14,C181398,3-4,,IS,IS.ISTESTCD,ARIGEABRMAST7,Allergen-induced IgE Antibody for Rice Antigen Mast 7-Class,ISSTRESC,C46126,N,,,,0;1;2;3;4;5;6,,,Qualifier,ISSTRESC,is the result of the test in,IS_RESULT_OF,ISTESTCD,integer,1.0,,,Y,Y,Derived,Vendor,,Y
2026-07-14,C181398,3-4,,IS,IS.ISTESTCD,ARIGEABRMAST7,Allergen-induced IgE Antibody for Rice Antigen Mast 7-Class,ISSTRESN,C46126,N,,,,0;1;2;3;4;5;6,,,Qualifier,ISSTRESN,is the result of the test in,IS_RESULT_OF,ISTESTCD,integer,1.0,,,Y,Y,Derived,Vendor,,Y
2026-07-14,C181398,3-4,,IS,IS.ISTESTCD,ARIGEABRMAST7,Allergen-induced IgE Antibody for Rice Antigen Mast 7-Class,ISSPEC,C70713,N,C78734,SPECTYPE,,,C13325,SERUM,Qualifier,ISSPEC,is the specimen tested in,IS_SPECIMEN_TESTED_IN,ISTESTCD,,,,,N,N,,,EQ,
2026-07-14,C181398,3-4,,IS,IS.ISTESTCD,ARIGEABRMAST7,Allergen-induced IgE Antibody for Rice Antigen Mast 7-Class,ISMETHOD,C82535,N,C85492,METHOD,,,C111235,IMMUNOCHEMILUMINOMETRIC ASSAY,Qualifier,ISMETHOD,is the method for the test in,SPECIFIES,ISTESTCD,,,,,N,N,,,EQ,
2026-07-14,C181398,3-4,,IS,IS.ISTESTCD,ARIGEABRMAST7,Allergen-induced IgE Antibody for Rice Antigen Mast 7-Class,ISDTC,C82515,N,,,,,,,Timing,ISDTC,is the date of occurrence for,IS_TIMING_FOR,ISTESTCD,,,,,Y,Y,Collected,Investigator,,
2026-07-14,C181398,3-4,,IS,IS.ISTESTCD,ARIGEABSMAST7,Allergen-induced IgE Antibody for Soybean Antigen Mast 7-Class,ISTESTCD,,N,C120525,ISTESTCD,,,C181398,ARIGEAB,Topic,ISTESTCD,is the code for the value in,IS_DECODED_BY,ISTEST,,,,,Y,Y,Assigned,Sponsor,EQ,
2026-07-14,C181398,3-4,,IS,IS.ISTESTCD,ARIGEABSMAST7,Allergen-induced IgE Antibody for Soybean Antigen Mast 7-Class,ISTEST,,N,C120526,ISTEST,,,C181398,Allergen-induced IgE Antibody,Qualifier,ISTEST,decodes the value in,DECODES,ISTESTCD,,,,,Y,Y,Assigned,Sponsor,,
2026-07-14,C181398,3-4,,IS,IS.ISTESTCD,ARIGEABSMAST7,Allergen-induced IgE Antibody for Soybean Antigen Mast 7-Class,ISBDAGNT,C42647,N,C181169,ISBDAGT,,,C189464,SOYBEAN ANTIGEN,Qualifier,ISBDAGNT,is the substance bound to the analyte in,IS_ATTRIBUTE_FOR,ISTESTCD,,,,,N,N,,,EQ,
2026-07-14,C181398,3-4,,IS,IS.ISTESTCD,ARIGEABSMAST7,Allergen-induced IgE Antibody for Soybean Antigen Mast 7-Class,ISTSTDTL,C117062,N,C189267,ISFTSDTL,,,C202374,MAST 7-CLASS,Qualifier,ISTSTDTL,further describes the test in,SPECIFIES,ISTESTCD,,,,,N,N,,,EQ,
2026-07-14,C181398,3-4,,IS,IS.ISTESTCD,ARIGEABSMAST7,Allergen-induced IgE Antibody for Soybean Antigen Mast 7-Class,ISCAT,C25372,N,,,,,,,Qualifier,ISCAT,groups values in,GROUPS,ISTESTCD,,,,,N,N,,,,
2026-07-14,C181398,3-4,,IS,IS.ISTESTCD,ARIGEABSMAST7,Allergen-induced IgE Antibody for Soybean Antigen Mast 7-Class,ISSCAT,C25692,N,,,,,,,Qualifier,ISSCAT,values are grouped by,IS_GROUPED_BY,ISCAT,,,,,N,N,,,,
2026-07-14,C181398,3-4,,IS,IS.ISTESTCD,ARIGEABSMAST7,Allergen-induced IgE Antibody for Soybean Antigen Mast 7-Class,ISORRES,C46126,N,,,,CLASS 0;CLASS 1;CLASS 2;CLASS 3;CLASS 4;CLASS 5;CLASS 6,,,Qualifier,ISORRES,is the result of the test in,IS_RESULT_OF,ISTESTCD,text,10.0,,,Y,Y,Collected,Vendor,,Y
2026-07-14,C181398,3-4,,IS,IS.ISTESTCD,ARIGEABSMAST7,Allergen-induced IgE Antibody for Soybean Antigen Mast 7-Class,ISSTRESC,C46126,N,,,,0;1;2;3;4;5;6,,,Qualifier,ISSTRESC,is the result of the test in,IS_RESULT_OF,ISTESTCD,integer,1.0,,,Y,Y,Derived,Vendor,,Y
2026-07-14,C181398,3-4,,IS,IS.ISTESTCD,ARIGEABSMAST7,Allergen-induced IgE Antibody for Soybean Antigen Mast 7-Class,ISSTRESN,C46126,N,,,,0;1;2;3;4;5;6,,,Qualifier,ISSTRESN,is the result of the test in,IS_RESULT_OF,ISTESTCD,integer,1.0,,,Y,Y,Derived,Vendor,,Y
2026-07-14,C181398,3-4,,IS,IS.ISTESTCD,ARIGEABSMAST7,Allergen-induced IgE Antibody for Soybean Antigen Mast 7-Class,ISSPEC,C70713,N,C78734,SPECTYPE,,,C13325,SERUM,Qualifier,ISSPEC,is the specimen tested in,IS_SPECIMEN_TESTED_IN,ISTESTCD,,,,,N,N,,,EQ,
2026-07-14,C181398,3-4,,IS,IS.ISTESTCD,ARIGEABSMAST7,Allergen-induced IgE Antibody for Soybean Antigen Mast 7-Class,ISMETHOD,C82535,N,C85492,METHOD,,,C111235,IMMUNOCHEMILUMINOMETRIC ASSAY,Qualifier,ISMETHOD,is the method for the test in,SPECIFIES,ISTESTCD,,,,,N,N,,,EQ,
2026-07-14,C181398,3-4,,IS,IS.ISTESTCD,ARIGEABSMAST7,Allergen-induced IgE Antibody for Soybean Antigen Mast 7-Class,ISDTC,C82515,N,,,,,,,Timing,ISDTC,is the date of occurrence for,IS_TIMING_FOR,ISTESTCD,,,,,Y,Y,Collected,Investigator,,
2026-07-14,C181398,3-4,,IS,IS.ISTESTCD,ARIGEABSSMAST7,Allergen-induced IgE Antibody for Salmo Salar Antigen Mast 7-Class,ISTESTCD,,N,C120525,ISTESTCD,,,C181398,ARIGEAB,Topic,ISTESTCD,is the code for the value in,IS_DECODED_BY,ISTEST,,,,,Y,Y,Assigned,Sponsor,EQ,
2026-07-14,C181398,3-4,,IS,IS.ISTESTCD,ARIGEABSSMAST7,Allergen-induced IgE Antibody for Salmo Salar Antigen Mast 7-Class,ISTEST,,N,C120526,ISTEST,,,C181398,Allergen-induced IgE Antibody,Qualifier,ISTEST,decodes the value in,DECODES,ISTESTCD,,,,,Y,Y,Assigned,Sponsor,,
2026-07-14,C181398,3-4,,IS,IS.ISTESTCD,ARIGEABSSMAST7,Allergen-induced IgE Antibody for Salmo Salar Antigen Mast 7-Class,ISBDAGNT,C42647,N,C181169,ISBDAGT,,,C199880,SALMO SALAR ANTIGEN,Qualifier,ISBDAGNT,is the substance bound to the analyte in,IS_ATTRIBUTE_FOR,ISTESTCD,,,,,N,N,,,EQ,
2026-07-14,C181398,3-4,,IS,IS.ISTESTCD,ARIGEABSSMAST7,Allergen-induced IgE Antibody for Salmo Salar Antigen Mast 7-Class,ISTSTDTL,C117062,N,C189267,ISFTSDTL,,,C202374,MAST 7-CLASS,Qualifier,ISTSTDTL,further describes the test in,SPECIFIES,ISTESTCD,,,,,N,N,,,EQ,
2026-07-14,C181398,3-4,,IS,IS.ISTESTCD,ARIGEABSSMAST7,Allergen-induced IgE Antibody for Salmo Salar Antigen Mast 7-Class,ISCAT,C25372,N,,,,,,,Qualifier,ISCAT,groups values in,GROUPS,ISTESTCD,,,,,N,N,,,,
2026-07-14,C181398,3-4,,IS,IS.ISTESTCD,ARIGEABSSMAST7,Allergen-induced IgE Antibody for Salmo Salar Antigen Mast 7-Class,ISSCAT,C25692,N,,,,,,,Qualifier,ISSCAT,values are grouped by,IS_GROUPED_BY,ISCAT,,,,,N,N,,,,
2026-07-14,C181398,3-4,,IS,IS.ISTESTCD,ARIGEABSSMAST7,Allergen-induced IgE Antibody for Salmo Salar Antigen Mast 7-Class,ISORRES,C46126,N,,,,CLASS 0;CLASS 1;CLASS 2;CLASS 3;CLASS 4;CLASS 5;CLASS 6,,,Qualifier,ISORRES,is the result of the test in,IS_RESULT_OF,ISTESTCD,text,10.0,,,Y,Y,Collected,Vendor,,Y
2026-07-14,C181398,3-4,,IS,IS.ISTESTCD,ARIGEABSSMAST7,Allergen-induced IgE Antibody for Salmo Salar Antigen Mast 7-Class,ISSTRESC,C46126,N,,,,0;1;2;3;4;5;6,,,Qualifier,ISSTRESC,is the result of the test in,IS_RESULT_OF,ISTESTCD,integer,1.0,,,Y,Y,Derived,Vendor,,Y
2026-07-14,C181398,3-4,,IS,IS.ISTESTCD,ARIGEABSSMAST7,Allergen-induced IgE Antibody for Salmo Salar Antigen Mast 7-Class,ISSTRESN,C46126,N,,,,0;1;2;3;4;5;6,,,Qualifier,ISSTRESN,is the result of the test in,IS_RESULT_OF,ISTESTCD,integer,1.0,,,Y,Y,Derived,Vendor,,Y
2026-07-14,C181398,3-4,,IS,IS.ISTESTCD,ARIGEABSSMAST7,Allergen-induced IgE Antibody for Salmo Salar Antigen Mast 7-Class,ISSPEC,C70713,N,C78734,SPECTYPE,,,C13325,SERUM,Qualifier,ISSPEC,is the specimen tested in,IS_SPECIMEN_TESTED_IN,ISTESTCD,,,,,N,N,,,EQ,
2026-07-14,C181398,3-4,,IS,IS.ISTESTCD,ARIGEABSSMAST7,Allergen-induced IgE Antibody for Salmo Salar Antigen Mast 7-Class,ISMETHOD,C82535,N,C85492,METHOD,,,C111235,IMMUNOCHEMILUMINOMETRIC ASSAY,Qualifier,ISMETHOD,is the method for the test in,SPECIFIES,ISTESTCD,,,,,N,N,,,EQ,
2026-07-14,C181398,3-4,,IS,IS.ISTESTCD,ARIGEABSSMAST7,Allergen-induced IgE Antibody for Salmo Salar Antigen Mast 7-Class,ISDTC,C82515,N,,,,,,,Timing,ISDTC,is the date of occurrence for,IS_TIMING_FOR,ISTESTCD,,,,,Y,Y,Collected,Investigator,,
2026-07-14,C181398,3-4,,IS,IS.ISTESTCD,ARIGEABSSMAST72,Allergen-induced IgE Antibody for Sesame Seed Antigen Mast 7-Class,ISTESTCD,,N,C120525,ISTESTCD,,,C181398,ARIGEAB,Topic,ISTESTCD,is the code for the value in,IS_DECODED_BY,ISTEST,,,,,Y,Y,Assigned,Sponsor,EQ,
2026-07-14,C181398,3-4,,IS,IS.ISTESTCD,ARIGEABSSMAST72,Allergen-induced IgE Antibody for Sesame Seed Antigen Mast 7-Class,ISTEST,,N,C120526,ISTEST,,,C181398,Allergen-induced IgE Antibody,Qualifier,ISTEST,decodes the value in,DECODES,ISTESTCD,,,,,Y,Y,Assigned,Sponsor,,
2026-07-14,C181398,3-4,,IS,IS.ISTESTCD,ARIGEABSSMAST72,Allergen-induced IgE Antibody for Sesame Seed Antigen Mast 7-Class,ISBDAGNT,C42647,N,C181169,ISBDAGT,,,C199877,SESAME SEED ANTIGEN,Qualifier,ISBDAGNT,is the substance bound to the analyte in,IS_ATTRIBUTE_FOR,ISTESTCD,,,,,N,N,,,EQ,
2026-07-14,C181398,3-4,,IS,IS.ISTESTCD,ARIGEABSSMAST72,Allergen-induced IgE Antibody for Sesame Seed Antigen Mast 7-Class,ISTSTDTL,C117062,N,C189267,ISFTSDTL,,,C202374,MAST 7-CLASS,Qualifier,ISTSTDTL,further describes the test in,SPECIFIES,ISTESTCD,,,,,N,N,,,EQ,
2026-07-14,C181398,3-4,,IS,IS.ISTESTCD,ARIGEABSSMAST72,Allergen-induced IgE Antibody for Sesame Seed Antigen Mast 7-Class,ISCAT,C25372,N,,,,,,,Qualifier,ISCAT,groups values in,GROUPS,ISTESTCD,,,,,N,N,,,,
2026-07-14,C181398,3-4,,IS,IS.ISTESTCD,ARIGEABSSMAST72,Allergen-induced IgE Antibody for Sesame Seed Antigen Mast 7-Class,ISSCAT,C25692,N,,,,,,,Qualifier,ISSCAT,values are grouped by,IS_GROUPED_BY,ISCAT,,,,,N,N,,,,
2026-07-14,C181398,3-4,,IS,IS.ISTESTCD,ARIGEABSSMAST72,Allergen-induced IgE Antibody for Sesame Seed Antigen Mast 7-Class,ISORRES,C46126,N,,,,CLASS 0;CLASS 1;CLASS 2;CLASS 3;CLASS 4;CLASS 5;CLASS 6,,,Qualifier,ISORRES,is the result of the test in,IS_RESULT_OF,ISTESTCD,text,10.0,,,Y,Y,Collected,Vendor,,Y
2026-07-14,C181398,3-4,,IS,IS.ISTESTCD,ARIGEABSSMAST72,Allergen-induced IgE Antibody for Sesame Seed Antigen Mast 7-Class,ISSTRESC,C46126,N,,,,0;1;2;3;4;5;6,,,Qualifier,ISSTRESC,is the result of the test in,IS_RESULT_OF,ISTESTCD,integer,1.0,,,Y,Y,Derived,Vendor,,Y
2026-07-14,C181398,3-4,,IS,IS.ISTESTCD,ARIGEABSSMAST72,Allergen-induced IgE Antibody for Sesame Seed Antigen Mast 7-Class,ISSTRESN,C46126,N,,,,0;1;2;3;4;5;6,,,Qualifier,ISSTRESN,is the result of the test in,IS_RESULT_OF,ISTESTCD,integer,1.0,,,Y,Y,Derived,Vendor,,Y
2026-07-14,C181398,3-4,,IS,IS.ISTESTCD,ARIGEABSSMAST72,Allergen-induced IgE Antibody for Sesame Seed Antigen Mast 7-Class,ISSPEC,C70713,N,C78734,SPECTYPE,,,C13325,SERUM,Qualifier,ISSPEC,is the specimen tested in,IS_SPECIMEN_TESTED_IN,ISTESTCD,,,,,N,N,,,EQ,
2026-07-14,C181398,3-4,,IS,IS.ISTESTCD,ARIGEABSSMAST72,Allergen-induced IgE Antibody for Sesame Seed Antigen Mast 7-Class,ISMETHOD,C82535,N,C85492,METHOD,,,C111235,IMMUNOCHEMILUMINOMETRIC ASSAY,Qualifier,ISMETHOD,is the method for the test in,SPECIFIES,ISTESTCD,,,,,N,N,,,EQ,
2026-07-14,C181398,3-4,,IS,IS.ISTESTCD,ARIGEABSSMAST72,Allergen-induced IgE Antibody for Sesame Seed Antigen Mast 7-Class,ISDTC,C82515,N,,,,,,,Timing,ISDTC,is the date of occurrence for,IS_TIMING_FOR,ISTESTCD,,,,,Y,Y,Collected,Investigator,,
2026-07-14,C181398,3-4,,IS,IS.ISTESTCD,ARIGEABTAMAST7,Allergen-induced IgE Antibody for Triticum Aestivum Antigen Mast 7-Class,ISTESTCD,,N,C120525,ISTESTCD,,,C181398,ARIGEAB,Topic,ISTESTCD,is the code for the value in,IS_DECODED_BY,ISTEST,,,,,Y,Y,Assigned,Sponsor,EQ,
2026-07-14,C181398,3-4,,IS,IS.ISTESTCD,ARIGEABTAMAST7,Allergen-induced IgE Antibody for Triticum Aestivum Antigen Mast 7-Class,ISTEST,,N,C120526,ISTEST,,,C181398,Allergen-induced IgE Antibody,Qualifier,ISTEST,decodes the value in,DECODES,ISTESTCD,,,,,Y,Y,Assigned,Sponsor,,
2026-07-14,C181398,3-4,,IS,IS.ISTESTCD,ARIGEABTAMAST7,Allergen-induced IgE Antibody for Triticum Aestivum Antigen Mast 7-Class,ISBDAGNT,C42647,N,C181169,ISBDAGT,,,C189472,TRITICUM AESTIVUM ANTIGEN,Qualifier,ISBDAGNT,is the substance bound to the analyte in,IS_ATTRIBUTE_FOR,ISTESTCD,,,,,N,N,,,EQ,
2026-07-14,C181398,3-4,,IS,IS.ISTESTCD,ARIGEABTAMAST7,Allergen-induced IgE Antibody for Triticum Aestivum Antigen Mast 7-Class,ISTSTDTL,C117062,N,C189267,ISFTSDTL,,,C202374,MAST 7-CLASS,Qualifier,ISTSTDTL,further describes the test in,SPECIFIES,ISTESTCD,,,,,N,N,,,EQ,
2026-07-14,C181398,3-4,,IS,IS.ISTESTCD,ARIGEABTAMAST7,Allergen-induced IgE Antibody for Triticum Aestivum Antigen Mast 7-Class,ISCAT,C25372,N,,,,,,,Qualifier,ISCAT,groups values in,GROUPS,ISTESTCD,,,,,N,N,,,,
2026-07-14,C181398,3-4,,IS,IS.ISTESTCD,ARIGEABTAMAST7,Allergen-induced IgE Antibody for Triticum Aestivum Antigen Mast 7-Class,ISSCAT,C25692,N,,,,,,,Qualifier,ISSCAT,values are grouped by,IS_GROUPED_BY,ISCAT,,,,,N,N,,,,
2026-07-14,C181398,3-4,,IS,IS.ISTESTCD,ARIGEABTAMAST7,Allergen-induced IgE Antibody for Triticum Aestivum Antigen Mast 7-Class,ISORRES,C46126,N,,,,CLASS 0;CLASS 1;CLASS 2;CLASS 3;CLASS 4;CLASS 5;CLASS 6,,,Qualifier,ISORRES,is the result of the test in,IS_RESULT_OF,ISTESTCD,text,10.0,,,Y,Y,Collected,Vendor,,Y
2026-07-14,C181398,3-4,,IS,IS.ISTESTCD,ARIGEABTAMAST7,Allergen-induced IgE Antibody for Triticum Aestivum Antigen Mast 7-Class,ISSTRESC,C46126,N,,,,0;1;2;3;4;5;6,,,Qualifier,ISSTRESC,is the result of the test in,IS_RESULT_OF,ISTESTCD,integer,1.0,,,Y,Y,Derived,Vendor,,Y
2026-07-14,C181398,3-4,,IS,IS.ISTESTCD,ARIGEABTAMAST7,Allergen-induced IgE Antibody for Triticum Aestivum Antigen Mast 7-Class,ISSTRESN,C46126,N,,,,0;1;2;3;4;5;6,,,Qualifier,ISSTRESN,is the result of the test in,IS_RESULT_OF,ISTESTCD,integer,1.0,,,Y,Y,Derived,Vendor,,Y
2026-07-14,C181398,3-4,,IS,IS.ISTESTCD,ARIGEABTAMAST7,Allergen-induced IgE Antibody for Triticum Aestivum Antigen Mast 7-Class,ISSPEC,C70713,N,C78734,SPECTYPE,,,C13325,SERUM,Qualifier,ISSPEC,is the specimen tested in,IS_SPECIMEN_TESTED_IN,ISTESTCD,,,,,N,N,,,EQ,
2026-07-14,C181398,3-4,,IS,IS.ISTESTCD,ARIGEABTAMAST7,Allergen-induced IgE Antibody for Triticum Aestivum Antigen Mast 7-Class,ISMETHOD,C82535,N,C85492,METHOD,,,C111235,IMMUNOCHEMILUMINOMETRIC ASSAY,Qualifier,ISMETHOD,is the method for the test in,SPECIFIES,ISTESTCD,,,,,N,N,,,EQ,
2026-07-14,C181398,3-4,,IS,IS.ISTESTCD,ARIGEABTAMAST7,Allergen-induced IgE Antibody for Triticum Aestivum Antigen Mast 7-Class,ISDTC,C82515,N,,,,,,,Timing,ISDTC,is the date of occurrence for,IS_TIMING_FOR,ISTESTCD,,,,,Y,Y,Collected,Investigator,,
2026-07-14,C181398,3-4,,IS,IS.ISTESTCD,ARIGEABTAMAST72,Allergen-induced IgE Antibody for Thunnus Albacares Antigen Mast 7-Class,ISTESTCD,,N,C120525,ISTESTCD,,,C181398,ARIGEAB,Topic,ISTESTCD,is the code for the value in,IS_DECODED_BY,ISTEST,,,,,Y,Y,Assigned,Sponsor,EQ,
2026-07-14,C181398,3-4,,IS,IS.ISTESTCD,ARIGEABTAMAST72,Allergen-induced IgE Antibody for Thunnus Albacares Antigen Mast 7-Class,ISTEST,,N,C120526,ISTEST,,,C181398,Allergen-induced IgE Antibody,Qualifier,ISTEST,decodes the value in,DECODES,ISTESTCD,,,,,Y,Y,Assigned,Sponsor,,
2026-07-14,C181398,3-4,,IS,IS.ISTESTCD,ARIGEABTAMAST72,Allergen-induced IgE Antibody for Thunnus Albacares Antigen Mast 7-Class,ISBDAGNT,C42647,N,C181169,ISBDAGT,,,C202369,THUNNUS ALBACARES ANTIGEN,Qualifier,ISBDAGNT,is the substance bound to the analyte in,IS_ATTRIBUTE_FOR,ISTESTCD,,,,,N,N,,,EQ,
2026-07-14,C181398,3-4,,IS,IS.ISTESTCD,ARIGEABTAMAST72,Allergen-induced IgE Antibody for Thunnus Albacares Antigen Mast 7-Class,ISTSTDTL,C117062,N,C189267,ISFTSDTL,,,C202374,MAST 7-CLASS,Qualifier,ISTSTDTL,further describes the test in,SPECIFIES,ISTESTCD,,,,,N,N,,,EQ,
2026-07-14,C181398,3-4,,IS,IS.ISTESTCD,ARIGEABTAMAST72,Allergen-induced IgE Antibody for Thunnus Albacares Antigen Mast 7-Class,ISCAT,C25372,N,,,,,,,Qualifier,ISCAT,groups values in,GROUPS,ISTESTCD,,,,,N,N,,,,
2026-07-14,C181398,3-4,,IS,IS.ISTESTCD,ARIGEABTAMAST72,Allergen-induced IgE Antibody for Thunnus Albacares Antigen Mast 7-Class,ISSCAT,C25692,N,,,,,,,Qualifier,ISSCAT,values are grouped by,IS_GROUPED_BY,ISCAT,,,,,N,N,,,,
2026-07-14,C181398,3-4,,IS,IS.ISTESTCD,ARIGEABTAMAST72,Allergen-induced IgE Antibody for Thunnus Albacares Antigen Mast 7-Class,ISORRES,C46126,N,,,,CLASS 0;CLASS 1;CLASS 2;CLASS 3;CLASS 4;CLASS 5;CLASS 6,,,Qualifier,ISORRES,is the result of the test in,IS_RESULT_OF,ISTESTCD,text,10.0,,,Y,Y,Collected,Vendor,,Y
2026-07-14,C181398,3-4,,IS,IS.ISTESTCD,ARIGEABTAMAST72,Allergen-induced IgE Antibody for Thunnus Albacares Antigen Mast 7-Class,ISSTRESC,C46126,N,,,,0;1;2;3;4;5;6,,,Qualifier,ISSTRESC,is the result of the test in,IS_RESULT_OF,ISTESTCD,integer,1.0,,,Y,Y,Derived,Vendor,,Y
2026-07-14,C181398,3-4,,IS,IS.ISTESTCD,ARIGEABTAMAST72,Allergen-induced IgE Antibody for Thunnus Albacares Antigen Mast 7-Class,ISSTRESN,C46126,N,,,,0;1;2;3;4;5;6,,,Qualifier,ISSTRESN,is the result of the test in,IS_RESULT_OF,ISTESTCD,integer,1.0,,,Y,Y,Derived,Vendor,,Y
2026-07-14,C181398,3-4,,IS,IS.ISTESTCD,ARIGEABTAMAST72,Allergen-induced IgE Antibody for Thunnus Albacares Antigen Mast 7-Class,ISSPEC,C70713,N,C78734,SPECTYPE,,,C13325,SERUM,Qualifier,ISSPEC,is the specimen tested in,IS_SPECIMEN_TESTED_IN,ISTESTCD,,,,,N,N,,,EQ,
2026-07-14,C181398,3-4,,IS,IS.ISTESTCD,ARIGEABTAMAST72,Allergen-induced IgE Antibody for Thunnus Albacares Antigen Mast 7-Class,ISMETHOD,C82535,N,C85492,METHOD,,,C111235,IMMUNOCHEMILUMINOMETRIC ASSAY,Qualifier,ISMETHOD,is the method for the test in,SPECIFIES,ISTESTCD,,,,,N,N,,,EQ,
2026-07-14,C181398,3-4,,IS,IS.ISTESTCD,ARIGEABTAMAST72,Allergen-induced IgE Antibody for Thunnus Albacares Antigen Mast 7-Class,ISDTC,C82515,N,,,,,,,Timing,ISDTC,is the date of occurrence for,IS_TIMING_FOR,ISTESTCD,,,,,Y,Y,Collected,Investigator,,
2026-07-14,C181398,3-4,,IS,IS.ISTESTCD,ARIGEABTGMAST7,Allergen-induced IgE Antibody for Timothy Grass Pollen Mast 7-Class,ISTESTCD,,N,C120525,ISTESTCD,,,C181398,ARIGEAB,Topic,ISTESTCD,is the code for the value in,IS_DECODED_BY,ISTEST,,,,,Y,Y,Assigned,Sponsor,EQ,
2026-07-14,C181398,3-4,,IS,IS.ISTESTCD,ARIGEABTGMAST7,Allergen-induced IgE Antibody for Timothy Grass Pollen Mast 7-Class,ISTEST,,N,C120526,ISTEST,,,C181398,Allergen-induced IgE Antibody,Qualifier,ISTEST,decodes the value in,DECODES,ISTESTCD,,,,,Y,Y,Assigned,Sponsor,,
2026-07-14,C181398,3-4,,IS,IS.ISTESTCD,ARIGEABTGMAST7,Allergen-induced IgE Antibody for Timothy Grass Pollen Mast 7-Class,ISBDAGNT,C42647,N,C181169,ISBDAGT,,,C189487,TIMOTHY GRASS POLLEN,Qualifier,ISBDAGNT,is the substance bound to the analyte in,IS_ATTRIBUTE_FOR,ISTESTCD,,,,,N,N,,,EQ,
2026-07-14,C181398,3-4,,IS,IS.ISTESTCD,ARIGEABTGMAST7,Allergen-induced IgE Antibody for Timothy Grass Pollen Mast 7-Class,ISTSTDTL,C117062,N,C189267,ISFTSDTL,,,C202374,MAST 7-CLASS,Qualifier,ISTSTDTL,further describes the test in,SPECIFIES,ISTESTCD,,,,,N,N,,,EQ,
2026-07-14,C181398,3-4,,IS,IS.ISTESTCD,ARIGEABTGMAST7,Allergen-induced IgE Antibody for Timothy Grass Pollen Mast 7-Class,ISCAT,C25372,N,,,,,,,Qualifier,ISCAT,groups values in,GROUPS,ISTESTCD,,,,,N,N,,,,
2026-07-14,C181398,3-4,,IS,IS.ISTESTCD,ARIGEABTGMAST7,Allergen-induced IgE Antibody for Timothy Grass Pollen Mast 7-Class,ISSCAT,C25692,N,,,,,,,Qualifier,ISSCAT,values are grouped by,IS_GROUPED_BY,ISCAT,,,,,N,N,,,,
2026-07-14,C181398,3-4,,IS,IS.ISTESTCD,ARIGEABTGMAST7,Allergen-induced IgE Antibody for Timothy Grass Pollen Mast 7-Class,ISORRES,C46126,N,,,,CLASS 0;CLASS 1;CLASS 2;CLASS 3;CLASS 4;CLASS 5;CLASS 6,,,Qualifier,ISORRES,is the result of the test in,IS_RESULT_OF,ISTESTCD,text,10.0,,,Y,Y,Collected,Vendor,,Y
2026-07-14,C181398,3-4,,IS,IS.ISTESTCD,ARIGEABTGMAST7,Allergen-induced IgE Antibody for Timothy Grass Pollen Mast 7-Class,ISSTRESC,C46126,N,,,,0;1;2;3;4;5;6,,,Qualifier,ISSTRESC,is the result of the test in,IS_RESULT_OF,ISTESTCD,integer,1.0,,,Y,Y,Derived,Vendor,,Y
2026-07-14,C181398,3-4,,IS,IS.ISTESTCD,ARIGEABTGMAST7,Allergen-induced IgE Antibody for Timothy Grass Pollen Mast 7-Class,ISSTRESN,C46126,N,,,,0;1;2;3;4;5;6,,,Qualifier,ISSTRESN,is the result of the test in,IS_RESULT_OF,ISTESTCD,integer,1.0,,,Y,Y,Derived,Vendor,,Y
2026-07-14,C181398,3-4,,IS,IS.ISTESTCD,ARIGEABTGMAST7,Allergen-induced IgE Antibody for Timothy Grass Pollen Mast 7-Class,ISSPEC,C70713,N,C78734,SPECTYPE,,,C13325,SERUM,Qualifier,ISSPEC,is the specimen tested in,IS_SPECIMEN_TESTED_IN,ISTESTCD,,,,,N,N,,,EQ,
2026-07-14,C181398,3-4,,IS,IS.ISTESTCD,ARIGEABTGMAST7,Allergen-induced IgE Antibody for Timothy Grass Pollen Mast 7-Class,ISMETHOD,C82535,N,C85492,METHOD,,,C111235,IMMUNOCHEMILUMINOMETRIC ASSAY,Qualifier,ISMETHOD,is the method for the test in,SPECIFIES,ISTESTCD,,,,,N,N,,,EQ,
2026-07-14,C181398,3-4,,IS,IS.ISTESTCD,ARIGEABTGMAST7,Allergen-induced IgE Antibody for Timothy Grass Pollen Mast 7-Class,ISDTC,C82515,N,,,,,,,Timing,ISDTC,is the date of occurrence for,IS_TIMING_FOR,ISTESTCD,,,,,Y,Y,Collected,Investigator,,
2026-07-14,C181398,3-4,,IS,IS.ISTESTCD,ARIGEABTMAST7,Allergen-induced IgE Antibody for Tomato Antigen Mast 7-Class,ISTESTCD,,N,C120525,ISTESTCD,,,C181398,ARIGEAB,Topic,ISTESTCD,is the code for the value in,IS_DECODED_BY,ISTEST,,,,,Y,Y,Assigned,Sponsor,EQ,
2026-07-14,C181398,3-4,,IS,IS.ISTESTCD,ARIGEABTMAST7,Allergen-induced IgE Antibody for Tomato Antigen Mast 7-Class,ISTEST,,N,C120526,ISTEST,,,C181398,Allergen-induced IgE Antibody,Qualifier,ISTEST,decodes the value in,DECODES,ISTESTCD,,,,,Y,Y,Assigned,Sponsor,,
2026-07-14,C181398,3-4,,IS,IS.ISTESTCD,ARIGEABTMAST7,Allergen-induced IgE Antibody for Tomato Antigen Mast 7-Class,ISBDAGNT,C42647,N,C181169,ISBDAGT,,,C202356,TOMATO ANTIGEN,Qualifier,ISBDAGNT,is the substance bound to the analyte in,IS_ATTRIBUTE_FOR,ISTESTCD,,,,,N,N,,,EQ,
2026-07-14,C181398,3-4,,IS,IS.ISTESTCD,ARIGEABTMAST7,Allergen-induced IgE Antibody for Tomato Antigen Mast 7-Class,ISTSTDTL,C117062,N,C189267,ISFTSDTL,,,C202374,MAST 7-CLASS,Qualifier,ISTSTDTL,further describes the test in,SPECIFIES,ISTESTCD,,,,,N,N,,,EQ,
2026-07-14,C181398,3-4,,IS,IS.ISTESTCD,ARIGEABTMAST7,Allergen-induced IgE Antibody for Tomato Antigen Mast 7-Class,ISCAT,C25372,N,,,,,,,Qualifier,ISCAT,groups values in,GROUPS,ISTESTCD,,,,,N,N,,,,
2026-07-14,C181398,3-4,,IS,IS.ISTESTCD,ARIGEABTMAST7,Allergen-induced IgE Antibody for Tomato Antigen Mast 7-Class,ISSCAT,C25692,N,,,,,,,Qualifier,ISSCAT,values are grouped by,IS_GROUPED_BY,ISCAT,,,,,N,N,,,,
2026-07-14,C181398,3-4,,IS,IS.ISTESTCD,ARIGEABTMAST7,Allergen-induced IgE Antibody for Tomato Antigen Mast 7-Class,ISORRES,C46126,N,,,,CLASS 0;CLASS 1;CLASS 2;CLASS 3;CLASS 4;CLASS 5;CLASS 6,,,Qualifier,ISORRES,is the result of the test in,IS_RESULT_OF,ISTESTCD,text,10.0,,,Y,Y,Collected,Vendor,,Y
2026-07-14,C181398,3-4,,IS,IS.ISTESTCD,ARIGEABTMAST7,Allergen-induced IgE Antibody for Tomato Antigen Mast 7-Class,ISSTRESC,C46126,N,,,,0;1;2;3;4;5;6,,,Qualifier,ISSTRESC,is the result of the test in,IS_RESULT_OF,ISTESTCD,integer,1.0,,,Y,Y,Derived,Vendor,,Y
2026-07-14,C181398,3-4,,IS,IS.ISTESTCD,ARIGEABTMAST7,Allergen-induced IgE Antibody for Tomato Antigen Mast 7-Class,ISSTRESN,C46126,N,,,,0;1;2;3;4;5;6,,,Qualifier,ISSTRESN,is the result of the test in,IS_RESULT_OF,ISTESTCD,integer,1.0,,,Y,Y,Derived,Vendor,,Y
2026-07-14,C181398,3-4,,IS,IS.ISTESTCD,ARIGEABTMAST7,Allergen-induced IgE Antibody for Tomato Antigen Mast 7-Class,ISSPEC,C70713,N,C78734,SPECTYPE,,,C13325,SERUM,Qualifier,ISSPEC,is the specimen tested in,IS_SPECIMEN_TESTED_IN,ISTESTCD,,,,,N,N,,,EQ,
2026-07-14,C181398,3-4,,IS,IS.ISTESTCD,ARIGEABTMAST7,Allergen-induced IgE Antibody for Tomato Antigen Mast 7-Class,ISMETHOD,C82535,N,C85492,METHOD,,,C111235,IMMUNOCHEMILUMINOMETRIC ASSAY,Qualifier,ISMETHOD,is the method for the test in,SPECIFIES,ISTESTCD,,,,,N,N,,,EQ,
2026-07-14,C181398,3-4,,IS,IS.ISTESTCD,ARIGEABTMAST7,Allergen-induced IgE Antibody for Tomato Antigen Mast 7-Class,ISDTC,C82515,N,,,,,,,Timing,ISDTC,is the date of occurrence for,IS_TIMING_FOR,ISTESTCD,,,,,Y,Y,Collected,Investigator,,
2026-07-14,C181398,3-4,,IS,IS.ISTESTCD,ARIGEABWBMAST7,Allergen-induced IgE Antibody for White Birch Pollen Mast 7-Class,ISTESTCD,,N,C120525,ISTESTCD,,,C181398,ARIGEAB,Topic,ISTESTCD,is the code for the value in,IS_DECODED_BY,ISTEST,,,,,Y,Y,Assigned,Sponsor,EQ,
2026-07-14,C181398,3-4,,IS,IS.ISTESTCD,ARIGEABWBMAST7,Allergen-induced IgE Antibody for White Birch Pollen Mast 7-Class,ISTEST,,N,C120526,ISTEST,,,C181398,Allergen-induced IgE Antibody,Qualifier,ISTEST,decodes the value in,DECODES,ISTESTCD,,,,,Y,Y,Assigned,Sponsor,,
2026-07-14,C181398,3-4,,IS,IS.ISTESTCD,ARIGEABWBMAST7,Allergen-induced IgE Antibody for White Birch Pollen Mast 7-Class,ISBDAGNT,C42647,N,C181169,ISBDAGT,,,C202370,WHITE BIRCH POLLEN,Qualifier,ISBDAGNT,is the substance bound to the analyte in,IS_ATTRIBUTE_FOR,ISTESTCD,,,,,N,N,,,EQ,
2026-07-14,C181398,3-4,,IS,IS.ISTESTCD,ARIGEABWBMAST7,Allergen-induced IgE Antibody for White Birch Pollen Mast 7-Class,ISTSTDTL,C117062,N,C189267,ISFTSDTL,,,C202374,MAST 7-CLASS,Qualifier,ISTSTDTL,further describes the test in,SPECIFIES,ISTESTCD,,,,,N,N,,,EQ,
2026-07-14,C181398,3-4,,IS,IS.ISTESTCD,ARIGEABWBMAST7,Allergen-induced IgE Antibody for White Birch Pollen Mast 7-Class,ISCAT,C25372,N,,,,,,,Qualifier,ISCAT,groups values in,GROUPS,ISTESTCD,,,,,N,N,,,,
2026-07-14,C181398,3-4,,IS,IS.ISTESTCD,ARIGEABWBMAST7,Allergen-induced IgE Antibody for White Birch Pollen Mast 7-Class,ISSCAT,C25692,N,,,,,,,Qualifier,ISSCAT,values are grouped by,IS_GROUPED_BY,ISCAT,,,,,N,N,,,,
2026-07-14,C181398,3-4,,IS,IS.ISTESTCD,ARIGEABWBMAST7,Allergen-induced IgE Antibody for White Birch Pollen Mast 7-Class,ISORRES,C46126,N,,,,CLASS 0;CLASS 1;CLASS 2;CLASS 3;CLASS 4;CLASS 5;CLASS 6,,,Qualifier,ISORRES,is the result of the test in,IS_RESULT_OF,ISTESTCD,text,10.0,,,Y,Y,Collected,Vendor,,Y
2026-07-14,C181398,3-4,,IS,IS.ISTESTCD,ARIGEABWBMAST7,Allergen-induced IgE Antibody for White Birch Pollen Mast 7-Class,ISSTRESC,C46126,N,,,,0;1;2;3;4;5;6,,,Qualifier,ISSTRESC,is the result of the test in,IS_RESULT_OF,ISTESTCD,integer,1.0,,,Y,Y,Derived,Vendor,,Y
2026-07-14,C181398,3-4,,IS,IS.ISTESTCD,ARIGEABWBMAST7,Allergen-induced IgE Antibody for White Birch Pollen Mast 7-Class,ISSTRESN,C46126,N,,,,0;1;2;3;4;5;6,,,Qualifier,ISSTRESN,is the result of the test in,IS_RESULT_OF,ISTESTCD,integer,1.0,,,Y,Y,Derived,Vendor,,Y
2026-07-14,C181398,3-4,,IS,IS.ISTESTCD,ARIGEABWBMAST7,Allergen-induced IgE Antibody for White Birch Pollen Mast 7-Class,ISSPEC,C70713,N,C78734,SPECTYPE,,,C13325,SERUM,Qualifier,ISSPEC,is the specimen tested in,IS_SPECIMEN_TESTED_IN,ISTESTCD,,,,,N,N,,,EQ,
2026-07-14,C181398,3-4,,IS,IS.ISTESTCD,ARIGEABWBMAST7,Allergen-induced IgE Antibody for White Birch Pollen Mast 7-Class,ISMETHOD,C82535,N,C85492,METHOD,,,C111235,IMMUNOCHEMILUMINOMETRIC ASSAY,Qualifier,ISMETHOD,is the method for the test in,SPECIFIES,ISTESTCD,,,,,N,N,,,EQ,
2026-07-14,C181398,3-4,,IS,IS.ISTESTCD,ARIGEABWBMAST7,Allergen-induced IgE Antibody for White Birch Pollen Mast 7-Class,ISDTC,C82515,N,,,,,,,Timing,ISDTC,is the date of occurrence for,IS_TIMING_FOR,ISTESTCD,,,,,Y,Y,Collected,Investigator,,
2026-07-14,C181398,3-4,,IS,IS.ISTESTCD,ARIGEABWMPMAST7,Allergen-induced IgE Antibody for Weed Mix Pollens Mast 7-Class,ISTESTCD,,N,C120525,ISTESTCD,,,C181398,ARIGEAB,Topic,ISTESTCD,is the code for the value in,IS_DECODED_BY,ISTEST,,,,,Y,Y,Assigned,Sponsor,EQ,
2026-07-14,C181398,3-4,,IS,IS.ISTESTCD,ARIGEABWMPMAST7,Allergen-induced IgE Antibody for Weed Mix Pollens Mast 7-Class,ISTEST,,N,C120526,ISTEST,,,C181398,Allergen-induced IgE Antibody,Qualifier,ISTEST,decodes the value in,DECODES,ISTESTCD,,,,,Y,Y,Assigned,Sponsor,,
2026-07-14,C181398,3-4,,IS,IS.ISTESTCD,ARIGEABWMPMAST7,Allergen-induced IgE Antibody for Weed Mix Pollens Mast 7-Class,ISBDAGNT,C42647,N,C181169,ISBDAGT,,,C189473,WEED MIX POLLENS,Qualifier,ISBDAGNT,is the substance bound to the analyte in,IS_ATTRIBUTE_FOR,ISTESTCD,,,,,N,N,,,EQ,
2026-07-14,C181398,3-4,,IS,IS.ISTESTCD,ARIGEABWMPMAST7,Allergen-induced IgE Antibody for Weed Mix Pollens Mast 7-Class,ISTSTDTL,C117062,N,C189267,ISFTSDTL,,,C202374,MAST 7-CLASS,Qualifier,ISTSTDTL,further describes the test in,SPECIFIES,ISTESTCD,,,,,N,N,,,EQ,
2026-07-14,C181398,3-4,,IS,IS.ISTESTCD,ARIGEABWMPMAST7,Allergen-induced IgE Antibody for Weed Mix Pollens Mast 7-Class,ISCAT,C25372,N,,,,,,,Qualifier,ISCAT,groups values in,GROUPS,ISTESTCD,,,,,N,N,,,,
2026-07-14,C181398,3-4,,IS,IS.ISTESTCD,ARIGEABWMPMAST7,Allergen-induced IgE Antibody for Weed Mix Pollens Mast 7-Class,ISSCAT,C25692,N,,,,,,,Qualifier,ISSCAT,values are grouped by,IS_GROUPED_BY,ISCAT,,,,,N,N,,,,
2026-07-14,C181398,3-4,,IS,IS.ISTESTCD,ARIGEABWMPMAST7,Allergen-induced IgE Antibody for Weed Mix Pollens Mast 7-Class,ISORRES,C46126,N,,,,CLASS 0;CLASS 1;CLASS 2;CLASS 3;CLASS 4;CLASS 5;CLASS 6,,,Qualifier,ISORRES,is the result of the test in,IS_RESULT_OF,ISTESTCD,text,10.0,,,Y,Y,Collected,Vendor,,Y
2026-07-14,C181398,3-4,,IS,IS.ISTESTCD,ARIGEABWMPMAST7,Allergen-induced IgE Antibody for Weed Mix Pollens Mast 7-Class,ISSTRESC,C46126,N,,,,0;1;2;3;4;5;6,,,Qualifier,ISSTRESC,is the result of the test in,IS_RESULT_OF,ISTESTCD,integer,1.0,,,Y,Y,Derived,Vendor,,Y
2026-07-14,C181398,3-4,,IS,IS.ISTESTCD,ARIGEABWMPMAST7,Allergen-induced IgE Antibody for Weed Mix Pollens Mast 7-Class,ISSTRESN,C46126,N,,,,0;1;2;3;4;5;6,,,Qualifier,ISSTRESN,is the result of the test in,IS_RESULT_OF,ISTESTCD,integer,1.0,,,Y,Y,Derived,Vendor,,Y
2026-07-14,C181398,3-4,,IS,IS.ISTESTCD,ARIGEABWMPMAST7,Allergen-induced IgE Antibody for Weed Mix Pollens Mast 7-Class,ISSPEC,C70713,N,C78734,SPECTYPE,,,C13325,SERUM,Qualifier,ISSPEC,is the specimen tested in,IS_SPECIMEN_TESTED_IN,ISTESTCD,,,,,N,N,,,EQ,
2026-07-14,C181398,3-4,,IS,IS.ISTESTCD,ARIGEABWMPMAST7,Allergen-induced IgE Antibody for Weed Mix Pollens Mast 7-Class,ISMETHOD,C82535,N,C85492,METHOD,,,C111235,IMMUNOCHEMILUMINOMETRIC ASSAY,Qualifier,ISMETHOD,is the method for the test in,SPECIFIES,ISTESTCD,,,,,N,N,,,EQ,
2026-07-14,C181398,3-4,,IS,IS.ISTESTCD,ARIGEABWMPMAST7,Allergen-induced IgE Antibody for Weed Mix Pollens Mast 7-Class,ISDTC,C82515,N,,,,,,,Timing,ISDTC,is the date of occurrence for,IS_TIMING_FOR,ISTESTCD,,,,,Y,Y,Collected,Investigator,,
2026-07-14,C64840,3-2,,LB,LB.LBTESTCD,MGSERPL,Magnesium in Serum or Plasma,LBTESTCD,,N,C65047,LBTESTCD,,,C64840,MG,Topic,LBTESTCD,is the code for the value in,IS_DECODED_BY,LBTEST,,,,,Y,Y,Assigned,Sponsor,EQ,
2026-07-14,C64840,3-2,,LB,LB.LBTESTCD,MGSERPL,Magnesium in Serum or Plasma,LBTEST,,N,C67154,LBTEST,,,C64840,Magnesium,Qualifier,LBTEST,decodes the value in,DECODES,LBTESTCD,,,,,Y,Y,Assigned,Sponsor,,
2026-07-14,C64840,3-2,,LB,LB.LBTESTCD,MGSERPL,Magnesium in Serum or Plasma,LBCAT,,N,,,,,,CHEMISTRY,Qualifier,LBCAT,groups values in,GROUPS,LBTESTCD,,,,,Y,N,,,,
2026-07-14,C64840,3-2,,LB,LB.LBTESTCD,MGSERPL,Magnesium in Serum or Plasma,LBORRES,C70856,N,,,,,,,Qualifier,LBORRES,is the result of the test in,IS_RESULT_OF,LBTESTCD,float,12.0,12.4,4.0,Y,N,Collected,Vendor,,Y
2026-07-14,C64840,3-2,,LB,LB.LBTESTCD,MGSERPL,Magnesium in Serum or Plasma,LBORRESU,C48207,N,C71620,UNIT,,mg/dL;mg/L;mmol/L;umol/L;mEq/L,,,Qualifier,LBORRESU,is the unit for the value in,IS_UNIT_FOR,LBORRES,text,20.0,,,Y,N,Collected,Vendor,,Y
2026-07-14,C64840,3-2,,LB,LB.LBTESTCD,MGSERPL,Magnesium in Serum or Plasma,LBSTRESC,C70856,N,,,,,,,Qualifier,LBSTRESC,is the result of the test in,IS_RESULT_OF,LBTESTCD,float,12.0,12.4,4.0,Y,N,Derived,Vendor,,Y
2026-07-14,C64840,3-2,,LB,LB.LBTESTCD,MGSERPL,Magnesium in Serum or Plasma,LBSTRESN,C70856,N,,,,,,,Qualifier,LBSTRESN,is the result of the test in,IS_RESULT_OF,LBTESTCD,float,12.0,12.4,4.0,Y,N,Derived,Vendor,,Y
2026-07-14,C64840,3-2,,LB,LB.LBTESTCD,MGSERPL,Magnesium in Serum or Plasma,LBSTRESU,C48207,N,C71620,UNIT,,,C64387,mmol/L,Qualifier,LBSTRESU,is the unit for the value in,IS_UNIT_FOR,LBSTRESN,text,20.0,,,Y,N,Assigned,Vendor,,Y
2026-07-14,C64840,3-2,,LB,LB.LBTESTCD,MGSERPL,Magnesium in Serum or Plasma,LBLOINC,,N,,,,19123-9;2601-3,,,Qualifier,LBLOINC,identifies an observation described by,IDENTIFIES_OBSERVATION,LBTESTCD,,,,,N,N,,,,
2026-07-14,C64840,3-2,,LB,LB.LBTESTCD,MGSERPL,Magnesium in Serum or Plasma,LBSPEC,C70713,N,C78734,SPECTYPE,,,C105706,SERUM OR PLASMA,Qualifier,LBSPEC,is the specimen tested in,IS_SPECIMEN_TESTED_IN,LBTESTCD,,,,,Y,N,,,EQ,
2026-07-14,C64840,3-2,,LB,LB.LBTESTCD,MGSERPL,Magnesium in Serum or Plasma,LBFAST,C93566,N,C66742,NY,NY_NY,N;Y,,,Qualifier,LBFAST,is the subject's fasting status during the performance of the test in,IS_SUBJECT_STATE_FOR,LBTESTCD,,,,,N,N,,,,
2026-07-14,C64840,3-2,,LB,LB.LBTESTCD,MGSERPL,Magnesium in Serum or Plasma,LBDTC,C82515,N,,,,,,,Timing,LBDTC,is the date of occurrence for,IS_TIMING_FOR,LBTESTCD,,,,,Y,N,,,,
2026-07-14,C166039,3-2,,MB,MB.MBTESTCD,HBCAGSERPL,Hepatitis B Virus Core Antigen Concentration in Serum or Plasma,MBTESTCD,,N,C120527,MBTESTCD,,,C166039,HBCAG,Topic,MBTESTCD,is the code for the value in,IS_DECODED_BY,MBTEST,,,,,Y,Y,Assigned,Sponsor,EQ,
2026-07-14,C166039,3-2,,MB,MB.MBTESTCD,HBCAGSERPL,Hepatitis B Virus Core Antigen Concentration in Serum or Plasma,MBTEST,,N,C120528,MBTEST,,,C166039,Hepatitis B Virus Core Antigen,Qualifier,MBTEST,decodes the value in,DECODES,MBTESTCD,,,,,Y,Y,Assigned,Sponsor,,
2026-07-14,C166039,3-2,,MB,MB.MBTESTCD,HBCAGSERPL,Hepatitis B Virus Core Antigen Concentration in Serum or Plasma,MBTSTDTL,C117062,N,C174225,MBFTSDTL,,,,,Qualifier,MBTSTDTL,further describes the test in,SPECIFIES,MBTESTCD,,,,,N,N,,,,
2026-07-14,C166039,3-2,,MB,MB.MBTESTCD,HBCAGSERPL,Hepatitis B Virus Core Antigen Concentration in Serum or Plasma,MBCAT,,N,,,,SEROLOGY;VIROLOGY,,,Qualifier,MBCAT,groups values in,GROUPS,MBTESTCD,,,,,Y,N,,,,
2026-07-14,C166039,3-2,,MB,MB.MBTESTCD,HBCAGSERPL,Hepatitis B Virus Core Antigen Concentration in Serum or Plasma,MBORRES,C70856,N,,,,,,,Qualifier,MBORRES,is the result of the test in,IS_RESULT_OF,MBTESTCD,float,12.0,12.4,4.0,Y,N,Collected,Vendor,,Y
2026-07-14,C166039,3-2,,MB,MB.MBTESTCD,HBCAGSERPL,Hepatitis B Virus Core Antigen Concentration in Serum or Plasma,MBORRESU,C48207,N,C71620,UNIT,,IU/mL,,,Qualifier,MBORRESU,is the unit for the value in,IS_UNIT_FOR,MBORRES,text,20.0,,,Y,N,Collected,Vendor,,Y
2026-07-14,C166039,3-2,,MB,MB.MBTESTCD,HBCAGSERPL,Hepatitis B Virus Core Antigen Concentration in Serum or Plasma,MBSTRESC,C70856,N,,,,,,,Qualifier,MBSTRESC,is the result of the test in,IS_RESULT_OF,MBTESTCD,float,12.0,12.4,4.0,Y,N,Derived,Vendor,,Y
2026-07-14,C166039,3-2,,MB,MB.MBTESTCD,HBCAGSERPL,Hepatitis B Virus Core Antigen Concentration in Serum or Plasma,MBSTRESN,C70856,N,,,,,,,Qualifier,MBSTRESN,is the result of the test in,IS_RESULT_OF,MBTESTCD,float,12.0,12.4,4.0,Y,N,Derived,Vendor,,Y
2026-07-14,C166039,3-2,,MB,MB.MBTESTCD,HBCAGSERPL,Hepatitis B Virus Core Antigen Concentration in Serum or Plasma,MBSTRESU,C48207,N,C71620,UNIT,,,C67377,IU/mL,Qualifier,MBSTRESU,is the unit for the value in,IS_UNIT_FOR,MBSTRESN,text,20.0,,,Y,N,Assigned,Vendor,,Y
2026-07-14,C166039,3-2,,MB,MB.MBTESTCD,HBCAGSERPL,Hepatitis B Virus Core Antigen Concentration in Serum or Plasma,MBSPEC,C70713,N,C78734,SPECTYPE,,,C105706,SERUM OR PLASMA,Qualifier,MBSPEC,is the specimen tested in,IS_SPECIMEN_TESTED_IN,MBTESTCD,,,,,Y,N,,,EQ,
2026-07-14,C166039,3-2,,MB,MB.MBTESTCD,HBCAGSERPL,Hepatitis B Virus Core Antigen Concentration in Serum or Plasma,MBMETHOD,C82535,N,,,,,,,Qualifier,MBMETHOD,is the method for the test in,SPECIFIES,MBTESTCD,,,,,N,N,,,,
2026-07-14,C166039,3-2,,MB,MB.MBTESTCD,HBCAGSERPL,Hepatitis B Virus Core Antigen Concentration in Serum or Plasma,MBDTC,C82515,N,,,,,,,Timing,MBDTC,is the start date for,IS_TIMING_FOR,MBTESTCD,,,,,Y,N,,,,
2026-07-14,C166039,3-2,,MB,MB.MBTESTCD,HBCAGSERPLPRES,Hepatitis B Virus Core Antigen Presence in Serum or Plasma,MBTESTCD,,N,C120527,MBTESTCD,,,C166039,HBCAG,Topic,MBTESTCD,is the code for the value in,IS_DECODED_BY,MBTEST,,,,,Y,Y,Assigned,Sponsor,EQ,
2026-07-14,C166039,3-2,,MB,MB.MBTESTCD,HBCAGSERPLPRES,Hepatitis B Virus Core Antigen Presence in Serum or Plasma,MBTEST,,N,C120528,MBTEST,,,C166039,Hepatitis B Virus Core Antigen,Qualifier,MBTEST,decodes the value in,DECODES,MBTESTCD,,,,,Y,Y,Assigned,Sponsor,,
2026-07-14,C166039,3-2,,MB,MB.MBTESTCD,HBCAGSERPLPRES,Hepatitis B Virus Core Antigen Presence in Serum or Plasma,MBTSTDTL,C117062,N,C174225,MBFTSDTL,,,C174330,DETECTION,Qualifier,MBTSTDTL,further describes the test in,SPECIFIES,MBTESTCD,,,,,N,N,,,EQ,
2026-07-14,C166039,3-2,,MB,MB.MBTESTCD,HBCAGSERPLPRES,Hepatitis B Virus Core Antigen Presence in Serum or Plasma,MBCAT,,N,,,,SEROLOGY;VIROLOGY,,,Qualifier,MBCAT,groups values in,GROUPS,MBTESTCD,,,,,Y,N,,,,
2026-07-14,C166039,3-2,,MB,MB.MBTESTCD,HBCAGSERPLPRES,Hepatitis B Virus Core Antigen Presence in Serum or Plasma,MBORRES,C70856,N,,,,,,,Qualifier,MBORRES,is the result of the test in,IS_RESULT_OF,MBTESTCD,text,20.0,,,Y,N,Collected,Vendor,,Y
2026-07-14,C166039,3-2,,MB,MB.MBTESTCD,HBCAGSERPLPRES,Hepatitis B Virus Core Antigen Presence in Serum or Plasma,MBSTRESC,C70856,N,,,,,,,Qualifier,MBSTRESC,is the result of the test in,IS_RESULT_OF,MBTESTCD,text,20.0,,,Y,N,Derived,Vendor,,Y
2026-07-14,C166039,3-2,,MB,MB.MBTESTCD,HBCAGSERPLPRES,Hepatitis B Virus Core Antigen Presence in Serum or Plasma,MBSPEC,C70713,N,C78734,SPECTYPE,,,C105706,SERUM OR PLASMA,Qualifier,MBSPEC,is the specimen tested in,IS_SPECIMEN_TESTED_IN,MBTESTCD,,,,,Y,N,,,EQ,
2026-07-14,C166039,3-2,,MB,MB.MBTESTCD,HBCAGSERPLPRES,Hepatitis B Virus Core Antigen Presence in Serum or Plasma,MBMETHOD,C82535,N,,,,,,,Qualifier,MBMETHOD,is the method for the test in,SPECIFIES,MBTESTCD,,,,,N,N,,,,
2026-07-14,C166039,3-2,,MB,MB.MBTESTCD,HBCAGSERPLPRES,Hepatitis B Virus Core Antigen Presence in Serum or Plasma,MBDTC,C82515,N,,,,,,,Timing,MBDTC,is the start date for,IS_TIMING_FOR,MBTESTCD,,,,,Y,N,,,,
2026-07-14,C103404,3-2,,MB,MB.MBTESTCD,HBDNASERPL,Hepatitis B Virus DNA Concentration in Serum or Plasma,MBTESTCD,,N,C120527,MBTESTCD,,,C103404,HBDNA,Topic,MBTESTCD,is the code for the value in,IS_DECODED_BY,MBTEST,,,,,Y,Y,Assigned,Sponsor,EQ,
2026-07-14,C103404,3-2,,MB,MB.MBTESTCD,HBDNASERPL,Hepatitis B Virus DNA Concentration in Serum or Plasma,MBTEST,,N,C120528,MBTEST,,,C103404,Hepatitis B Virus DNA,Qualifier,MBTEST,decodes the value in,DECODES,MBTESTCD,,,,,Y,Y,Assigned,Sponsor,,
2026-07-14,C103404,3-2,,MB,MB.MBTESTCD,HBDNASERPL,Hepatitis B Virus DNA Concentration in Serum or Plasma,MBTSTDTL,C117062,N,C174225,MBFTSDTL,,,,,Qualifier,MBTSTDTL,further describes the test in,SPECIFIES,MBTESTCD,,,,,N,N,,,,
2026-07-14,C103404,3-2,,MB,MB.MBTESTCD,HBDNASERPL,Hepatitis B Virus DNA Concentration in Serum or Plasma,MBCAT,,N,,,,SEROLOGY;VIROLOGY,,,Qualifier,MBCAT,groups values in,GROUPS,MBTESTCD,,,,,Y,N,,,,
2026-07-14,C103404,3-2,,MB,MB.MBTESTCD,HBDNASERPL,Hepatitis B Virus DNA Concentration in Serum or Plasma,MBORRES,C70856,N,,,,,,,Qualifier,MBORRES,is the result of the test in,IS_RESULT_OF,MBTESTCD,float,12.0,12.4,4.0,Y,N,Collected,Vendor,,Y
2026-07-14,C103404,3-2,,MB,MB.MBTESTCD,HBDNASERPL,Hepatitis B Virus DNA Concentration in Serum or Plasma,MBORRESU,C48207,N,C71620,UNIT,,IU/mL;ng/L,,,Qualifier,MBORRESU,is the unit for the value in,IS_UNIT_FOR,MBORRES,text,20.0,,,Y,N,Collected,Vendor,,Y
2026-07-14,C103404,3-2,,MB,MB.MBTESTCD,HBDNASERPL,Hepatitis B Virus DNA Concentration in Serum or Plasma,MBSTRESC,C70856,N,,,,,,,Qualifier,MBSTRESC,is the result of the test in,IS_RESULT_OF,MBTESTCD,float,12.0,12.4,4.0,Y,N,Derived,Vendor,,Y
2026-07-14,C103404,3-2,,MB,MB.MBTESTCD,HBDNASERPL,Hepatitis B Virus DNA Concentration in Serum or Plasma,MBSTRESN,C70856,N,,,,,,,Qualifier,MBSTRESN,is the result of the test in,IS_RESULT_OF,MBTESTCD,float,12.0,12.4,4.0,Y,N,Derived,Vendor,,Y
2026-07-14,C103404,3-2,,MB,MB.MBTESTCD,HBDNASERPL,Hepatitis B Virus DNA Concentration in Serum or Plasma,MBSTRESU,C48207,N,C71620,UNIT,,,C67377,IU/mL,Qualifier,MBSTRESU,is the unit for the value in,IS_UNIT_FOR,MBSTRESN,text,20.0,,,Y,N,Assigned,Vendor,,Y
2026-07-14,C103404,3-2,,MB,MB.MBTESTCD,HBDNASERPL,Hepatitis B Virus DNA Concentration in Serum or Plasma,MBSPEC,C70713,N,C78734,SPECTYPE,,,C105706,SERUM OR PLASMA,Qualifier,MBSPEC,is the specimen tested in,IS_SPECIMEN_TESTED_IN,MBTESTCD,,,,,Y,N,,,EQ,
2026-07-14,C103404,3-2,,MB,MB.MBTESTCD,HBDNASERPL,Hepatitis B Virus DNA Concentration in Serum or Plasma,MBMETHOD,C82535,N,,,,,,,Qualifier,MBMETHOD,is the method for the test in,SPECIFIES,MBTESTCD,,,,,N,N,,,,
2026-07-14,C103404,3-2,,MB,MB.MBTESTCD,HBDNASERPL,Hepatitis B Virus DNA Concentration in Serum or Plasma,MBDTC,C82515,N,,,,,,,Timing,MBDTC,is the start date for,IS_TIMING_FOR,MBTESTCD,,,,,Y,N,,,,
2026-07-14,C64850,3-2,,MB,MB.MBTESTCD,HBSAGSERPL,Hepatitis B Virus Surface Antigen Concentration in Serum,MBTESTCD,,N,C120527,MBTESTCD,,,C64850,HBSAG,Topic,MBTESTCD,is the code for the value in,IS_DECODED_BY,MBTEST,,,,,Y,Y,Assigned,Sponsor,EQ,
2026-07-14,C64850,3-2,,MB,MB.MBTESTCD,HBSAGSERPL,Hepatitis B Virus Surface Antigen Concentration in Serum,MBTEST,,N,C120528,MBTEST,,,C64850,Hepatitis B Virus Surface Antigen,Qualifier,MBTEST,decodes the value in,DECODES,MBTESTCD,,,,,Y,Y,Assigned,Sponsor,,
2026-07-14,C64850,3-2,,MB,MB.MBTESTCD,HBSAGSERPL,Hepatitis B Virus Surface Antigen Concentration in Serum,MBTSTDTL,C117062,N,C174225,MBFTSDTL,,,,,Qualifier,MBTSTDTL,further describes the test in,SPECIFIES,MBTESTCD,,,,,N,N,,,,
2026-07-14,C64850,3-2,,MB,MB.MBTESTCD,HBSAGSERPL,Hepatitis B Virus Surface Antigen Concentration in Serum,MBCAT,,N,,,,SEROLOGY;VIROLOGY,,,Qualifier,MBCAT,groups values in,GROUPS,MBTESTCD,,,,,Y,N,,,,
2026-07-14,C64850,3-2,,MB,MB.MBTESTCD,HBSAGSERPL,Hepatitis B Virus Surface Antigen Concentration in Serum,MBORRES,C70856,N,,,,,,,Qualifier,MBORRES,is the result of the test in,IS_RESULT_OF,MBTESTCD,float,12.0,12.4,4.0,Y,N,Collected,Vendor,,Y
2026-07-14,C64850,3-2,,MB,MB.MBTESTCD,HBSAGSERPL,Hepatitis B Virus Surface Antigen Concentration in Serum,MBORRESU,C48207,N,C71620,UNIT,,IU/mL,,,Qualifier,MBORRESU,is the unit for the value in,IS_UNIT_FOR,MBORRES,text,20.0,,,Y,N,Collected,Vendor,,Y
2026-07-14,C64850,3-2,,MB,MB.MBTESTCD,HBSAGSERPL,Hepatitis B Virus Surface Antigen Concentration in Serum,MBSTRESC,C70856,N,,,,,,,Qualifier,MBSTRESC,is the result of the test in,IS_RESULT_OF,MBTESTCD,float,12.0,12.4,4.0,Y,N,Derived,Vendor,,Y
2026-07-14,C64850,3-2,,MB,MB.MBTESTCD,HBSAGSERPL,Hepatitis B Virus Surface Antigen Concentration in Serum,MBSTRESN,C70856,N,,,,,,,Qualifier,MBSTRESN,is the result of the test in,IS_RESULT_OF,MBTESTCD,float,12.0,12.4,4.0,Y,N,Derived,Vendor,,Y
2026-07-14,C64850,3-2,,MB,MB.MBTESTCD,HBSAGSERPL,Hepatitis B Virus Surface Antigen Concentration in Serum,MBSTRESU,C48207,N,C71620,UNIT,,,C67377,IU/mL,Qualifier,MBSTRESU,is the unit for the value in,IS_UNIT_FOR,MBSTRESN,text,20.0,,,Y,N,Assigned,Vendor,,Y
2026-07-14,C64850,3-2,,MB,MB.MBTESTCD,HBSAGSERPL,Hepatitis B Virus Surface Antigen Concentration in Serum,MBSPEC,C70713,N,C78734,SPECTYPE,,,C105706,SERUM OR PLASMA,Qualifier,MBSPEC,is the specimen tested in,IS_SPECIMEN_TESTED_IN,MBTESTCD,,,,,Y,N,,,EQ,
2026-07-14,C64850,3-2,,MB,MB.MBTESTCD,HBSAGSERPL,Hepatitis B Virus Surface Antigen Concentration in Serum,MBMETHOD,C82535,N,,,,,,,Qualifier,MBMETHOD,is the method for the test in,SPECIFIES,MBTESTCD,,,,,N,N,,,,
2026-07-14,C64850,3-2,,MB,MB.MBTESTCD,HBSAGSERPL,Hepatitis B Virus Surface Antigen Concentration in Serum,MBDTC,C82515,N,,,,,,,Timing,MBDTC,is the start date for,IS_TIMING_FOR,MBTESTCD,,,,,Y,N,,,,
2026-07-14,C64850,3-2,,MB,MB.MBTESTCD,HBSAGSERPLPRES,Hepatitis B Virus Surface Antigen Presence in Serum or Plasma,MBTESTCD,,N,C120527,MBTESTCD,,,C64850,HBSAG,Topic,MBTESTCD,is the code for the value in,IS_DECODED_BY,MBTEST,,,,,Y,Y,Assigned,Sponsor,EQ,
2026-07-14,C64850,3-2,,MB,MB.MBTESTCD,HBSAGSERPLPRES,Hepatitis B Virus Surface Antigen Presence in Serum or Plasma,MBTEST,,N,C120528,MBTEST,,,C64850,Hepatitis B Virus Surface Antigen,Qualifier,MBTEST,decodes the value in,DECODES,MBTESTCD,,,,,Y,Y,Assigned,Sponsor,,
2026-07-14,C64850,3-2,,MB,MB.MBTESTCD,HBSAGSERPLPRES,Hepatitis B Virus Surface Antigen Presence in Serum or Plasma,MBTSTDTL,C117062,N,C174225,MBFTSDTL,,,C174330,DETECTION,Qualifier,MBTSTDTL,further describes the test in,SPECIFIES,MBTESTCD,,,,,N,N,,,EQ,
2026-07-14,C64850,3-2,,MB,MB.MBTESTCD,HBSAGSERPLPRES,Hepatitis B Virus Surface Antigen Presence in Serum or Plasma,MBCAT,,N,,,,SEROLOGY;VIROLOGY,,,Qualifier,MBCAT,groups values in,GROUPS,MBTESTCD,,,,,Y,N,,,,
2026-07-14,C64850,3-2,,MB,MB.MBTESTCD,HBSAGSERPLPRES,Hepatitis B Virus Surface Antigen Presence in Serum or Plasma,MBORRES,C70856,N,,,,,,,Qualifier,MBORRES,is the result of the test in,IS_RESULT_OF,MBTESTCD,text,20.0,,,Y,N,Collected,Vendor,,Y
2026-07-14,C64850,3-2,,MB,MB.MBTESTCD,HBSAGSERPLPRES,Hepatitis B Virus Surface Antigen Presence in Serum or Plasma,MBSTRESC,C70856,N,,,,,,,Qualifier,MBSTRESC,is the result of the test in,IS_RESULT_OF,MBTESTCD,text,20.0,,,Y,N,Derived,Vendor,,Y
2026-07-14,C64850,3-2,,MB,MB.MBTESTCD,HBSAGSERPLPRES,Hepatitis B Virus Surface Antigen Presence in Serum or Plasma,MBSPEC,C70713,N,C78734,SPECTYPE,,,C105706,SERUM OR PLASMA,Qualifier,MBSPEC,is the specimen tested in,IS_SPECIMEN_TESTED_IN,MBTESTCD,,,,,Y,N,,,EQ,
2026-07-14,C64850,3-2,,MB,MB.MBTESTCD,HBSAGSERPLPRES,Hepatitis B Virus Surface Antigen Presence in Serum or Plasma,MBMETHOD,C82535,N,,,,,,,Qualifier,MBMETHOD,is the method for the test in,SPECIFIES,MBTESTCD,,,,,N,N,,,,
2026-07-14,C64850,3-2,,MB,MB.MBTESTCD,HBSAGSERPLPRES,Hepatitis B Virus Surface Antigen Presence in Serum or Plasma,MBDTC,C82515,N,,,,,,,Timing,MBDTC,is the start date for,IS_TIMING_FOR,MBTESTCD,,,,,Y,N,,,,
2026-07-14,C142330,3-2,,MB,MB.MBTESTCD,HCRNASERPL,Hepatitis C Virus RNA Concentration in Serum or Plasma,MBTESTCD,,N,C120527,MBTESTCD,,,C142330,HCRNA,Topic,MBTESTCD,is the code for the value in,IS_DECODED_BY,MBTEST,,,,,Y,Y,Assigned,Sponsor,EQ,
2026-07-14,C142330,3-2,,MB,MB.MBTESTCD,HCRNASERPL,Hepatitis C Virus RNA Concentration in Serum or Plasma,MBTEST,,N,C120528,MBTEST,,,C142330,Hepatitis C Virus RNA,Qualifier,MBTEST,decodes the value in,DECODES,MBTESTCD,,,,,Y,Y,Assigned,Sponsor,,
2026-07-14,C142330,3-2,,MB,MB.MBTESTCD,HCRNASERPL,Hepatitis C Virus RNA Concentration in Serum or Plasma,MBTSTDTL,C117062,N,C174225,MBFTSDTL,,,,,Qualifier,MBTSTDTL,further describes the test in,SPECIFIES,MBTESTCD,,,,,N,N,,,,
2026-07-14,C142330,3-2,,MB,MB.MBTESTCD,HCRNASERPL,Hepatitis C Virus RNA Concentration in Serum or Plasma,MBCAT,,N,,,,SEROLOGY;VIROLOGY,,,Qualifier,MBCAT,groups values in,GROUPS,MBTESTCD,,,,,Y,N,,,,
2026-07-14,C142330,3-2,,MB,MB.MBTESTCD,HCRNASERPL,Hepatitis C Virus RNA Concentration in Serum or Plasma,MBORRES,C70856,N,,,,,,,Qualifier,MBORRES,is the result of the test in,IS_RESULT_OF,MBTESTCD,float,12.0,12.4,4.0,Y,N,Collected,Vendor,,Y
2026-07-14,C142330,3-2,,MB,MB.MBTESTCD,HCRNASERPL,Hepatitis C Virus RNA Concentration in Serum or Plasma,MBORRESU,C48207,N,C71620,UNIT,,IU/mL,,,Qualifier,MBORRESU,is the unit for the value in,IS_UNIT_FOR,MBORRES,text,20.0,,,Y,N,Collected,Vendor,,Y
2026-07-14,C142330,3-2,,MB,MB.MBTESTCD,HCRNASERPL,Hepatitis C Virus RNA Concentration in Serum or Plasma,MBSTRESC,C70856,N,,,,,,,Qualifier,MBSTRESC,is the result of the test in,IS_RESULT_OF,MBTESTCD,float,12.0,12.4,4.0,Y,N,Derived,Vendor,,Y
2026-07-14,C142330,3-2,,MB,MB.MBTESTCD,HCRNASERPL,Hepatitis C Virus RNA Concentration in Serum or Plasma,MBSTRESN,C70856,N,,,,,,,Qualifier,MBSTRESN,is the result of the test in,IS_RESULT_OF,MBTESTCD,float,12.0,12.4,4.0,Y,N,Derived,Vendor,,Y
2026-07-14,C142330,3-2,,MB,MB.MBTESTCD,HCRNASERPL,Hepatitis C Virus RNA Concentration in Serum or Plasma,MBSTRESU,C48207,N,C71620,UNIT,,,C67377,IU/mL,Qualifier,MBSTRESU,is the unit for the value in,IS_UNIT_FOR,MBSTRESN,text,20.0,,,Y,N,Assigned,Vendor,,Y
2026-07-14,C142330,3-2,,MB,MB.MBTESTCD,HCRNASERPL,Hepatitis C Virus RNA Concentration in Serum or Plasma,MBSPEC,C70713,N,C78734,SPECTYPE,,,C105706,SERUM OR PLASMA,Qualifier,MBSPEC,is the specimen tested in,IS_SPECIMEN_TESTED_IN,MBTESTCD,,,,,Y,N,,,EQ,
2026-07-14,C142330,3-2,,MB,MB.MBTESTCD,HCRNASERPL,Hepatitis C Virus RNA Concentration in Serum or Plasma,MBMETHOD,C82535,N,,,,,,,Qualifier,MBMETHOD,is the method for the test in,SPECIFIES,MBTESTCD,,,,,N,N,,,,
2026-07-14,C142330,3-2,,MB,MB.MBTESTCD,HCRNASERPL,Hepatitis C Virus RNA Concentration in Serum or Plasma,MBDTC,C82515,N,,,,,,,Timing,MBDTC,is the start date for,IS_TIMING_FOR,MBTESTCD,,,,,Y,N,,,,
2026-07-14,C142330,3-2,,MB,MB.MBTESTCD,HCRNASERPLPRES,Hepatitis C Virus RNA Presence in Serum or Plasma,MBTESTCD,,N,C120527,MBTESTCD,,,C142330,HCRNA,Topic,MBTESTCD,is the code for the value in,IS_DECODED_BY,MBTEST,,,,,Y,Y,Assigned,Sponsor,EQ,
2026-07-14,C142330,3-2,,MB,MB.MBTESTCD,HCRNASERPLPRES,Hepatitis C Virus RNA Presence in Serum or Plasma,MBTEST,,N,C120528,MBTEST,,,C142330,Hepatitis C Virus RNA,Qualifier,MBTEST,decodes the value in,DECODES,MBTESTCD,,,,,Y,Y,Assigned,Sponsor,,
2026-07-14,C142330,3-2,,MB,MB.MBTESTCD,HCRNASERPLPRES,Hepatitis C Virus RNA Presence in Serum or Plasma,MBTSTDTL,C117062,N,C174225,MBFTSDTL,,,C174330,DETECTION,Qualifier,MBTSTDTL,further describes the test in,SPECIFIES,MBTESTCD,,,,,N,N,,,EQ,
2026-07-14,C142330,3-2,,MB,MB.MBTESTCD,HCRNASERPLPRES,Hepatitis C Virus RNA Presence in Serum or Plasma,MBCAT,,N,,,,SEROLOGY;VIROLOGY,,,Qualifier,MBCAT,groups values in,GROUPS,MBTESTCD,,,,,Y,N,,,,
2026-07-14,C142330,3-2,,MB,MB.MBTESTCD,HCRNASERPLPRES,Hepatitis C Virus RNA Presence in Serum or Plasma,MBORRES,C70856,N,,,,,,,Qualifier,MBORRES,is the result of the test in,IS_RESULT_OF,MBTESTCD,text,20.0,,,Y,N,Collected,Vendor,,Y
2026-07-14,C142330,3-2,,MB,MB.MBTESTCD,HCRNASERPLPRES,Hepatitis C Virus RNA Presence in Serum or Plasma,MBSTRESC,C70856,N,,,,,,,Qualifier,MBSTRESC,is the result of the test in,IS_RESULT_OF,MBTESTCD,text,20.0,,,Y,N,Derived,Vendor,,Y
2026-07-14,C142330,3-2,,MB,MB.MBTESTCD,HCRNASERPLPRES,Hepatitis C Virus RNA Presence in Serum or Plasma,MBSPEC,C70713,N,C78734,SPECTYPE,,,C105706,SERUM OR PLASMA,Qualifier,MBSPEC,is the specimen tested in,IS_SPECIMEN_TESTED_IN,MBTESTCD,,,,,Y,N,,,EQ,
2026-07-14,C142330,3-2,,MB,MB.MBTESTCD,HCRNASERPLPRES,Hepatitis C Virus RNA Presence in Serum or Plasma,MBMETHOD,C82535,N,,,,,,,Qualifier,MBMETHOD,is the method for the test in,SPECIFIES,MBTESTCD,,,,,N,N,,,,
2026-07-14,C142330,3-2,,MB,MB.MBTESTCD,HCRNASERPLPRES,Hepatitis C Virus RNA Presence in Serum or Plasma,MBDTC,C82515,N,,,,,,,Timing,MBDTC,is the start date for,IS_TIMING_FOR,MBTESTCD,,,,,Y,N,,,,
2026-07-14,C200145,3-3,,MH,MH.MHTERM,MEDHISTPRESP,Medical History Prespecified,MHTERM,C83118,N,,,,,,,Topic,MHTERM,is original text for,IS_ORIGINAL_TEXT_FOR,MHDECOD,text,200.0,,,Y,Y,Assigned,Sponsor,,
2026-07-14,C200145,3-3,,MH,MH.MHTERM,MEDHISTPRESP,Medical History Prespecified,MHDECOD,C83346,N,,,,,,,Qualifier,MHDECOD,is a dictionary-derived term for the value in,IS_DERIVED_FROM,MHTERM,text,200.0,,,Y,N,Assigned,Sponsor,,
2026-07-14,C200145,3-3,,MH,MH.MHTERM,MEDHISTPRESP,Medical History Prespecified,MHPRESP,C171000,N,C66742,NY,NY_Y,Y,,,Qualifier,MHPRESP,indicates pre-specification of the value in,IS_INDICATOR_FOR,MHTERM,text,1.0,,,Y,Y,Assigned,Sponsor,,
2026-07-14,C200145,3-3,,MH,MH.MHTERM,MEDHISTPRESP,Medical History Prespecified,MHOCCUR,C127786,N,C66742,NY,NY_NY,N;Y,,,Qualifier,MHOCCUR,indicates occurrence of the value in,IS_INDICATOR_FOR,MHTERM,text,1.0,,,Y,N,Collected,Investigator,,
2026-07-14,C200145,3-3,,MH,MH.MHTERM,MEDHISTPRESP,Medical History Prespecified,MHCAT,C25372,N,,,,,,,Qualifier,MHCAT,groups values in,GROUPS,MHTERM,text,200.0,,,N,N,Assigned,Sponsor,,
2026-07-14,C200145,3-3,,MH,MH.MHTERM,MEDHISTPRESP,Medical History Prespecified,MHSCAT,C25692,N,,,,,,,Qualifier,MHSCAT,values are grouped by,IS_GROUPED_BY,MHCAT,text,200.0,,,N,N,Assigned,Sponsor,,
2026-07-14,C200145,3-3,,MH,MH.MHTERM,MEDHISTPRESP,Medical History Prespecified,MHEVTTYP,C219752,N,C124301,MHEDTTYP,,,,,Qualifier,,,,,,,,,N,N,,,,
2026-07-14,C200145,3-3,,MH,MH.MHTERM,MEDHISTPRESP,Medical History Prespecified,MHSTDTC,C83338,N,,,,,,,Timing,MHSTDTC,is the start date for,IS_TIMING_FOR,MHTERM,datetime,,,,N,N,Collected,Investigator,,
2026-07-14,C200145,3-3,,MH,MH.MHTERM,MEDHISTPRESP,Medical History Prespecified,MHENDTC,C219752,N,,,,,,,Timing,MHENDTC,is the end date for,IS_TIMING_FOR,MHTERM,datetime,,,,N,N,Collected,Investigator,,
2026-07-14,C200145,3-3,,MH,MH.MHTERM,MEDHISTPRESP,Medical History Prespecified,MHENRF,C82557,N,C66728,STENRF,,,,,Timing,,,,,text,20.0,,,N,N,Assigned,Sponsor,,
2026-07-14,C200145,3-3,,MH,MH.MHTERM,MEDHISTPRESP,Medical History Prespecified,MHENRTPT,C82558,N,C66728,STENRF,,,,,Timing,,,,,text,20.0,,,N,N,Assigned,Sponsor,,
2026-07-14,C200145,3-3,,MH,MH.MHTERM,MEDHISTPRESP,Medical History Prespecified,MHENTPT,C82574,N,,,,,,,Timing,,,,,text,20.0,,,N,N,Assigned,Sponsor,,
2026-07-14,C200145,3-3,,MH,MH.MHTERM,MHBRCADIAG,Medical History Prespecified: Breast Cancer Diagnosis,MHTERM,C83118,N,,,,,,BREAST CANCER,Topic,MHTERM,is original text for,IS_ORIGINAL_TEXT_FOR,MHDECOD,text,200.0,,,Y,Y,Assigned,Sponsor,,
2026-07-14,C200145,3-3,,MH,MH.MHTERM,MHBRCADIAG,Medical History Prespecified: Breast Cancer Diagnosis,MHDECOD,C83346,N,,,,,,BREAST CANCER,Qualifier,MHDECOD,is a dictionary-derived term for the value in,IS_DERIVED_FROM,MHTERM,text,200.0,,,Y,N,Assigned,Sponsor,,
2026-07-14,C200145,3-3,,MH,MH.MHTERM,MHBRCADIAG,Medical History Prespecified: Breast Cancer Diagnosis,MHPRESP,C171000,N,C66742,NY,NY_Y,Y,,,Qualifier,MHPRESP,indicates pre-specification of the value in,IS_INDICATOR_FOR,MHTERM,text,1.0,,,Y,Y,Assigned,Sponsor,,
2026-07-14,C200145,3-3,,MH,MH.MHTERM,MHBRCADIAG,Medical History Prespecified: Breast Cancer Diagnosis,MHOCCUR,C127786,N,C66742,NY,NY_NY,N;Y,,,Qualifier,MHOCCUR,indicates occurrence of the value in,IS_INDICATOR_FOR,MHTERM,text,1.0,,,Y,N,Collected,Investigator,,
2026-07-14,C200145,3-3,,MH,MH.MHTERM,MHBRCADIAG,Medical History Prespecified: Breast Cancer Diagnosis,MHCAT,C25372,N,,,,,,,Qualifier,MHCAT,groups values in,GROUPS,MHTERM,text,200.0,,,N,N,Assigned,Sponsor,,
2026-07-14,C200145,3-3,,MH,MH.MHTERM,MHBRCADIAG,Medical History Prespecified: Breast Cancer Diagnosis,MHSCAT,C25692,N,,,,,,,Qualifier,MHSCAT,values are grouped by,IS_GROUPED_BY,MHCAT,text,200.0,,,N,N,Assigned,Sponsor,,
2026-07-14,C200145,3-3,,MH,MH.MHTERM,MHBRCADIAG,Medical History Prespecified: Breast Cancer Diagnosis,MHEVTTYP,C219752,N,C124301,MHEDTTYP,,,C15220,DIAGNOSIS,Qualifier,,,,,text,40.0,,,Y,N,Assigned,Sponsor,,
2026-07-14,C200145,3-3,,MH,MH.MHTERM,MHBRCADIAG,Medical History Prespecified: Breast Cancer Diagnosis,MHSTDTC,C83338,N,,,,,,,Timing,MHSTDTC,is the start date for,IS_TIMING_FOR,MHTERM,datetime,,,,N,N,Collected,Investigator,,
2026-07-14,C200145,3-3,,MH,MH.MHTERM,MHBRCARELAPSE,Medical History Prespecified: Breast Cancer Disease Relapse,MHTERM,C83118,N,,,,,,BREAST CANCER,Topic,MHTERM,is original text for,IS_ORIGINAL_TEXT_FOR,MHDECOD,text,200.0,,,Y,Y,Assigned,Sponsor,,
2026-07-14,C200145,3-3,,MH,MH.MHTERM,MHBRCARELAPSE,Medical History Prespecified: Breast Cancer Disease Relapse,MHDECOD,C83346,N,,,,,,BREAST CANCER,Qualifier,MHDECOD,is a dictionary-derived term for the value in,IS_DERIVED_FROM,MHTERM,text,200.0,,,Y,N,Assigned,Sponsor,,
2026-07-14,C200145,3-3,,MH,MH.MHTERM,MHBRCARELAPSE,Medical History Prespecified: Breast Cancer Disease Relapse,MHPRESP,C171000,N,C66742,NY,NY_Y,Y,,,Qualifier,MHPRESP,indicates pre-specification of the value in,IS_INDICATOR_FOR,MHTERM,text,1.0,,,Y,Y,Assigned,Sponsor,,
2026-07-14,C200145,3-3,,MH,MH.MHTERM,MHBRCARELAPSE,Medical History Prespecified: Breast Cancer Disease Relapse,MHOCCUR,C127786,N,C66742,NY,NY_NY,N;Y,,,Qualifier,MHOCCUR,indicates occurrence of the value in,IS_INDICATOR_FOR,MHTERM,text,1.0,,,Y,N,Collected,Investigator,,
2026-07-14,C200145,3-3,,MH,MH.MHTERM,MHBRCARELAPSE,Medical History Prespecified: Breast Cancer Disease Relapse,MHCAT,C25372,N,,,,,,,Qualifier,MHCAT,groups values in,GROUPS,MHTERM,text,200.0,,,N,N,Assigned,Sponsor,,
2026-07-14,C200145,3-3,,MH,MH.MHTERM,MHBRCARELAPSE,Medical History Prespecified: Breast Cancer Disease Relapse,MHSCAT,C25692,N,,,,,,,Qualifier,MHSCAT,values are grouped by,IS_GROUPED_BY,MHCAT,text,200.0,,,N,N,Assigned,Sponsor,,
2026-07-14,C200145,3-3,,MH,MH.MHTERM,MHBRCARELAPSE,Medical History Prespecified: Breast Cancer Disease Relapse,MHEVTTYP,C219752,N,C124301,MHEDTTYP,,,C38155,DISEASE RELAPSE,Qualifier,,,,,text,40.0,,,Y,N,Assigned,Sponsor,,
2026-07-14,C200145,3-3,,MH,MH.MHTERM,MHBRCARELAPSE,Medical History Prespecified: Breast Cancer Disease Relapse,MHSTDTC,C83338,N,,,,,,,Timing,MHSTDTC,is the start date for,IS_TIMING_FOR,MHTERM,datetime,,,,N,N,Collected,Investigator,,
2026-07-14,C123560,3-2,,MI,MI.MITESTCD,SURGMARGSTATBREAST,Surgical Margins Status Breast Tissue,MITESTCD,,N,C132263,MITSCD,,,C123560,SGMGSTAT,Topic,MITESTCD,is the code for the value in,IS_DECODED_BY,MITEST,,,,,Y,Y,Assigned,Sponsor,EQ,
2026-07-14,C123560,3-2,,MI,MI.MITESTCD,SURGMARGSTATBREAST,Surgical Margins Status Breast Tissue,MITEST,,N,C132262,MITS,,,C123560,Surgical Margins Status,Qualifier,MITEST,decodes the value in,DECODES,MITESTCD,,,,,Y,Y,Assigned,Sponsor,,
2026-07-14,C123560,3-2,,MI,MI.MITESTCD,SURGMARGSTATBREAST,Surgical Margins Status Breast Tissue,MIORRES,C70856,N,,,,NEGATIVE TUMOR TISSUE MARGIN;POSITIVE TUMOR TISSUE MARGINS;POSITIVE TUMOR TISSUE MARGINS -- INVASIVE CELLS ON INKED TISSUE EDGE (WITH OR WITHOUT DCIS);POSITIVE TUMOR TISSUE MARGINS ONLY DCIS CELLS -- ON INKED TISSUE EDGE,,,Qualifier,MIORRES,is the result of the test in,IS_RESULT_OF,MITESTCD,text,20.0,,,Y,N,Collected,Vendor,,Y
2026-07-14,C123560,3-2,,MI,MI.MITESTCD,SURGMARGSTATBREAST,Surgical Margins Status Breast Tissue,MISTRESC,C70856,N,,,,NEGATIVE TUMOR TISSUE MARGIN;POSITIVE TUMOR TISSUE MARGINS;POSITIVE TUMOR TISSUE MARGINS -- INVASIVE CELLS ON INKED TISSUE EDGE (WITH OR WITHOUT DCIS);POSITIVE TUMOR TISSUE MARGINS ONLY DCIS CELLS -- ON INKED TISSUE EDGE,,,Qualifier,MISTRESC,is the result of the test in,IS_RESULT_OF,MITESTCD,text,20.0,,,Y,N,Derived,Sponsor,,Y
2026-07-14,C123560,3-2,,MI,MI.MITESTCD,SURGMARGSTATBREAST,Surgical Margins Status Breast Tissue,MISPEC,C70713,N,C78734,SPECTYPE,,,C12801,TISSUE,Qualifier,MISPEC,is the specimen tested in,IS_SPECIMEN_TESTED_IN,MITESTCD,,,,,N,N,Assigned,Sponsor,EQ,
2026-07-14,C123560,3-2,,MI,MI.MITESTCD,SURGMARGSTATBREAST,Surgical Margins Status Breast Tissue,MILOC,C171435,N,C74456,LOC,,,C12971,BREAST,Qualifier,MILOC,specifies the anatomical location of the performance of the test in,SPECIFIES,MITESTCD,,,,,N,N,Collected,Vendor,EQ,
2026-07-14,C123560,3-2,,MI,MI.MITESTCD,SURGMARGSTATBREAST,Surgical Margins Status Breast Tissue,MILAT,C25185,N,C99073,LAT,,LEFT;RIGHT,,,Qualifier,MILAT,further specifies the anatomical location in,SPECIFIES,MILOC,,,,,N,N,Collected,Investigator,IN,
2026-07-14,C123560,3-2,,MI,MI.MITESTCD,SURGMARGSTATBREAST,Surgical Margins Status Breast Tissue,MIDIR,C54215,N,C99074,DIR,,,,,Qualifier,,,,,,,,,N,N,Collected,Investigator,,
2026-07-14,C123560,3-2,,MI,MI.MITESTCD,SURGMARGSTATBREAST,Surgical Margins Status Breast Tissue,MILOCDTL,NEW_DEC1,Y,,,,,,,Qualifier,,,,,,,,,N,N,Collected,Investigator,,
2026-07-14,C123560,3-2,,MI,MI.MITESTCD,SURGMARGSTATBREAST,Surgical Margins Status Breast Tissue,MIEVAL,C51824,N,C78735,EVAL,,,C17723,PATHOLOGIST,Qualifier,MIEVAL,is the role of the assessor who performed the test in,PERFORMS,MITESTCD,,,,,N,N,,,EQ,
2026-07-14,C123560,3-2,,MI,MI.MITESTCD,SURGMARGSTATBREAST,Surgical Margins Status Breast Tissue,MIDTC,C82515,N,,,,,,,Timing,MIDTC,is the date of occurrence for,IS_TIMING_FOR,MITESTCD,,,,,Y,N,Collected,Sponsor,,
2026-07-14,C17204,3-4,,PR,PR.PRTRT,CTSCANABDOMIN,CT Scan Abdominal Cavity,PRTRT,C117511,N,,,,,,,Topic,PRTRT,is original text for,IS_ORIGINAL_TEXT_FOR,PRDECOD,text,200.0,,,Y,Y,Collected,Investigator,,
2026-07-14,C17204,3-4,,PR,PR.PRTRT,CTSCANABDOMIN,CT Scan Abdominal Cavity,PRDECOD,C117512,N,C101858,PROCEDUR,,,C17204,CT SCAN,Qualifier,PRDECOD,is a dictionary-derived term for the value in,IS_DERIVED_FROM,PRTRT,text,200.0,,,Y,Y,Assigned,Sponsor,,
2026-07-14,C17204,3-4,,PR,PR.PRTRT,CTSCANABDOMIN,CT Scan Abdominal Cavity,PRCAT,C25372,N,,,,,,,Qualifier,,,,,text,200.0,,,N,N,Assigned,Sponsor,,
2026-07-14,C17204,3-4,,PR,PR.PRTRT,CTSCANABDOMIN,CT Scan Abdominal Cavity,PRSCAT,C25692,N,,,,,,,Qualifier,,,,,text,200.0,,,N,N,Assigned,Sponsor,,
2026-07-14,C17204,3-4,,PR,PR.PRTRT,CTSCANABDOMIN,CT Scan Abdominal Cavity,PRPRESP,C171000,N,C66742,NY,NY_Y,Y,,,Qualifier,PRPRESP,indicates pre-specification of the value in,IS_INDICATOR_FOR,PRTRT,text,1.0,,,N,N,Assigned,Sponsor,,
2026-07-14,C17204,3-4,,PR,PR.PRTRT,CTSCANABDOMIN,CT Scan Abdominal Cavity,PROCCUR,C127786,N,C66742,NY,NY_NY,N;Y,,,Qualifier,PROCCUR,indicates occurrence of the value in,IS_INDICATOR_FOR,PRTRT,text,1.0,,,N,N,Collected,Investigator,,
2026-07-14,C17204,3-4,,PR,PR.PRTRT,CTSCANABDOMIN,CT Scan Abdominal Cavity,PRLOC,C13717,N,C74456,LOC,,,C12664,ABDOMINAL CAVITY,Qualifier,PRLOC,is the administration anatomical location for the treatment in,SPECIFIES,PRTRT,text,200.0,,,N,N,Collected,Investigator,,
2026-07-14,C17204,3-4,,PR,PR.PRTRT,CTSCANABDOMIN,CT Scan Abdominal Cavity,PRSTDTC,C117529,N,,,,,,,Timing,PRSTDTC,is the start date for,IS_TIMING_FOR,PRTRT,datetime,,,,N,N,Collected,Investigator,,
2026-07-14,C17204,3-4,,PR,PR.PRTRT,CTSCANABDOMIN,CT Scan Abdominal Cavity,PRENDTC,C117530,N,,,,,,,Timing,PRENDTC,is the end date for,IS_TIMING_FOR,PRTRT,datetime,,,,N,N,Collected,Investigator,,
2026-07-14,C17204,3-4,,PR,PR.PRTRT,CTSCANCHEST,CT Scan Chest,PRTRT,C117511,N,,,,,,,Topic,PRTRT,is original text for,IS_ORIGINAL_TEXT_FOR,PRDECOD,text,200.0,,,Y,Y,Collected,Investigator,,
2026-07-14,C17204,3-4,,PR,PR.PRTRT,CTSCANCHEST,CT Scan Chest,PRDECOD,C117512,N,C101858,PROCEDUR,,,C17204,CT SCAN,Qualifier,PRDECOD,is a dictionary-derived term for the value in,IS_DERIVED_FROM,PRTRT,text,200.0,,,Y,Y,Assigned,Sponsor,,
2026-07-14,C17204,3-4,,PR,PR.PRTRT,CTSCANCHEST,CT Scan Chest,PRCAT,C25372,N,,,,,,,Qualifier,,,,,text,200.0,,,N,N,Assigned,Sponsor,,
2026-07-14,C17204,3-4,,PR,PR.PRTRT,CTSCANCHEST,CT Scan Chest,PRSCAT,C25692,N,,,,,,,Qualifier,,,,,text,200.0,,,N,N,Assigned,Sponsor,,
2026-07-14,C17204,3-4,,PR,PR.PRTRT,CTSCANCHEST,CT Scan Chest,PRPRESP,C171000,N,C66742,NY,NY_Y,Y,,,Qualifier,PRPRESP,indicates pre-specification of the value in,IS_INDICATOR_FOR,PRTRT,text,1.0,,,N,N,Assigned,Sponsor,,
2026-07-14,C17204,3-4,,PR,PR.PRTRT,CTSCANCHEST,CT Scan Chest,PROCCUR,C127786,N,C66742,NY,NY_NY,N;Y,,,Qualifier,PROCCUR,indicates occurrence of the value in,IS_INDICATOR_FOR,PRTRT,text,1.0,,,N,N,Collected,Investigator,,
2026-07-14,C17204,3-4,,PR,PR.PRTRT,CTSCANCHEST,CT Scan Chest,PRLOC,C13717,N,C74456,LOC,,,C25389,CHEST,Qualifier,PRLOC,is the administration anatomical location for the treatment in,SPECIFIES,PRTRT,text,200.0,,,N,N,Collected,Investigator,,
2026-07-14,C17204,3-4,,PR,PR.PRTRT,CTSCANCHEST,CT Scan Chest,PRSTDTC,C117529,N,,,,,,,Timing,PRSTDTC,is the start date for,IS_TIMING_FOR,PRTRT,datetime,,,,N,N,Collected,Investigator,,
2026-07-14,C17204,3-4,,PR,PR.PRTRT,CTSCANCHEST,CT Scan Chest,PRENDTC,C117530,N,,,,,,,Timing,PRENDTC,is the end date for,IS_TIMING_FOR,PRTRT,datetime,,,,N,N,Collected,Investigator,,
2026-07-14,C17204,3-4,,PR,PR.PRTRT,CTSCANPELVIS,CT Scan Pelvis,PRTRT,C117511,N,,,,,,,Topic,PRTRT,is original text for,IS_ORIGINAL_TEXT_FOR,PRDECOD,text,200.0,,,Y,Y,Collected,Investigator,,
2026-07-14,C17204,3-4,,PR,PR.PRTRT,CTSCANPELVIS,CT Scan Pelvis,PRDECOD,C117512,N,C101858,PROCEDUR,,,C17204,CT SCAN,Qualifier,PRDECOD,is a dictionary-derived term for the value in,IS_DERIVED_FROM,PRTRT,text,200.0,,,Y,Y,Assigned,Sponsor,,
2026-07-14,C17204,3-4,,PR,PR.PRTRT,CTSCANPELVIS,CT Scan Pelvis,PRCAT,C25372,N,,,,,,,Qualifier,,,,,text,200.0,,,N,N,Assigned,Sponsor,,
2026-07-14,C17204,3-4,,PR,PR.PRTRT,CTSCANPELVIS,CT Scan Pelvis,PRSCAT,C25692,N,,,,,,,Qualifier,,,,,text,200.0,,,N,N,Assigned,Sponsor,,
2026-07-14,C17204,3-4,,PR,PR.PRTRT,CTSCANPELVIS,CT Scan Pelvis,PRPRESP,C171000,N,C66742,NY,NY_Y,Y,,,Qualifier,PRPRESP,indicates pre-specification of the value in,IS_INDICATOR_FOR,PRTRT,text,1.0,,,N,N,Assigned,Sponsor,,
2026-07-14,C17204,3-4,,PR,PR.PRTRT,CTSCANPELVIS,CT Scan Pelvis,PROCCUR,C127786,N,C66742,NY,NY_NY,N;Y,,,Qualifier,PROCCUR,indicates occurrence of the value in,IS_INDICATOR_FOR,PRTRT,text,1.0,,,N,N,Collected,Investigator,,
2026-07-14,C17204,3-4,,PR,PR.PRTRT,CTSCANPELVIS,CT Scan Pelvis,PRLOC,C13717,N,C74456,LOC,,,C12767,PELVIS,Qualifier,PRLOC,is the administration anatomical location for the treatment in,SPECIFIES,PRTRT,text,200.0,,,N,N,Collected,Investigator,,
2026-07-14,C17204,3-4,,PR,PR.PRTRT,CTSCANPELVIS,CT Scan Pelvis,PRSTDTC,C117529,N,,,,,,,Timing,PRSTDTC,is the start date for,IS_TIMING_FOR,PRTRT,datetime,,,,N,N,Collected,Investigator,,
2026-07-14,C17204,3-4,,PR,PR.PRTRT,CTSCANPELVIS,CT Scan Pelvis,PRENDTC,C117530,N,,,,,,,Timing,PRENDTC,is the end date for,IS_TIMING_FOR,PRTRT,datetime,,,,N,N,Collected,Investigator,,
2026-07-14,C16809,3-2,,PR,PR.PRTRT,MRI,MRI,PRTRT,C117511,N,,,,,,,Topic,PRTRT,is original text for,IS_ORIGINAL_TEXT_FOR,PRDECOD,text,200.0,,,Y,Y,Collected,Investigator,,
2026-07-14,C16809,3-2,,PR,PR.PRTRT,MRI,MRI,PRDECOD,C117512,N,C101858,PROCEDUR,,,C16809,MRI,Qualifier,PRDECOD,is a dictionary-derived term for the value in,IS_DERIVED_FROM,PRTRT,text,200.0,,,Y,Y,Assigned,Sponsor,,
2026-07-14,C16809,3-2,,PR,PR.PRTRT,MRI,MRI,PRCAT,C25372,N,,,,,,,Qualifier,,,,,text,200.0,,,N,N,Assigned,Sponsor,,
2026-07-14,C16809,3-2,,PR,PR.PRTRT,MRI,MRI,PRSCAT,C25692,N,,,,,,,Qualifier,,,,,text,200.0,,,N,N,Assigned,Sponsor,,
2026-07-14,C16809,3-2,,PR,PR.PRTRT,MRI,MRI,PRPRESP,C171000,N,C66742,NY,NY_Y,Y,,,Qualifier,PRPRESP,indicates pre-specification of the value in,IS_INDICATOR_FOR,PRTRT,text,1.0,,,N,N,Assigned,Sponsor,,
2026-07-14,C16809,3-2,,PR,PR.PRTRT,MRI,MRI,PROCCUR,C127786,N,C66742,NY,NY_NY,N;Y,,,Qualifier,PROCCUR,indicates occurrence of the value in,IS_INDICATOR_FOR,PRTRT,text,1.0,,,N,N,Collected,Investigator,,
2026-07-14,C16809,3-2,,PR,PR.PRTRT,MRI,MRI,PRLOC,C13717,N,C74456,LOC,,BRAIN;HEART;SPINAL CORD;CERVICAL SPINE;THORACIC SPINE;LUMBAR SPINE,,,Qualifier,PRLOC,is the administration anatomical location for the treatment in,SPECIFIES,PRTRT,text,200.0,,,N,N,Collected,Investigator,,
2026-07-14,C16809,3-2,,PR,PR.PRTRT,MRI,MRI,PRLAT,C25185,N,C99073,LAT,,RIGHT;LEFT;BILATERAL,,,Qualifier,PRLAT,further specifies the anatomical location in,SPECIFIES,PRLOC,text,20.0,,,N,N,Collected,Investigator,,
2026-07-14,C16809,3-2,,PR,PR.PRTRT,MRI,MRI,PRSTDTC,C117529,N,,,,,,,Timing,PRSTDTC,is the start date for,IS_TIMING_FOR,PRTRT,datetime,,,,N,N,Collected,Investigator,,
2026-07-14,C16809,3-2,,PR,PR.PRTRT,MRI,MRI,PRENDTC,C117530,N,,,,,,,Timing,PRENDTC,is the end date for,IS_TIMING_FOR,PRTRT,datetime,,,,N,N,Collected,Investigator,,
2026-07-14,C17007,3-2,,PR,PR.PRTRT,PETSCAN,PET Scan,PRTRT,C117511,N,,,,,,,Topic,PRTRT,is original text for,IS_ORIGINAL_TEXT_FOR,PRDECOD,text,200.0,,,Y,Y,Collected,Investigator,,
2026-07-14,C17007,3-2,,PR,PR.PRTRT,PETSCAN,PET Scan,PRDECOD,C117512,N,C101858,PROCEDUR,,,,PET SCAN,Qualifier,PRDECOD,is a dictionary-derived term for the value in,IS_DERIVED_FROM,PRTRT,text,200.0,,,Y,Y,Assigned,Sponsor,,
2026-07-14,C17007,3-2,,PR,PR.PRTRT,PETSCAN,PET Scan,PRCAT,C25372,N,,,,,,,Qualifier,,,,,text,200.0,,,N,N,Assigned,Sponsor,,
2026-07-14,C17007,3-2,,PR,PR.PRTRT,PETSCAN,PET Scan,PRSCAT,C25692,N,,,,,,,Qualifier,,,,,text,200.0,,,N,N,Assigned,Sponsor,,
2026-07-14,C17007,3-2,,PR,PR.PRTRT,PETSCAN,PET Scan,PRPRESP,C171000,N,C66742,NY,NY_Y,Y,,,Qualifier,PRPRESP,indicates pre-specification of the value in,IS_INDICATOR_FOR,PRTRT,text,1.0,,,N,N,Assigned,Sponsor,,
2026-07-14,C17007,3-2,,PR,PR.PRTRT,PETSCAN,PET Scan,PROCCUR,C127786,N,C66742,NY,NY_NY,N;Y,,,Qualifier,PROCCUR,indicates occurrence of the value in,IS_INDICATOR_FOR,PRTRT,text,1.0,,,N,N,Collected,Investigator,,
2026-07-14,C17007,3-2,,PR,PR.PRTRT,PETSCAN,PET Scan,PRLOC,C13717,N,C74456,LOC,,,,,Qualifier,PRLOC,is the administration anatomical location for the treatment in,SPECIFIES,PRTRT,text,200.0,,,N,N,Collected,Investigator,,
2026-07-14,C17007,3-2,,PR,PR.PRTRT,PETSCAN,PET Scan,PRLAT,C25185,N,C99073,LAT,,RIGHT;LEFT;BILATERAL,,,Qualifier,PRLAT,further specifies the anatomical location in,SPECIFIES,PRLOC,text,20.0,,,N,N,Collected,Investigator,,
2026-07-14,C17007,3-2,,PR,PR.PRTRT,PETSCAN,PET Scan,PRSTDTC,C117529,N,,,,,,,Timing,PRSTDTC,is the start date for,IS_TIMING_FOR,PRTRT,datetime,,,,N,N,Collected,Investigator,,
2026-07-14,C17007,3-2,,PR,PR.PRTRT,PETSCAN,PET Scan,PRENDTC,C117530,N,,,,,,,Timing,PRENDTC,is the end date for,IS_TIMING_FOR,PRTRT,datetime,,,,N,N,Collected,Investigator,,
2026-07-14,C94527,3-2,,PR,PR.PRTRT,PHOTOGRAPHY,Photography,PRTRT,C117511,N,,,,,,,Topic,PRTRT,is original text for,IS_ORIGINAL_TEXT_FOR,PRDECOD,text,200.0,,,Y,Y,Collected,Investigator,,
2026-07-14,C94527,3-2,,PR,PR.PRTRT,PHOTOGRAPHY,Photography,PRDECOD,C117512,N,C101858,PROCEDUR,,,C94527,PHOTOGRAPHY,Qualifier,PRDECOD,is a dictionary-derived term for the value in,IS_DERIVED_FROM,PRTRT,text,200.0,,,Y,Y,Assigned,Sponsor,,
2026-07-14,C94527,3-2,,PR,PR.PRTRT,PHOTOGRAPHY,Photography,PRCAT,C25372,N,,,,,,,Qualifier,,,,,text,200.0,,,N,N,Assigned,Sponsor,,
2026-07-14,C94527,3-2,,PR,PR.PRTRT,PHOTOGRAPHY,Photography,PRSCAT,C25692,N,,,,,,,Qualifier,,,,,text,200.0,,,N,N,Assigned,Sponsor,,
2026-07-14,C94527,3-2,,PR,PR.PRTRT,PHOTOGRAPHY,Photography,PRPRESP,C171000,N,C66742,NY,NY_Y,Y,,,Qualifier,PRPRESP,indicates pre-specification of the value in,IS_INDICATOR_FOR,PRTRT,text,1.0,,,N,N,Assigned,Sponsor,,
2026-07-14,C94527,3-2,,PR,PR.PRTRT,PHOTOGRAPHY,Photography,PROCCUR,C127786,N,C66742,NY,NY_NY,N;Y,,,Qualifier,PROCCUR,indicates occurrence of the value in,IS_INDICATOR_FOR,PRTRT,text,1.0,,,N,N,Collected,Investigator,,
2026-07-14,C94527,3-2,,PR,PR.PRTRT,PHOTOGRAPHY,Photography,PRLOC,C13717,N,C74456,LOC,,,,,Qualifier,PRLOC,is the administration anatomical location for the treatment in,SPECIFIES,PRTRT,text,200.0,,,N,N,Collected,Investigator,,
2026-07-14,C94527,3-2,,PR,PR.PRTRT,PHOTOGRAPHY,Photography,PRLAT,C25185,N,C99073,LAT,,RIGHT;LEFT;BILATERAL,,,Qualifier,PRLAT,further specifies the anatomical location in,SPECIFIES,PRLOC,text,20.0,,,N,N,Collected,Investigator,,
2026-07-14,C94527,3-2,,PR,PR.PRTRT,PHOTOGRAPHY,Photography,PRSTDTC,C117529,N,,,,,,,Timing,PRSTDTC,is the start date for,IS_TIMING_FOR,PRTRT,datetime,,,,N,N,Collected,Investigator,,
2026-07-14,C94527,3-2,,PR,PR.PRTRT,PHOTOGRAPHY,Photography,PRENDTC,C117530,N,,,,,,,Timing,PRENDTC,is the end date for,IS_TIMING_FOR,PRTRT,datetime,,,,N,N,Collected,Investigator,,
2026-07-14,C15313,3-2,,PR,PR.PRTRT,RADIATIONCANCER,Radiation Therapy Cancer,PRTRT,C117511,N,,,,3D CONFORMAL RADIATION THERAPY;INTENSITY-MODULATED RADIATION THERAPY;RADIOSURGERY;STEREOTACTIC BODY RADIATION THERAPY;TOTAL BODY IRRADIATION;INTRACAVITY BRACHYTHERAPY;INTERSTITIAL BRACHYTHERAPY;RADIOEMBOLIZATION,,,Topic,PRTRT,is original text for,IS_ORIGINAL_TEXT_FOR,PRDECOD,text,200.0,,,Y,Y,Collected,Investigator,,
2026-07-14,C15313,3-2,,PR,PR.PRTRT,RADIATIONCANCER,Radiation Therapy Cancer,PRDECOD,C117512,N,C101858,PROCEDUR,,3D CONFORMAL RADIATION THERAPY;INTENSITY-MODULATED RADIATION THERAPY;RADIOSURGERY;STEREOTACTIC BODY RADIATION THERAPY;TOTAL BODY IRRADIATION;INTRACAVITY BRACHYTHERAPY;INTERSTITIAL BRACHYTHERAPY;RADIOEMBOLIZATION,,,Qualifier,PRDECOD,is a dictionary-derived term for the value in,IS_DERIVED_FROM,PRTRT,text,200.0,,,N,N,Assigned,Sponsor,,
2026-07-14,C15313,3-2,,PR,PR.PRTRT,RADIATIONCANCER,Radiation Therapy Cancer,PRCAT,C25372,N,,,,,,RADIATION THERAPY,Qualifier,,,,,text,200.0,,,N,N,Assigned,Sponsor,,
2026-07-14,C15313,3-2,,PR,PR.PRTRT,RADIATIONCANCER,Radiation Therapy Cancer,PRSCAT,C25692,N,,,,INTERNAL RADIATION THERAPY;EXTERNAL BEAM RADIATION THERAPY,,,Qualifier,,,,,text,200.0,,,N,N,Assigned,Sponsor,,
2026-07-14,C15313,3-2,,PR,PR.PRTRT,RADIATIONCANCER,Radiation Therapy Cancer,PRPRESP,C171000,N,C66742,NY,,,,,Qualifier,PRPRESP,indicates pre-specification of the value in,IS_INDICATOR_FOR,PRTRT,text,1.0,,,N,N,Assigned,Sponsor,,
2026-07-14,C15313,3-2,,PR,PR.PRTRT,RADIATIONCANCER,Radiation Therapy Cancer,PROCCUR,C127786,N,C66742,NY,,,,,Qualifier,PROCCUR,indicates occurrence of the value in,IS_INDICATOR_FOR,PRTRT,text,1.0,,,N,N,Collected,Investigator,,
2026-07-14,C15313,3-2,,PR,PR.PRTRT,RADIATIONCANCER,Radiation Therapy Cancer,PRINDC,C41184,N,,,,,,,Qualifier,PRINDC,is the medical condition that is the reason for the treatment in,INDICATES,PRTRT,text,200.0,,,N,N,Assigned,Sponsor,,
2026-07-14,C15313,3-2,,PR,PR.PRTRT,RADIATIONCANCER,Radiation Therapy Cancer,PRDOSE,C25488,N,,,,,,,Qualifier,PRDOSE,is the administered amount of the treatment in,IS_ATTRIBUTE_FOR,PRTRT,integer,8.0,,,N,N,Collected,Investigator,,
2026-07-14,C15313,3-2,,PR,PR.PRTRT,RADIATIONCANCER,Radiation Therapy Cancer,PRDOSU,C18068,N,,,,Gy;cGy;Rad,,,Qualifier,PRDOSU,is the unit for,IS_UNIT_FOR,PRDOSE,text,20.0,,,N,N,Collected,Investigator,,
2026-07-14,C15313,3-2,,PR,PR.PRTRT,RADIATIONCANCER,Radiation Therapy Cancer,PRLOC,C13717,N,C74456,LOC,,,,,Qualifier,PRLOC,is the administration anatomical location for the treatment in,SPECIFIES,PRTRT,text,20.0,,,N,N,Collected,Investigator,,
2026-07-14,C15313,3-2,,PR,PR.PRTRT,RADIATIONCANCER,Radiation Therapy Cancer,PRLAT,C25185,N,C99073,LAT,,RIGHT;LEFT;BILATERAL,,,Qualifier,PRLAT,further specifies the anatomical location in,SPECIFIES,PRLOC,text,20.0,,,N,N,Collected,Investigator,,
2026-07-14,C15313,3-2,,PR,PR.PRTRT,RADIATIONCANCER,Radiation Therapy Cancer,PRSTDTC,C117529,N,,,,,,,Timing,PRSTDTC,is the start date for,IS_TIMING_FOR,PRTRT,datetime,,,,Y,N,Collected,Investigator,,
2026-07-14,C15313,3-2,,PR,PR.PRTRT,RADIATIONCANCER,Radiation Therapy Cancer,PRENDTC,C117530,N,,,,,,,Timing,PRENDTC,is the end date for,IS_TIMING_FOR,PRTRT,datetime,,,,N,N,Collected,Investigator,,
2026-07-14,C15313,3-2,,PR,PR.PRTRT,RADIATIONCANCER,Radiation Therapy Cancer,PRTRTSTT,C124444,Y,C124308,TRTSET,,ADJUVANT;METASTATIC;NEO-ADJUVANT;LOCALLY ADVANCED,,,Qualifier,PRTRTSTT,is the clinical trial or treatment setting for,QUALIFIES,PRTRT,text,200.0,,,N,N,Collected,Investigator,,
2026-07-14,C15313,3-2,,PR,PR.PRTRT,RADIATIONCANCER,Radiation Therapy Cancer,PRTRTINT,C210652,Y,C124307,TRTINTNT,,PALLIATIVE;CURATIVE,,,Qualifier,PRTRTINT,is the intended disease outcome for,QUALIFIES,PRTRT,text,200.0,,,N,N,Collected,Investigator,,
2026-07-14,C15313,3-2,,PR,PR.PRTRT,RADIATIONCANCER,Radiation Therapy Cancer,PRLNTX,,Y,,,,FIRST LINE;SECOND LINE;THIRD LINE;FOURTH LINE;FIFTH LINE OR GREATER,,,Qualifier,,,,,text,40.0,,,N,N,Collected,Investigator,,
2026-07-14,C62667,3-2,,PR,PR.PRTRT,SCINTIGRAPHY,Scintigraphy,PRTRT,C117511,N,,,,,,,Topic,PRTRT,is original text for,IS_ORIGINAL_TEXT_FOR,PRDECOD,text,200.0,,,Y,Y,Collected,Investigator,,
2026-07-14,C62667,3-2,,PR,PR.PRTRT,SCINTIGRAPHY,Scintigraphy,PRDECOD,C117512,N,C101858,PROCEDUR,,,C62667,SCINTIGRAPHY,Qualifier,PRDECOD,is a dictionary-derived term for the value in,IS_DERIVED_FROM,PRTRT,text,200.0,,,Y,Y,Assigned,Sponsor,,
2026-07-14,C62667,3-2,,PR,PR.PRTRT,SCINTIGRAPHY,Scintigraphy,PRCAT,C25372,N,,,,,,,Qualifier,,,,,text,200.0,,,N,N,Assigned,Sponsor,,
2026-07-14,C62667,3-2,,PR,PR.PRTRT,SCINTIGRAPHY,Scintigraphy,PRSCAT,C25692,N,,,,,,,Qualifier,,,,,text,200.0,,,N,N,Assigned,Sponsor,,
2026-07-14,C62667,3-2,,PR,PR.PRTRT,SCINTIGRAPHY,Scintigraphy,PRPRESP,C171000,N,C66742,NY,NY_Y,Y,,,Qualifier,PRPRESP,indicates pre-specification of the value in,IS_INDICATOR_FOR,PRTRT,text,1.0,,,N,N,Assigned,Sponsor,,
2026-07-14,C62667,3-2,,PR,PR.PRTRT,SCINTIGRAPHY,Scintigraphy,PROCCUR,C127786,N,C66742,NY,NY_NY,N;Y,,,Qualifier,PROCCUR,indicates occurrence of the value in,IS_INDICATOR_FOR,PRTRT,text,1.0,,,N,N,Collected,Investigator,,
2026-07-14,C62667,3-2,,PR,PR.PRTRT,SCINTIGRAPHY,Scintigraphy,PRLOC,C13717,N,C74456,LOC,,,,,Qualifier,PRLOC,is the administration anatomical location for the treatment in,SPECIFIES,PRTRT,text,200.0,,,N,N,Collected,Investigator,,
2026-07-14,C62667,3-2,,PR,PR.PRTRT,SCINTIGRAPHY,Scintigraphy,PRLAT,C25185,N,C99073,LAT,,RIGHT;LEFT;BILATERAL,,,Qualifier,PRLAT,further specifies the anatomical location in,SPECIFIES,PRLOC,text,20.0,,,N,N,Collected,Investigator,,
2026-07-14,C62667,3-2,,PR,PR.PRTRT,SCINTIGRAPHY,Scintigraphy,PRSTDTC,C117529,N,,,,,,,Timing,PRSTDTC,is the start date for,IS_TIMING_FOR,PRTRT,datetime,,,,N,N,Collected,Investigator,,
2026-07-14,C62667,3-2,,PR,PR.PRTRT,SCINTIGRAPHY,Scintigraphy,PRENDTC,C117530,N,,,,,,,Timing,PRENDTC,is the end date for,IS_TIMING_FOR,PRTRT,datetime,,,,N,N,Collected,Investigator,,
2026-07-14,C62667,3-2,,PR,PR.PRTRT,SCINTIGRAPHYBONE,Scintigraphy Bone,PRTRT,C117511,N,,,,,,,Topic,PRTRT,is original text for,IS_ORIGINAL_TEXT_FOR,PRDECOD,text,200.0,,,Y,Y,Collected,Investigator,,
2026-07-14,C62667,3-2,,PR,PR.PRTRT,SCINTIGRAPHYBONE,Scintigraphy Bone,PRDECOD,C117512,N,C101858,PROCEDUR,,,C62667,SCINTIGRAPHY,Qualifier,PRDECOD,is a dictionary-derived term for the value in,IS_DERIVED_FROM,PRTRT,text,200.0,,,Y,Y,Assigned,Sponsor,,
2026-07-14,C62667,3-2,,PR,PR.PRTRT,SCINTIGRAPHYBONE,Scintigraphy Bone,PRCAT,C25372,N,,,,,,,Qualifier,,,,,text,200.0,,,N,N,Assigned,Sponsor,,
2026-07-14,C62667,3-2,,PR,PR.PRTRT,SCINTIGRAPHYBONE,Scintigraphy Bone,PRSCAT,C25692,N,,,,,,,Qualifier,,,,,text,200.0,,,N,N,Assigned,Sponsor,,
2026-07-14,C62667,3-2,,PR,PR.PRTRT,SCINTIGRAPHYBONE,Scintigraphy Bone,PRPRESP,C171000,N,C66742,NY,NY_Y,Y,,,Qualifier,PRPRESP,indicates pre-specification of the value in,IS_INDICATOR_FOR,PRTRT,text,1.0,,,N,N,Assigned,Sponsor,,
2026-07-14,C62667,3-2,,PR,PR.PRTRT,SCINTIGRAPHYBONE,Scintigraphy Bone,PROCCUR,C127786,N,C66742,NY,NY_NY,N;Y,,,Qualifier,PROCCUR,indicates occurrence of the value in,IS_INDICATOR_FOR,PRTRT,text,1.0,,,N,N,Collected,Investigator,,
2026-07-14,C62667,3-2,,PR,PR.PRTRT,SCINTIGRAPHYBONE,Scintigraphy Bone,PRLOC,C13717,N,C74456,LOC,,,C12366,BONE,Qualifier,PRLOC,is the administration anatomical location for the treatment in,SPECIFIES,PRTRT,text,200.0,,,N,N,Collected,Investigator,,
2026-07-14,C62667,3-2,,PR,PR.PRTRT,SCINTIGRAPHYBONE,Scintigraphy Bone,PRSTDTC,C117529,N,,,,,,,Timing,PRSTDTC,is the start date for,IS_TIMING_FOR,PRTRT,datetime,,,,N,N,Collected,Investigator,,
2026-07-14,C62667,3-2,,PR,PR.PRTRT,SCINTIGRAPHYBONE,Scintigraphy Bone,PRENDTC,C117530,N,,,,,,,Timing,PRENDTC,is the end date for,IS_TIMING_FOR,PRTRT,datetime,,,,N,N,Collected,Investigator,,
2026-07-14,C15774,3-2,,PR,PR.PRTRT,SURGBRCAFREE,Breast Cancer Surgeries Free Text Format,PRTRT,C117511,N,,,,,,,Topic,PRTRT,is original text for,IS_ORIGINAL_TEXT_FOR,PRDECOD,text,200.0,,,Y,Y,Collected,Investigator,,
2026-07-14,C15774,3-2,,PR,PR.PRTRT,SURGBRCAFREE,Breast Cancer Surgeries Free Text Format,PRDECOD,C117512,N,C101858,PROCEDUR,,,,,Qualifier,PRDECOD,is a dictionary-derived term for the value in,IS_DERIVED_FROM,PRTRT,text,200.0,,,N,N,Assigned,Sponsor,,
2026-07-14,C15774,3-2,,PR,PR.PRTRT,SURGBRCAFREE,Breast Cancer Surgeries Free Text Format,PRCAT,C25372,N,,,,,,,Qualifier,,,,,text,200.0,,,N,N,Assigned,Sponsor,,
2026-07-14,C15774,3-2,,PR,PR.PRTRT,SURGBRCAFREE,Breast Cancer Surgeries Free Text Format,PRSCAT,C25692,N,,,,,,,Qualifier,,,,,text,200.0,,,N,N,Assigned,Sponsor,,
2026-07-14,C15774,3-2,,PR,PR.PRTRT,SURGBRCAFREE,Breast Cancer Surgeries Free Text Format,PRINDC,C127786,N,,,,BREAST CANCER,,,Qualifier,PRINDC,is the medical condition that is the reason for the treatment in,INDICATES,PRTRT,text,200.0,,,N,N,Assigned,Sponsor,,
2026-07-14,C15774,3-2,,PR,PR.PRTRT,SURGBRCAFREE,Breast Cancer Surgeries Free Text Format,PRLOC,C13717,N,C74456,LOC,,,,,Qualifier,PRLOC,is the administration anatomical location for the treatment in,SPECIFIES,PRTRT,text,20.0,,,N,N,Collected,Investigator,,
2026-07-14,C15774,3-2,,PR,PR.PRTRT,SURGBRCAFREE,Breast Cancer Surgeries Free Text Format,PRLAT,C25185,N,C99073,LAT,,RIGHT;LEFT;BILATERAL,,,Qualifier,PRLAT,further specifies the anatomical location in,SPECIFIES,PRLOC,text,20.0,,,N,N,Collected,Investigator,,
2026-07-14,C15774,3-2,,PR,PR.PRTRT,SURGBRCAFREE,Breast Cancer Surgeries Free Text Format,PRDIR,C54215,N,C99074,DIR,,,,,Qualifier,PRDIR,further specifies the anatomical location in,SPECIFIES,PRLOC,text,20.0,,,N,N,Collected,Investigator,,
2026-07-14,C15774,3-2,,PR,PR.PRTRT,SURGBRCAFREE,Breast Cancer Surgeries Free Text Format,PRSTDTC,C117529,N,,,,,,,Timing,PRSTDTC,is the start date for,IS_TIMING_FOR,PRTRT,datetime,,,,Y,N,Collected,Investigator,,
2026-07-14,C15774,3-2,,PR,PR.PRTRT,SURGBRCAFREE,Breast Cancer Surgeries Free Text Format,PRENDTC,C117530,N,,,,,,,Timing,PRENDTC,is the end date for,IS_TIMING_FOR,PRTRT,datetime,,,,N,N,Collected,Investigator,,
2026-07-14,C15329,3-2,,PR,PR.PRTRT,SURGBRCAPRESP,Breast Cancer Surgeries Prespecified,PRTRT,C117511,N,,,,SIMPLE MASTECTOMY;LYMPH NODE DISSECTION;TOTAL MASTECTOMY;MODIFIED RADICAL MASTECTOMY;RADICAL MASTECTOMY;LUMPECTOMY,,,Topic,PRTRT,is original text for,IS_ORIGINAL_TEXT_FOR,PRDECOD,text,200.0,,,Y,Y,Collected,Investigator,,
2026-07-14,C15329,3-2,,PR,PR.PRTRT,SURGBRCAPRESP,Breast Cancer Surgeries Prespecified,PRDECOD,C117512,N,C101858,PROCEDUR,,SIMPLE MASTECTOMY;LYMPH NODE DISSECTION;TOTAL MASTECTOMY;MODIFIED RADICAL MASTECTOMY;RADICAL MASTECTOMY;LUMPECTOMY,,,Qualifier,PRDECOD,is a dictionary-derived term for the value in,IS_DERIVED_FROM,PRTRT,text,200.0,,,N,N,Assigned,Sponsor,,
2026-07-14,C15329,3-2,,PR,PR.PRTRT,SURGBRCAPRESP,Breast Cancer Surgeries Prespecified,PRCAT,C25372,N,,,,,,,Qualifier,,,,,text,200.0,,,N,N,Assigned,Sponsor,,
2026-07-14,C15329,3-2,,PR,PR.PRTRT,SURGBRCAPRESP,Breast Cancer Surgeries Prespecified,PRSCAT,C25692,N,,,,,,,Qualifier,,,,,text,200.0,,,N,N,Assigned,Sponsor,,
2026-07-14,C15329,3-2,,PR,PR.PRTRT,SURGBRCAPRESP,Breast Cancer Surgeries Prespecified,PRPRESP,C171000,N,C66742,NY,,,,,Qualifier,PRPRESP,indicates pre-specification of the value in,IS_INDICATOR_FOR,PRTRT,text,1.0,,,N,N,Assigned,Sponsor,,
2026-07-14,C15329,3-2,,PR,PR.PRTRT,SURGBRCAPRESP,Breast Cancer Surgeries Prespecified,PROCCUR,C127786,N,C66742,NY,,,,,Qualifier,PROCCUR,indicates occurrence of the value in,IS_INDICATOR_FOR,PRTRT,text,1.0,,,N,N,Collected,Investigator,,
2026-07-14,C15329,3-2,,PR,PR.PRTRT,SURGBRCAPRESP,Breast Cancer Surgeries Prespecified,PRINDC,C41184,N,,,,,,BREAST CANCER,Qualifier,PRINDC,is the medical condition that is the reason for the treatment in,INDICATES,PRTRT,text,200.0,,,N,N,Assigned,Sponsor,,
2026-07-14,C15329,3-2,,PR,PR.PRTRT,SURGBRCAPRESP,Breast Cancer Surgeries Prespecified,PRLOC,C13717,N,C74456,LOC,,BREAST,,,Qualifier,PRLOC,is the administration anatomical location for the treatment in,SPECIFIES,PRTRT,text,20.0,,,N,N,Collected,Investigator,,
2026-07-14,C15329,3-2,,PR,PR.PRTRT,SURGBRCAPRESP,Breast Cancer Surgeries Prespecified,PRLAT,C25185,N,C99073,LAT,,RIGHT;LEFT;BILATERAL,,,Qualifier,PRLAT,further specifies the anatomical location in,SPECIFIES,PRLOC,text,20.0,,,N,N,Collected,Investigator,,
2026-07-14,C15329,3-2,,PR,PR.PRTRT,SURGBRCAPRESP,Breast Cancer Surgeries Prespecified,PRDIR,C54215,N,C99074,DIR,,,,,Qualifier,PRDIR,further specifies the anatomical location in,SPECIFIES,PRLOC,text,20.0,,,N,N,Collected,Investigator,,
2026-07-14,C15329,3-2,,PR,PR.PRTRT,SURGBRCAPRESP,Breast Cancer Surgeries Prespecified,PRSTDTC,C117529,N,,,,,,,Timing,PRSTDTC,is the start date for,IS_TIMING_FOR,PRTRT,datetime,,,,Y,N,Collected,Investigator,,
2026-07-14,C15329,3-2,,PR,PR.PRTRT,SURGBRCAPRESP,Breast Cancer Surgeries Prespecified,PRENDTC,C117530,N,,,,,,,Timing,PRENDTC,is the end date for,IS_TIMING_FOR,PRTRT,datetime,,,,N,N,Collected,Investigator,,
2026-07-14,C38101,3-4,,PR,PR.PRTRT,XRAY,X-Ray,PRTRT,C117511,N,,,,,,,Topic,PRTRT,is original text for,IS_ORIGINAL_TEXT_FOR,PRDECOD,text,200.0,,,Y,Y,Collected,Investigator,,
2026-07-14,C38101,3-4,,PR,PR.PRTRT,XRAY,X-Ray,PRDECOD,C117512,N,C101858,PROCEDUR,,,C38101,X-RAY,Qualifier,PRDECOD,is a dictionary-derived term for the value in,IS_DERIVED_FROM,PRTRT,text,200.0,,,Y,Y,Assigned,Sponsor,,
2026-07-14,C38101,3-4,,PR,PR.PRTRT,XRAY,X-Ray,PRCAT,C25372,N,,,,,,,Qualifier,,,,,text,200.0,,,N,N,Assigned,Sponsor,,
2026-07-14,C38101,3-4,,PR,PR.PRTRT,XRAY,X-Ray,PRSCAT,C25692,N,,,,,,,Qualifier,,,,,text,200.0,,,N,N,Assigned,Sponsor,,
2026-07-14,C38101,3-4,,PR,PR.PRTRT,XRAY,X-Ray,PRPRESP,C171000,N,C66742,NY,NY_Y,Y,,,Qualifier,PRPRESP,indicates pre-specification of the value in,IS_INDICATOR_FOR,PRTRT,text,1.0,,,N,N,Assigned,Sponsor,,
2026-07-14,C38101,3-4,,PR,PR.PRTRT,XRAY,X-Ray,PROCCUR,C127786,N,C66742,NY,NY_NY,N;Y,,,Qualifier,PROCCUR,indicates occurrence of the value in,IS_INDICATOR_FOR,PRTRT,text,1.0,,,N,N,Collected,Investigator,,
2026-07-14,C38101,3-4,,PR,PR.PRTRT,XRAY,X-Ray,PRLOC,C13717,N,C74456,LOC,,CHEST;HEAD;ABDOMINAL REGION;CERVICAL SPINE;THORACIC SPINE;LUMBAR SPINE,,,Qualifier,PRLOC,is the administration anatomical location for the treatment in,SPECIFIES,PRTRT,text,200.0,,,N,N,Collected,Investigator,,
2026-07-14,C38101,3-4,,PR,PR.PRTRT,XRAY,X-Ray,PRLAT,C25185,N,C99073,LAT,,RIGHT;LEFT;BILATERAL,,,Qualifier,PRLAT,further specifies the anatomical location in,SPECIFIES,PRLOC,text,20.0,,,N,N,Collected,Investigator,,
2026-07-14,C38101,3-4,,PR,PR.PRTRT,XRAY,X-Ray,PRSTDTC,C117529,N,,,,,,,Timing,PRSTDTC,is the start date for,IS_TIMING_FOR,PRTRT,datetime,,,,N,N,Collected,Investigator,,
2026-07-14,C38101,3-4,,PR,PR.PRTRT,XRAY,X-Ray,PRENDTC,C117530,N,,,,,,,Timing,PRENDTC,is the end date for,IS_TIMING_FOR,PRTRT,datetime,,,,N,N,Collected,Investigator,,
2026-07-14,C141696,3-2,3-4,RS,RS.RSTESTCD,AJCCV7_AJCC101,AJCC v7 - AJCC1-Primary Tumor (T),RSTESTCD,,N,C141655,AJCC1TC,,,C141696,AJCC101,Topic,RSTESTCD,is the code for the value in,IS_DECODED_BY,RSTEST,,,,,Y,Y,Assigned,Sponsor,EQ,
2026-07-14,C141696,3-2,3-4,RS,RS.RSTESTCD,AJCCV7_AJCC101,AJCC v7 - AJCC1-Primary Tumor (T),RSTEST,,N,C141654,AJCC1TN,,,C141696,AJCC1-Primary Tumor (T),Qualifier,RSTEST,decodes the value in,DECODES,RSTESTCD,,,,,Y,Y,Assigned,Sponsor,,
2026-07-14,C141696,3-2,3-4,RS,RS.RSTESTCD,AJCCV7_AJCC101,AJCC v7 - AJCC1-Primary Tumor (T),RSCAT,C25372,N,C124298,ONCRSCAT,,,C125755,AJCC V7,Qualifier,RSCAT,groups values in,GROUPS,RSTESTCD,,,,,Y,Y,,,EQ,
2026-07-14,C141696,3-2,3-4,RS,RS.RSTESTCD,AJCCV7_AJCC101,AJCC v7 - AJCC1-Primary Tumor (T),RSSCAT,C25692,N,,,,,,,Qualifier,RSSCAT,values are grouped by,IS_GROUPED_BY,RSCAT,,,,,Y,N,,,,
2026-07-14,C141696,3-2,3-4,RS,RS.RSTESTCD,AJCCV7_AJCC101,AJCC v7 - AJCC1-Primary Tumor (T),RSORRES,C91106,N,,,,TX;T0;Tis;T1;T1a;T1b;T2;T2a;T2b;T3;T4,,,Qualifier,RSORRES,is the result of the test in,IS_RESULT_OF,RSTESTCD,text,3.0,,,Y,N,Collected,Investigator,,Y
2026-07-14,C141696,3-2,3-4,RS,RS.RSTESTCD,AJCCV7_AJCC101,AJCC v7 - AJCC1-Primary Tumor (T),RSSTRESC,C46126,N,,,,TX;T0;Tis;T1;T1a;T1b;T2;T2a;T2b;T3;T4,,,Qualifier,RSSTRESC,is the result of the test in,IS_RESULT_OF,RSTESTCD,text,3.0,,,Y,N,Derived,Sponsor,,Y
2026-07-14,C141696,3-2,3-4,RS,RS.RSTESTCD,AJCCV7_AJCC101,AJCC v7 - AJCC1-Primary Tumor (T),RSDTC,C82515,N,,,,,,,Timing,RSDTC,is the date of occurrence for,IS_TIMING_FOR,RSTESTCD,,,,,Y,N,Collected,Investigator,,
2026-07-14,C141697,3-2,3-4,RS,RS.RSTESTCD,AJCCV7_AJCC102,AJCC v7 - AJCC1-Regional Lymph Nodes (N),RSTESTCD,,N,C141655,AJCC1TC,,,C141697,AJCC102,Topic,RSTESTCD,is the code for the value in,IS_DECODED_BY,RSTEST,,,,,Y,Y,Assigned,Sponsor,EQ,
2026-07-14,C141697,3-2,3-4,RS,RS.RSTESTCD,AJCCV7_AJCC102,AJCC v7 - AJCC1-Regional Lymph Nodes (N),RSTEST,,N,C141654,AJCC1TN,,,C141697,AJCC1-Regional Lymph Nodes (N),Qualifier,RSTEST,decodes the value in,DECODES,RSTESTCD,,,,,Y,Y,Assigned,Sponsor,,
2026-07-14,C141697,3-2,3-4,RS,RS.RSTESTCD,AJCCV7_AJCC102,AJCC v7 - AJCC1-Regional Lymph Nodes (N),RSCAT,C25372,N,C124298,ONCRSCAT,,,C125755,AJCC V7,Qualifier,RSCAT,groups values in,GROUPS,RSTESTCD,,,,,Y,Y,,,EQ,
2026-07-14,C141697,3-2,3-4,RS,RS.RSTESTCD,AJCCV7_AJCC102,AJCC v7 - AJCC1-Regional Lymph Nodes (N),RSSCAT,C25692,N,,,,,,,Qualifier,RSSCAT,values are grouped by,IS_GROUPED_BY,RSCAT,,,,,Y,N,,,,
2026-07-14,C141697,3-2,3-4,RS,RS.RSTESTCD,AJCCV7_AJCC102,AJCC v7 - AJCC1-Regional Lymph Nodes (N),RSORRES,C91106,N,,,,NX;N0;N1;N2;N3,,,Qualifier,RSORRES,is the result of the test in,IS_RESULT_OF,RSTESTCD,text,2.0,,,Y,N,Collected,Investigator,,Y
2026-07-14,C141697,3-2,3-4,RS,RS.RSTESTCD,AJCCV7_AJCC102,AJCC v7 - AJCC1-Regional Lymph Nodes (N),RSSTRESC,C46126,N,,,,NX;N0;N1;N2;N3,,,Qualifier,RSSTRESC,is the result of the test in,IS_RESULT_OF,RSTESTCD,text,2.0,,,Y,N,Derived,Sponsor,,Y
2026-07-14,C141697,3-2,3-4,RS,RS.RSTESTCD,AJCCV7_AJCC102,AJCC v7 - AJCC1-Regional Lymph Nodes (N),RSDTC,C82515,N,,,,,,,Timing,RSDTC,is the date of occurrence for,IS_TIMING_FOR,RSTESTCD,,,,,Y,N,Collected,Investigator,,
2026-07-14,C141698,3-2,3-4,RS,RS.RSTESTCD,AJCCV7_AJCC103,AJCC v7 - Distant Metastasis (M),RSTESTCD,,N,C141655,AJCC1TC,,,C141698,AJCC103,Topic,RSTESTCD,is the code for the value in,IS_DECODED_BY,RSTEST,,,,,Y,Y,Assigned,Sponsor,EQ,
2026-07-14,C141698,3-2,3-4,RS,RS.RSTESTCD,AJCCV7_AJCC103,AJCC v7 - Distant Metastasis (M),RSTEST,,N,C141654,AJCC1TN,,,C141698,AJCC1-Distant Metastasis (M),Qualifier,RSTEST,decodes the value in,DECODES,RSTESTCD,,,,,Y,Y,Assigned,Sponsor,,
2026-07-14,C141698,3-2,3-4,RS,RS.RSTESTCD,AJCCV7_AJCC103,AJCC v7 - Distant Metastasis (M),RSCAT,C25372,N,C124298,ONCRSCAT,,,C125755,AJCC V7,Qualifier,RSCAT,groups values in,GROUPS,RSTESTCD,,,,,Y,Y,,,EQ,
2026-07-14,C141698,3-2,3-4,RS,RS.RSTESTCD,AJCCV7_AJCC103,AJCC v7 - Distant Metastasis (M),RSSCAT,C25692,N,,,,,,,Qualifier,RSSCAT,values are grouped by,IS_GROUPED_BY,RSCAT,,,,,Y,N,,,,
2026-07-14,C141698,3-2,3-4,RS,RS.RSTESTCD,AJCCV7_AJCC103,AJCC v7 - Distant Metastasis (M),RSORRES,C91106,N,,,,M0;M1;M1a;M1b,,,Qualifier,RSORRES,is the result of the test in,IS_RESULT_OF,RSTESTCD,text,3.0,,,Y,N,Collected,Investigator,,Y
2026-07-14,C141698,3-2,3-4,RS,RS.RSTESTCD,AJCCV7_AJCC103,AJCC v7 - Distant Metastasis (M),RSSTRESC,C46126,N,,,,M0;M1;M1a;M1b,,,Qualifier,RSSTRESC,is the result of the test in,IS_RESULT_OF,RSTESTCD,text,3.0,,,Y,N,Derived,Sponsor,,Y
2026-07-14,C141698,3-2,3-4,RS,RS.RSTESTCD,AJCCV7_AJCC103,AJCC v7 - Distant Metastasis (M),RSDTC,C82515,N,,,,,,,Timing,RSDTC,is the date of occurrence for,IS_TIMING_FOR,RSTESTCD,,,,,Y,N,Collected,Investigator,,
2026-07-14,C141699,3-2,3-4,RS,RS.RSTESTCD,AJCCV7_AJCC104,AJCC v7 - Anatomic Stage,RSTESTCD,,N,C141655,AJCC1TC,,,C141699,AJCC104,Topic,RSTESTCD,is the code for the value in,IS_DECODED_BY,RSTEST,,,,,Y,Y,Assigned,Sponsor,EQ,
2026-07-14,C141699,3-2,3-4,RS,RS.RSTESTCD,AJCCV7_AJCC104,AJCC v7 - Anatomic Stage,RSTEST,,N,C141654,AJCC1TN,,,C141699,AJCC1-Anatomic Stage,Qualifier,RSTEST,decodes the value in,DECODES,RSTESTCD,,,,,Y,Y,Assigned,Sponsor,,
2026-07-14,C141699,3-2,3-4,RS,RS.RSTESTCD,AJCCV7_AJCC104,AJCC v7 - Anatomic Stage,RSCAT,C25372,N,C124298,ONCRSCAT,,,C125755,AJCC V7,Qualifier,RSCAT,groups values in,GROUPS,RSTESTCD,,,,,Y,Y,,,EQ,
2026-07-14,C141699,3-2,3-4,RS,RS.RSTESTCD,AJCCV7_AJCC104,AJCC v7 - Anatomic Stage,RSSCAT,C25692,N,,,,,,,Qualifier,RSSCAT,values are grouped by,IS_GROUPED_BY,RSCAT,,,,,Y,N,,,,
2026-07-14,C141699,3-2,3-4,RS,RS.RSTESTCD,AJCCV7_AJCC104,AJCC v7 - Anatomic Stage,RSORRES,C91106,N,,,,Occult;0;1A;1B;IIA;IIB;IIIA;IIIB;IV;Stage unknown,,,Qualifier,RSORRES,is the result of the test in,IS_RESULT_OF,RSTESTCD,text,13.0,,,Y,N,Collected,Investigator,,Y
2026-07-14,C141699,3-2,3-4,RS,RS.RSTESTCD,AJCCV7_AJCC104,AJCC v7 - Anatomic Stage,RSSTRESC,C46126,N,,,,Occult;0;1A;1B;IIA;IIB;IIIA;IIIB;IV;Stage unknown,,,Qualifier,RSSTRESC,is the result of the test in,IS_RESULT_OF,RSTESTCD,text,13.0,,,Y,N,Derived,Sponsor,,Y
2026-07-14,C141699,3-2,3-4,RS,RS.RSTESTCD,AJCCV7_AJCC104,AJCC v7 - Anatomic Stage,RSDTC,C82515,N,,,,,,,Timing,RSDTC,is the date of occurrence for,IS_TIMING_FOR,RSTESTCD,,,,,Y,N,Collected,Investigator,,
2026-07-14,C176205,3-2,3-4,RS,RS.RSTESTCD,AJCCV7_AJCC105,AJCC v7 - Residual Tumor (R),RSTESTCD,,N,C141655,AJCC1TC,,,C176205,AJCC105,Topic,RSTESTCD,is the code for the value in,IS_DECODED_BY,RSTEST,,,,,Y,Y,Assigned,Sponsor,EQ,
2026-07-14,C176205,3-2,3-4,RS,RS.RSTESTCD,AJCCV7_AJCC105,AJCC v7 - Residual Tumor (R),RSTEST,,N,C141654,AJCC1TN,,,C176205,AJCC1-Residual Tumor (R),Qualifier,RSTEST,decodes the value in,DECODES,RSTESTCD,,,,,Y,Y,Assigned,Sponsor,,
2026-07-14,C176205,3-2,3-4,RS,RS.RSTESTCD,AJCCV7_AJCC105,AJCC v7 - Residual Tumor (R),RSCAT,C25372,N,C124298,ONCRSCAT,,,C125755,AJCC V7,Qualifier,RSCAT,groups values in,GROUPS,RSTESTCD,,,,,Y,Y,,,EQ,
2026-07-14,C176205,3-2,3-4,RS,RS.RSTESTCD,AJCCV7_AJCC105,AJCC v7 - Residual Tumor (R),RSSCAT,C25692,N,,,,,,,Qualifier,RSSCAT,values are grouped by,IS_GROUPED_BY,RSCAT,,,,,Y,N,,,,
2026-07-14,C176205,3-2,3-4,RS,RS.RSTESTCD,AJCCV7_AJCC105,AJCC v7 - Residual Tumor (R),RSORRES,C91106,N,,,,RX;R0;R1;R2,,,Qualifier,RSORRES,is the result of the test in,IS_RESULT_OF,RSTESTCD,text,2.0,,,Y,N,Collected,Investigator,,Y
2026-07-14,C176205,3-2,3-4,RS,RS.RSTESTCD,AJCCV7_AJCC105,AJCC v7 - Residual Tumor (R),RSSTRESC,C46126,N,,,,RX;R0;R1;R2,,,Qualifier,RSSTRESC,is the result of the test in,IS_RESULT_OF,RSTESTCD,text,2.0,,,Y,N,Derived,Sponsor,,Y
2026-07-14,C176205,3-2,3-4,RS,RS.RSTESTCD,AJCCV7_AJCC105,AJCC v7 - Residual Tumor (R),RSDTC,C82515,N,,,,,,,Timing,RSDTC,is the date of occurrence for,IS_TIMING_FOR,RSTESTCD,,,,,Y,N,Collected,Investigator,,
2026-07-14,C123621,3-2,,RS,RS.RSTESTCD,DRCRIND,Disease Recurrence Indicator,RSTESTCD,,N,C96782,ONCRTSCD,,,C123621,DRCRIND,Topic,RSTESTCD,is the code for the value in,IS_DECODED_BY,RSTEST,,,,,Y,Y,Assigned,Sponsor,EQ,
2026-07-14,C123621,3-2,,RS,RS.RSTESTCD,DRCRIND,Disease Recurrence Indicator,RSTEST,,N,C96781,ONCRTS,,,C123621,Disease Recurrence Indicator,Qualifier,RSTEST,decodes the value in,DECODES,RSTESTCD,,,,,Y,Y,Assigned,Sponsor,,
2026-07-14,C123621,3-2,,RS,RS.RSTESTCD,DRCRIND,Disease Recurrence Indicator,RSORRES,C70856,N,C66742,NY,,Y;N;U,,,Qualifier,RSORRES,is the result of the test in,IS_RESULT_OF,RSTESTCD,text,2.0,,,Y,N,Collected,Vendor,,Y
2026-07-14,C123621,3-2,,RS,RS.RSTESTCD,DRCRIND,Disease Recurrence Indicator,RSSTRESC,C70856,N,C66742,NY,,Y;N;U,,,Qualifier,RSSTRESC,is the result of the test in,IS_RESULT_OF,RSTESTCD,text,2.0,,,Y,N,Derived,Sponsor,,Y
2026-07-14,C123621,3-2,,RS,RS.RSTESTCD,DRCRIND,Disease Recurrence Indicator,RSEVAL,C51824,N,C78735,EVAL,,INVESTIGATOR;INDEPENDENT ASSESSOR,,,Qualifier,RSEVAL,is the role of the assessor who performed the test in,PERFORMS,RSTESTCD,,,,,N,N,Assigned,Sponsor,IN,
2026-07-14,C123621,3-2,,RS,RS.RSTESTCD,DRCRIND,Disease Recurrence Indicator,RSEVALID,C117043,N,C96777,MEDEVAL,,RADIOLOGIST 1;RADIOLOGIST 2;RADIOLOGIST 3;HEMATOLOGIST 1;HEMATOLOGIST 2;PATHOLOGIST 1;PATHOLOGIST 2;ONCOLOGIST 1;ONCOLOGIST 2,,,Qualifier,RSEVALID,is an identifier for the evaluator with the role in,IDENTIFIES,RSEVAL,,,,,N,N,Collected,Vendor,IN,
2026-07-14,C123621,3-2,,RS,RS.RSTESTCD,DRCRIND,Disease Recurrence Indicator,RSDTC,C82515,N,,,,,,,Timing,RSDTC,is the date of occurrence for,IS_TIMING_FOR,RSTESTCD,,,,,Y,N,Collected,Sponsor,,
2026-07-14,C191069,3-2,,RS,RS.RSTESTCD,PASI03HEADAREASCORE,PASI Fredriksson Version - Head: Area Score,RSTESTCD,,N,C190934,PASI03TC,,,C191069,PASI0304,Topic,RSTESTCD,is the code for the value in,IS_DECODED_BY,RSTEST,,,,,Y,Y,Assigned,Sponsor,EQ,
2026-07-14,C191069,3-2,,RS,RS.RSTESTCD,PASI03HEADAREASCORE,PASI Fredriksson Version - Head: Area Score,RSTEST,,N,C190933,PASI03TN,,,C191069,PASI03-Head: Area Score,Qualifier,RSTEST,decodes the value in,DECODES,RSTESTCD,,,,,Y,Y,Assigned,Sponsor,,
2026-07-14,C191069,3-2,,RS,RS.RSTESTCD,PASI03HEADAREASCORE,PASI Fredriksson Version - Head: Area Score,RSCAT,C25372,N,C118971,CCCAT,,,C191040,PASI FREDRIKSSON,Qualifier,RSCAT,groups values in,GROUPS,RSTESTCD,,,,,Y,Y,,,EQ,
2026-07-14,C191069,3-2,,RS,RS.RSTESTCD,PASI03HEADAREASCORE,PASI Fredriksson Version - Head: Area Score,RSORRES,C91106,N,,,,NONE;SLIGHT;MODERATE;SEVERE;VERY SEVERE,,,Qualifier,RSORRES,is the result of the test in,IS_RESULT_OF,RSTESTCD,text,20.0,,,Y,N,Collected,Investigator,,Y
2026-07-14,C191069,3-2,,RS,RS.RSTESTCD,PASI03HEADAREASCORE,PASI Fredriksson Version - Head: Area Score,RSSTRESC,C46126,N,,,,0;1;2;3;4,,,Qualifier,RSSTRESC,is the result of the test in,IS_RESULT_OF,RSTESTCD,integer,1.0,,,Y,N,Derived,Sponsor,,Y
2026-07-14,C191069,3-2,,RS,RS.RSTESTCD,PASI03HEADAREASCORE,PASI Fredriksson Version - Head: Area Score,RSSTRESN,C46126,N,,,,0;1;2;3;4,,,Qualifier,RSSTRESN,is the result of the test in,IS_RESULT_OF,RSTESTCD,integer,1.0,,,Y,N,Derived,Sponsor,,Y
2026-07-14,C191069,3-2,,RS,RS.RSTESTCD,PASI03HEADAREASCORE,PASI Fredriksson Version - Head: Area Score,RSDTC,C82515,N,,,,,,,Timing,RSDTC,is the date of occurrence for,IS_TIMING_FOR,RSTESTCD,,,,,Y,N,Collected,Investigator,,
2026-07-14,C191069,3-2,,RS,RS.RSTESTCD,PASI03HEADAREASCORE,PASI Fredriksson Version - Head: Area Score,RSEVAL,C51824,N,C78735,EVAL,,INVESTIGATOR;DERMATOLOGIST,,,Qualifier,RSEVAL,is the role of the assessor who performed the test in,PERFORMS,RSTESTCD,,,,,Y,N,Assigned,Sponsor,IN,
2026-07-14,C191066,3-2,,RS,RS.RSTESTCD,PASI03HEADERYTHEMA,PASI03-Head: Erythema/Redness,RSTESTCD,,N,C190934,PASI03TC,,,C191066,PASI0301,Topic,RSTESTCD,is the code for the value in,IS_DECODED_BY,RSTEST,,,,,Y,Y,Assigned,Sponsor,EQ,
2026-07-14,C191066,3-2,,RS,RS.RSTESTCD,PASI03HEADERYTHEMA,PASI03-Head: Erythema/Redness,RSTEST,,N,C190933,PASI03TN,,,C191066,PASI03-Head: Erythema/Redness,Qualifier,RSTEST,decodes the value in,DECODES,RSTESTCD,,,,,Y,Y,Assigned,Sponsor,,
2026-07-14,C191066,3-2,,RS,RS.RSTESTCD,PASI03HEADERYTHEMA,PASI03-Head: Erythema/Redness,RSCAT,C25372,N,C118971,CCCAT,,,C191040,PASI FREDRIKSSON,Qualifier,RSCAT,groups values in,GROUPS,RSTESTCD,,,,,Y,Y,,,EQ,
2026-07-14,C191066,3-2,,RS,RS.RSTESTCD,PASI03HEADERYTHEMA,PASI03-Head: Erythema/Redness,RSORRES,C91106,N,,,,NONE;SLIGHT;MODERATE;SEVERE;VERY SEVERE,,,Qualifier,RSORRES,is the result of the test in,IS_RESULT_OF,RSTESTCD,text,20.0,,,Y,N,Collected,Investigator,,Y
2026-07-14,C191066,3-2,,RS,RS.RSTESTCD,PASI03HEADERYTHEMA,PASI03-Head: Erythema/Redness,RSSTRESC,C46126,N,,,,0;1;2;3;4,,,Qualifier,RSSTRESC,is the result of the test in,IS_RESULT_OF,RSTESTCD,integer,1.0,,,Y,N,Derived,Sponsor,,Y
2026-07-14,C191066,3-2,,RS,RS.RSTESTCD,PASI03HEADERYTHEMA,PASI03-Head: Erythema/Redness,RSSTRESN,C46126,N,,,,0;1;2;3;4,,,Qualifier,RSSTRESN,is the result of the test in,IS_RESULT_OF,RSTESTCD,integer,1.0,,,Y,N,Derived,Sponsor,,Y
2026-07-14,C191066,3-2,,RS,RS.RSTESTCD,PASI03HEADERYTHEMA,PASI03-Head: Erythema/Redness,RSDTC,C82515,N,,,,,,,Timing,RSDTC,is the date of occurrence for,IS_TIMING_FOR,RSTESTCD,,,,,Y,N,Collected,Investigator,,
2026-07-14,C191066,3-2,,RS,RS.RSTESTCD,PASI03HEADERYTHEMA,PASI03-Head: Erythema/Redness,RSEVAL,C51824,N,C78735,EVAL,,INVESTIGATOR;DERMATOLOGIST,,,Qualifier,RSEVAL,is the role of the assessor who performed the test in,PERFORMS,RSTESTCD,,,,,Y,N,Assigned,Sponsor,IN,
2026-07-14,C191068,3-2,,RS,RS.RSTESTCD,PASI03HEADSCALING,PASI Fredriksson Version - Head: Desquamation/Scaling,RSTESTCD,,N,C190934,PASI03TC,,,C191068,PASI0303,Topic,RSTESTCD,is the code for the value in,IS_DECODED_BY,RSTEST,,,,,Y,Y,Assigned,Sponsor,EQ,
2026-07-14,C191068,3-2,,RS,RS.RSTESTCD,PASI03HEADSCALING,PASI Fredriksson Version - Head: Desquamation/Scaling,RSTEST,,N,C190933,PASI03TN,,,C191068,PASI03-Head: Desquamation/Scaling,Qualifier,RSTEST,decodes the value in,DECODES,RSTESTCD,,,,,Y,Y,Assigned,Sponsor,,
2026-07-14,C191068,3-2,,RS,RS.RSTESTCD,PASI03HEADSCALING,PASI Fredriksson Version - Head: Desquamation/Scaling,RSCAT,C25372,N,C118971,CCCAT,,,C191040,PASI FREDRIKSSON,Qualifier,RSCAT,groups values in,GROUPS,RSTESTCD,,,,,Y,Y,,,EQ,
2026-07-14,C191068,3-2,,RS,RS.RSTESTCD,PASI03HEADSCALING,PASI Fredriksson Version - Head: Desquamation/Scaling,RSORRES,C91106,N,,,,NONE;SLIGHT;MODERATE;SEVERE;VERY SEVERE,,,Qualifier,RSORRES,is the result of the test in,IS_RESULT_OF,RSTESTCD,text,20.0,,,Y,N,Collected,Investigator,,Y
2026-07-14,C191068,3-2,,RS,RS.RSTESTCD,PASI03HEADSCALING,PASI Fredriksson Version - Head: Desquamation/Scaling,RSSTRESC,C46126,N,,,,0;1;2;3;4,,,Qualifier,RSSTRESC,is the result of the test in,IS_RESULT_OF,RSTESTCD,integer,1.0,,,Y,N,Derived,Sponsor,,Y
2026-07-14,C191068,3-2,,RS,RS.RSTESTCD,PASI03HEADSCALING,PASI Fredriksson Version - Head: Desquamation/Scaling,RSSTRESN,C46126,N,,,,0;1;2;3;4,,,Qualifier,RSSTRESN,is the result of the test in,IS_RESULT_OF,RSTESTCD,integer,1.0,,,Y,N,Derived,Sponsor,,Y
2026-07-14,C191068,3-2,,RS,RS.RSTESTCD,PASI03HEADSCALING,PASI Fredriksson Version - Head: Desquamation/Scaling,RSDTC,C82515,N,,,,,,,Timing,RSDTC,is the date of occurrence for,IS_TIMING_FOR,RSTESTCD,,,,,Y,N,Collected,Investigator,,
2026-07-14,C191068,3-2,,RS,RS.RSTESTCD,PASI03HEADSCALING,PASI Fredriksson Version - Head: Desquamation/Scaling,RSEVAL,C51824,N,C78735,EVAL,,INVESTIGATOR;DERMATOLOGIST,,,Qualifier,RSEVAL,is the role of the assessor who performed the test in,PERFORMS,RSTESTCD,,,,,Y,N,Assigned,Sponsor,IN,
2026-07-14,C191067,3-2,,RS,RS.RSTESTCD,PASI03HEADTHICKNESS,PASI Fredriksson Version - Head: Thickness/Induration,RSTESTCD,,N,C190934,PASI03TC,,,C191067,PASI0302,Topic,RSTESTCD,is the code for the value in,IS_DECODED_BY,RSTEST,,,,,Y,Y,Assigned,Sponsor,EQ,
2026-07-14,C191067,3-2,,RS,RS.RSTESTCD,PASI03HEADTHICKNESS,PASI Fredriksson Version - Head: Thickness/Induration,RSTEST,,N,C190933,PASI03TN,,,C191067,PASI03-Head: Thickness/Induration,Qualifier,RSTEST,decodes the value in,DECODES,RSTESTCD,,,,,Y,Y,Assigned,Sponsor,,
2026-07-14,C191067,3-2,,RS,RS.RSTESTCD,PASI03HEADTHICKNESS,PASI Fredriksson Version - Head: Thickness/Induration,RSCAT,C25372,N,C118971,CCCAT,,,C191040,PASI FREDRIKSSON,Qualifier,RSCAT,groups values in,GROUPS,RSTESTCD,,,,,Y,Y,,,EQ,
2026-07-14,C191067,3-2,,RS,RS.RSTESTCD,PASI03HEADTHICKNESS,PASI Fredriksson Version - Head: Thickness/Induration,RSORRES,C91106,N,,,,NONE;SLIGHT;MODERATE;SEVERE;VERY SEVERE,,,Qualifier,RSORRES,is the result of the test in,IS_RESULT_OF,RSTESTCD,text,20.0,,,Y,N,Collected,Investigator,,Y
2026-07-14,C191067,3-2,,RS,RS.RSTESTCD,PASI03HEADTHICKNESS,PASI Fredriksson Version - Head: Thickness/Induration,RSSTRESC,C46126,N,,,,0;1;2;3;4,,,Qualifier,RSSTRESC,is the result of the test in,IS_RESULT_OF,RSTESTCD,integer,1.0,,,Y,N,Derived,Sponsor,,Y
2026-07-14,C191067,3-2,,RS,RS.RSTESTCD,PASI03HEADTHICKNESS,PASI Fredriksson Version - Head: Thickness/Induration,RSSTRESN,C46126,N,,,,0;1;2;3;4,,,Qualifier,RSSTRESN,is the result of the test in,IS_RESULT_OF,RSTESTCD,integer,1.0,,,Y,N,Derived,Sponsor,,Y
2026-07-14,C191067,3-2,,RS,RS.RSTESTCD,PASI03HEADTHICKNESS,PASI Fredriksson Version - Head: Thickness/Induration,RSDTC,C82515,N,,,,,,,Timing,RSDTC,is the date of occurrence for,IS_TIMING_FOR,RSTESTCD,,,,,Y,N,Collected,Investigator,,
2026-07-14,C191067,3-2,,RS,RS.RSTESTCD,PASI03HEADTHICKNESS,PASI Fredriksson Version - Head: Thickness/Induration,RSEVAL,C51824,N,C78735,EVAL,,INVESTIGATOR;DERMATOLOGIST,,,Qualifier,RSEVAL,is the role of the assessor who performed the test in,PERFORMS,RSTESTCD,,,,,Y,N,Assigned,Sponsor,IN,
2026-07-14,C191081,3-2,,RS,RS.RSTESTCD,PASI03LOWEREXAREASCORE,PASI Fredriksson Version - Lower Extremities: Area Score,RSTESTCD,,N,C190934,PASI03TC,,,C191081,PASI0316,Topic,RSTESTCD,is the code for the value in,IS_DECODED_BY,RSTEST,,,,,Y,Y,Assigned,Sponsor,EQ,
2026-07-14,C191081,3-2,,RS,RS.RSTESTCD,PASI03LOWEREXAREASCORE,PASI Fredriksson Version - Lower Extremities: Area Score,RSTEST,,N,C190933,PASI03TN,,,C191081,PASI03-Low Extrem: Area Score,Qualifier,RSTEST,decodes the value in,DECODES,RSTESTCD,,,,,Y,Y,Assigned,Sponsor,,
2026-07-14,C191081,3-2,,RS,RS.RSTESTCD,PASI03LOWEREXAREASCORE,PASI Fredriksson Version - Lower Extremities: Area Score,RSCAT,C25372,N,C118971,CCCAT,,,C191040,PASI FREDRIKSSON,Qualifier,RSCAT,groups values in,GROUPS,RSTESTCD,,,,,Y,Y,,,EQ,
2026-07-14,C191081,3-2,,RS,RS.RSTESTCD,PASI03LOWEREXAREASCORE,PASI Fredriksson Version - Lower Extremities: Area Score,RSORRES,C91106,N,,,,NONE;SLIGHT;MODERATE;SEVERE;VERY SEVERE,,,Qualifier,RSORRES,is the result of the test in,IS_RESULT_OF,RSTESTCD,text,20.0,,,Y,N,Collected,Investigator,,Y
2026-07-14,C191081,3-2,,RS,RS.RSTESTCD,PASI03LOWEREXAREASCORE,PASI Fredriksson Version - Lower Extremities: Area Score,RSSTRESC,C46126,N,,,,0;1;2;3;4,,,Qualifier,RSSTRESC,is the result of the test in,IS_RESULT_OF,RSTESTCD,integer,1.0,,,Y,N,Derived,Sponsor,,Y
2026-07-14,C191081,3-2,,RS,RS.RSTESTCD,PASI03LOWEREXAREASCORE,PASI Fredriksson Version - Lower Extremities: Area Score,RSSTRESN,C46126,N,,,,0;1;2;3;4,,,Qualifier,RSSTRESN,is the result of the test in,IS_RESULT_OF,RSTESTCD,integer,1.0,,,Y,N,Derived,Sponsor,,Y
2026-07-14,C191081,3-2,,RS,RS.RSTESTCD,PASI03LOWEREXAREASCORE,PASI Fredriksson Version - Lower Extremities: Area Score,RSDTC,C82515,N,,,,,,,Timing,RSDTC,is the date of occurrence for,IS_TIMING_FOR,RSTESTCD,,,,,Y,N,Collected,Investigator,,
2026-07-14,C191081,3-2,,RS,RS.RSTESTCD,PASI03LOWEREXAREASCORE,PASI Fredriksson Version - Lower Extremities: Area Score,RSEVAL,C51824,N,C78735,EVAL,,INVESTIGATOR;DERMATOLOGIST,,,Qualifier,RSEVAL,is the role of the assessor who performed the test in,PERFORMS,RSTESTCD,,,,,Y,N,Assigned,Sponsor,IN,
2026-07-14,C191078,3-2,,RS,RS.RSTESTCD,PASI03LOWEREXERYTHEMA,PASI Fredriksson Version - Lower Extremities: Erythema/Redness,RSTESTCD,,N,C190934,PASI03TC,,,C191078,PASI0313,Topic,RSTESTCD,is the code for the value in,IS_DECODED_BY,RSTEST,,,,,Y,Y,Assigned,Sponsor,EQ,
2026-07-14,C191078,3-2,,RS,RS.RSTESTCD,PASI03LOWEREXERYTHEMA,PASI Fredriksson Version - Lower Extremities: Erythema/Redness,RSTEST,,N,C190933,PASI03TN,,,C191078,PASI03-Low Extrem: Erythema/Redness,Qualifier,RSTEST,decodes the value in,DECODES,RSTESTCD,,,,,Y,Y,Assigned,Sponsor,,
2026-07-14,C191078,3-2,,RS,RS.RSTESTCD,PASI03LOWEREXERYTHEMA,PASI Fredriksson Version - Lower Extremities: Erythema/Redness,RSCAT,C25372,N,C118971,CCCAT,,,C191040,PASI FREDRIKSSON,Qualifier,RSCAT,groups values in,GROUPS,RSTESTCD,,,,,Y,Y,,,EQ,
2026-07-14,C191078,3-2,,RS,RS.RSTESTCD,PASI03LOWEREXERYTHEMA,PASI Fredriksson Version - Lower Extremities: Erythema/Redness,RSORRES,C91106,N,,,,NONE;SLIGHT;MODERATE;SEVERE;VERY SEVERE,,,Qualifier,RSORRES,is the result of the test in,IS_RESULT_OF,RSTESTCD,text,20.0,,,Y,N,Collected,Investigator,,Y
2026-07-14,C191078,3-2,,RS,RS.RSTESTCD,PASI03LOWEREXERYTHEMA,PASI Fredriksson Version - Lower Extremities: Erythema/Redness,RSSTRESC,C46126,N,,,,0;1;2;3;4,,,Qualifier,RSSTRESC,is the result of the test in,IS_RESULT_OF,RSTESTCD,integer,1.0,,,Y,N,Derived,Sponsor,,Y
2026-07-14,C191078,3-2,,RS,RS.RSTESTCD,PASI03LOWEREXERYTHEMA,PASI Fredriksson Version - Lower Extremities: Erythema/Redness,RSSTRESN,C46126,N,,,,0;1;2;3;4,,,Qualifier,RSSTRESN,is the result of the test in,IS_RESULT_OF,RSTESTCD,integer,1.0,,,Y,N,Derived,Sponsor,,Y
2026-07-14,C191078,3-2,,RS,RS.RSTESTCD,PASI03LOWEREXERYTHEMA,PASI Fredriksson Version - Lower Extremities: Erythema/Redness,RSDTC,C82515,N,,,,,,,Timing,RSDTC,is the date of occurrence for,IS_TIMING_FOR,RSTESTCD,,,,,Y,N,Collected,Investigator,,
2026-07-14,C191078,3-2,,RS,RS.RSTESTCD,PASI03LOWEREXERYTHEMA,PASI Fredriksson Version - Lower Extremities: Erythema/Redness,RSEVAL,C51824,N,C78735,EVAL,,INVESTIGATOR;DERMATOLOGIST,,,Qualifier,RSEVAL,is the role of the assessor who performed the test in,PERFORMS,RSTESTCD,,,,,Y,N,Assigned,Sponsor,IN,
2026-07-14,C191080,3-2,,RS,RS.RSTESTCD,PASI03LOWEREXSCALING,PASI Fredriksson Version - Lower Extremities: Desquamation/Scaling,RSTESTCD,,N,C190934,PASI03TC,,,C191080,PASI0315,Topic,RSTESTCD,is the code for the value in,IS_DECODED_BY,RSTEST,,,,,Y,Y,Assigned,Sponsor,EQ,
2026-07-14,C191080,3-2,,RS,RS.RSTESTCD,PASI03LOWEREXSCALING,PASI Fredriksson Version - Lower Extremities: Desquamation/Scaling,RSTEST,,N,C190933,PASI03TN,,,C191080,PASI03-Low Extrem: Desquamation/Scaling,Qualifier,RSTEST,decodes the value in,DECODES,RSTESTCD,,,,,Y,Y,Assigned,Sponsor,,
2026-07-14,C191080,3-2,,RS,RS.RSTESTCD,PASI03LOWEREXSCALING,PASI Fredriksson Version - Lower Extremities: Desquamation/Scaling,RSCAT,C25372,N,C118971,CCCAT,,,C191040,PASI FREDRIKSSON,Qualifier,RSCAT,groups values in,GROUPS,RSTESTCD,,,,,Y,Y,,,EQ,
2026-07-14,C191080,3-2,,RS,RS.RSTESTCD,PASI03LOWEREXSCALING,PASI Fredriksson Version - Lower Extremities: Desquamation/Scaling,RSORRES,C91106,N,,,,NONE;SLIGHT;MODERATE;SEVERE;VERY SEVERE,,,Qualifier,RSORRES,is the result of the test in,IS_RESULT_OF,RSTESTCD,text,20.0,,,Y,N,Collected,Investigator,,Y
2026-07-14,C191080,3-2,,RS,RS.RSTESTCD,PASI03LOWEREXSCALING,PASI Fredriksson Version - Lower Extremities: Desquamation/Scaling,RSSTRESC,C46126,N,,,,0;1;2;3;4,,,Qualifier,RSSTRESC,is the result of the test in,IS_RESULT_OF,RSTESTCD,integer,1.0,,,Y,N,Derived,Sponsor,,Y
2026-07-14,C191080,3-2,,RS,RS.RSTESTCD,PASI03LOWEREXSCALING,PASI Fredriksson Version - Lower Extremities: Desquamation/Scaling,RSSTRESN,C46126,N,,,,0;1;2;3;4,,,Qualifier,RSSTRESN,is the result of the test in,IS_RESULT_OF,RSTESTCD,integer,1.0,,,Y,N,Derived,Sponsor,,Y
2026-07-14,C191080,3-2,,RS,RS.RSTESTCD,PASI03LOWEREXSCALING,PASI Fredriksson Version - Lower Extremities: Desquamation/Scaling,RSEVAL,C51824,N,C78735,EVAL,,INVESTIGATOR;DERMATOLOGIST,,,Qualifier,RSEVAL,is the role of the assessor who performed the test in,PERFORMS,RSTESTCD,,,,,Y,N,Assigned,Sponsor,IN,
2026-07-14,C191080,3-2,,RS,RS.RSTESTCD,PASI03LOWEREXSCALING,PASI Fredriksson Version - Lower Extremities: Desquamation/Scaling,RSDTC,C82515,N,,,,,,,Timing,RSDTC,is the date of occurrence for,IS_TIMING_FOR,RSTESTCD,,,,,Y,N,Collected,Investigator,,
2026-07-14,C191079,3-2,,RS,RS.RSTESTCD,PASI03LOWEREXTHICKNESS,PASI Fredriksson Version - Lower Extremities: Thickness/Induration,RSTESTCD,,N,C190934,PASI03TC,,,C191079,PASI0314,Topic,RSTESTCD,is the code for the value in,IS_DECODED_BY,RSTEST,,,,,Y,Y,Assigned,Sponsor,EQ,
2026-07-14,C191079,3-2,,RS,RS.RSTESTCD,PASI03LOWEREXTHICKNESS,PASI Fredriksson Version - Lower Extremities: Thickness/Induration,RSTEST,,N,C190933,PASI03TN,,,C191079,PASI03-Low Extrem: Thickness/Induration,Qualifier,RSTEST,decodes the value in,DECODES,RSTESTCD,,,,,Y,Y,Assigned,Sponsor,,
2026-07-14,C191079,3-2,,RS,RS.RSTESTCD,PASI03LOWEREXTHICKNESS,PASI Fredriksson Version - Lower Extremities: Thickness/Induration,RSCAT,C25372,N,C118971,CCCAT,,,C191040,PASI FREDRIKSSON,Qualifier,RSCAT,groups values in,GROUPS,RSTESTCD,,,,,Y,Y,,,EQ,
2026-07-14,C191079,3-2,,RS,RS.RSTESTCD,PASI03LOWEREXTHICKNESS,PASI Fredriksson Version - Lower Extremities: Thickness/Induration,RSORRES,C91106,N,,,,NONE;SLIGHT;MODERATE;SEVERE;VERY SEVERE,,,Qualifier,RSORRES,is the result of the test in,IS_RESULT_OF,RSTESTCD,text,20.0,,,Y,N,Collected,Investigator,,Y
2026-07-14,C191079,3-2,,RS,RS.RSTESTCD,PASI03LOWEREXTHICKNESS,PASI Fredriksson Version - Lower Extremities: Thickness/Induration,RSSTRESC,C46126,N,,,,0;1;2;3;4,,,Qualifier,RSSTRESC,is the result of the test in,IS_RESULT_OF,RSTESTCD,integer,1.0,,,Y,N,Derived,Sponsor,,Y
2026-07-14,C191079,3-2,,RS,RS.RSTESTCD,PASI03LOWEREXTHICKNESS,PASI Fredriksson Version - Lower Extremities: Thickness/Induration,RSSTRESN,C46126,N,,,,0;1;2;3;4,,,Qualifier,RSSTRESN,is the result of the test in,IS_RESULT_OF,RSTESTCD,integer,1.0,,,Y,N,Derived,Sponsor,,Y
2026-07-14,C191079,3-2,,RS,RS.RSTESTCD,PASI03LOWEREXTHICKNESS,PASI Fredriksson Version - Lower Extremities: Thickness/Induration,RSDTC,C82515,N,,,,,,,Timing,RSDTC,is the date of occurrence for,IS_TIMING_FOR,RSTESTCD,,,,,Y,N,Collected,Investigator,,
2026-07-14,C191079,3-2,,RS,RS.RSTESTCD,PASI03LOWEREXTHICKNESS,PASI Fredriksson Version - Lower Extremities: Thickness/Induration,RSEVAL,C51824,N,C78735,EVAL,,INVESTIGATOR;DERMATOLOGIST,,,Qualifier,RSEVAL,is the role of the assessor who performed the test in,PERFORMS,RSTESTCD,,,,,Y,N,Assigned,Sponsor,IN,
2026-07-14,C191077,3-2,,RS,RS.RSTESTCD,PASI03TRUNKAREASCORE,PASI Fredriksson Version - Trunk: Area Score,RSTESTCD,,N,C190934,PASI03TC,,,C191077,PASI0312,Topic,RSTESTCD,is the code for the value in,IS_DECODED_BY,RSTEST,,,,,Y,Y,Assigned,Sponsor,EQ,
2026-07-14,C191077,3-2,,RS,RS.RSTESTCD,PASI03TRUNKAREASCORE,PASI Fredriksson Version - Trunk: Area Score,RSTEST,,N,C190933,PASI03TN,,,C191077,PASI03-Trunk: Area Score,Qualifier,RSTEST,decodes the value in,DECODES,RSTESTCD,,,,,Y,Y,Assigned,Sponsor,,
2026-07-14,C191077,3-2,,RS,RS.RSTESTCD,PASI03TRUNKAREASCORE,PASI Fredriksson Version - Trunk: Area Score,RSCAT,C25372,N,C118971,CCCAT,,,C191040,PASI FREDRIKSSON,Qualifier,RSCAT,groups values in,GROUPS,RSTESTCD,,,,,Y,Y,,,EQ,
2026-07-14,C191077,3-2,,RS,RS.RSTESTCD,PASI03TRUNKAREASCORE,PASI Fredriksson Version - Trunk: Area Score,RSORRES,C91106,N,,,,NONE;SLIGHT;MODERATE;SEVERE;VERY SEVERE,,,Qualifier,RSORRES,is the result of the test in,IS_RESULT_OF,RSTESTCD,text,20.0,,,Y,N,Collected,Investigator,,Y
2026-07-14,C191077,3-2,,RS,RS.RSTESTCD,PASI03TRUNKAREASCORE,PASI Fredriksson Version - Trunk: Area Score,RSSTRESC,C46126,N,,,,0;1;2;3;4,,,Qualifier,RSSTRESC,is the result of the test in,IS_RESULT_OF,RSTESTCD,integer,1.0,,,Y,N,Derived,Sponsor,,Y
2026-07-14,C191077,3-2,,RS,RS.RSTESTCD,PASI03TRUNKAREASCORE,PASI Fredriksson Version - Trunk: Area Score,RSSTRESN,C46126,N,,,,0;1;2;3;4,,,Qualifier,RSSTRESN,is the result of the test in,IS_RESULT_OF,RSTESTCD,integer,1.0,,,Y,N,Derived,Sponsor,,Y
2026-07-14,C191077,3-2,,RS,RS.RSTESTCD,PASI03TRUNKAREASCORE,PASI Fredriksson Version - Trunk: Area Score,RSDTC,C82515,N,,,,,,,Timing,RSDTC,is the date of occurrence for,IS_TIMING_FOR,RSTESTCD,,,,,Y,N,Collected,Investigator,,
2026-07-14,C191077,3-2,,RS,RS.RSTESTCD,PASI03TRUNKAREASCORE,PASI Fredriksson Version - Trunk: Area Score,RSEVAL,C51824,N,C78735,EVAL,,INVESTIGATOR;DERMATOLOGIST,,,Qualifier,RSEVAL,is the role of the assessor who performed the test in,PERFORMS,RSTESTCD,,,,,Y,N,Assigned,Sponsor,IN,
2026-07-14,C191074,3-2,,RS,RS.RSTESTCD,PASI03TRUNKERYTHEMA,PASI Fredriksson Version - Trunk: Erythema/Redness,RSTESTCD,,N,C190934,PASI03TC,,,C191074,PASI0309,Topic,RSTESTCD,is the code for the value in,IS_DECODED_BY,RSTEST,,,,,Y,Y,Assigned,Sponsor,EQ,
2026-07-14,C191074,3-2,,RS,RS.RSTESTCD,PASI03TRUNKERYTHEMA,PASI Fredriksson Version - Trunk: Erythema/Redness,RSTEST,,N,C190933,PASI03TN,,,C191074,PASI03-Trunk: Erythema/Redness,Qualifier,RSTEST,decodes the value in,DECODES,RSTESTCD,,,,,Y,Y,Assigned,Sponsor,,
2026-07-14,C191074,3-2,,RS,RS.RSTESTCD,PASI03TRUNKERYTHEMA,PASI Fredriksson Version - Trunk: Erythema/Redness,RSCAT,C25372,N,C118971,CCCAT,,,C191040,PASI FREDRIKSSON,Qualifier,RSCAT,groups values in,GROUPS,RSTESTCD,,,,,Y,Y,,,EQ,
2026-07-14,C191074,3-2,,RS,RS.RSTESTCD,PASI03TRUNKERYTHEMA,PASI Fredriksson Version - Trunk: Erythema/Redness,RSORRES,C91106,N,,,,NONE;SLIGHT;MODERATE;SEVERE;VERY SEVERE,,,Qualifier,RSORRES,is the result of the test in,IS_RESULT_OF,RSTESTCD,text,20.0,,,Y,N,Collected,Investigator,,Y
2026-07-14,C191074,3-2,,RS,RS.RSTESTCD,PASI03TRUNKERYTHEMA,PASI Fredriksson Version - Trunk: Erythema/Redness,RSSTRESC,C46126,N,,,,0;1;2;3;4,,,Qualifier,RSSTRESC,is the result of the test in,IS_RESULT_OF,RSTESTCD,integer,1.0,,,Y,N,Derived,Sponsor,,Y
2026-07-14,C191074,3-2,,RS,RS.RSTESTCD,PASI03TRUNKERYTHEMA,PASI Fredriksson Version - Trunk: Erythema/Redness,RSSTRESN,C46126,N,,,,0;1;2;3;4,,,Qualifier,RSSTRESN,is the result of the test in,IS_RESULT_OF,RSTESTCD,integer,1.0,,,Y,N,Derived,Sponsor,,Y
2026-07-14,C191074,3-2,,RS,RS.RSTESTCD,PASI03TRUNKERYTHEMA,PASI Fredriksson Version - Trunk: Erythema/Redness,RSDTC,C82515,N,,,,,,,Timing,RSDTC,is the date of occurrence for,IS_TIMING_FOR,RSTESTCD,,,,,Y,N,Collected,Investigator,,
2026-07-14,C191074,3-2,,RS,RS.RSTESTCD,PASI03TRUNKERYTHEMA,PASI Fredriksson Version - Trunk: Erythema/Redness,RSEVAL,C51824,N,C78735,EVAL,,INVESTIGATOR;DERMATOLOGIST,,,Qualifier,RSEVAL,is the role of the assessor who performed the test in,PERFORMS,RSTESTCD,,,,,Y,N,Assigned,Sponsor,IN,
2026-07-14,C191076,3-2,,RS,RS.RSTESTCD,PASI03TRUNKSCALING,PASI Fredriksson Version - Trunk: Desquamation/Scaling,RSTESTCD,,N,C190934,PASI03TC,,,C191076,PASI0311,Topic,RSTESTCD,is the code for the value in,IS_DECODED_BY,RSTEST,,,,,Y,Y,Assigned,Sponsor,EQ,
2026-07-14,C191076,3-2,,RS,RS.RSTESTCD,PASI03TRUNKSCALING,PASI Fredriksson Version - Trunk: Desquamation/Scaling,RSTEST,,N,C190933,PASI03TN,,,C191076,PASI03-Trunk: Desquamation/Scaling,Qualifier,RSTEST,decodes the value in,DECODES,RSTESTCD,,,,,Y,Y,Assigned,Sponsor,,
2026-07-14,C191076,3-2,,RS,RS.RSTESTCD,PASI03TRUNKSCALING,PASI Fredriksson Version - Trunk: Desquamation/Scaling,RSCAT,C25372,N,C118971,CCCAT,,,C191040,PASI FREDRIKSSON,Qualifier,RSCAT,groups values in,GROUPS,RSTESTCD,,,,,Y,Y,,,EQ,
2026-07-14,C191076,3-2,,RS,RS.RSTESTCD,PASI03TRUNKSCALING,PASI Fredriksson Version - Trunk: Desquamation/Scaling,RSORRES,C91106,N,,,,NONE;SLIGHT;MODERATE;SEVERE;VERY SEVERE,,,Qualifier,RSORRES,is the result of the test in,IS_RESULT_OF,RSTESTCD,text,20.0,,,Y,N,Collected,Investigator,,Y
2026-07-14,C191076,3-2,,RS,RS.RSTESTCD,PASI03TRUNKSCALING,PASI Fredriksson Version - Trunk: Desquamation/Scaling,RSSTRESC,C46126,N,,,,0;1;2;3;4,,,Qualifier,RSSTRESC,is the result of the test in,IS_RESULT_OF,RSTESTCD,integer,1.0,,,Y,N,Derived,Sponsor,,Y
2026-07-14,C191076,3-2,,RS,RS.RSTESTCD,PASI03TRUNKSCALING,PASI Fredriksson Version - Trunk: Desquamation/Scaling,RSSTRESN,C46126,N,,,,0;1;2;3;4,,,Qualifier,RSSTRESN,is the result of the test in,IS_RESULT_OF,RSTESTCD,integer,1.0,,,Y,N,Derived,Sponsor,,Y
2026-07-14,C191076,3-2,,RS,RS.RSTESTCD,PASI03TRUNKSCALING,PASI Fredriksson Version - Trunk: Desquamation/Scaling,RSDTC,C82515,N,,,,,,,Timing,RSDTC,is the date of occurrence for,IS_TIMING_FOR,RSTESTCD,,,,,Y,N,Collected,Investigator,,
2026-07-14,C191076,3-2,,RS,RS.RSTESTCD,PASI03TRUNKSCALING,PASI Fredriksson Version - Trunk: Desquamation/Scaling,RSEVAL,C51824,N,C78735,EVAL,,INVESTIGATOR;DERMATOLOGIST,,,Qualifier,RSEVAL,is the role of the assessor who performed the test in,PERFORMS,RSTESTCD,,,,,Y,N,Assigned,Sponsor,IN,
2026-07-14,C191075,3-2,,RS,RS.RSTESTCD,PASI03TRUNKTHICKNESS,PASI Fredriksson Version - Trunk: Thickness/Induration,RSTESTCD,,N,C190934,PASI03TC,,,C191075,PASI0310,Topic,RSTESTCD,is the code for the value in,IS_DECODED_BY,RSTEST,,,,,Y,Y,Assigned,Sponsor,EQ,
2026-07-14,C191075,3-2,,RS,RS.RSTESTCD,PASI03TRUNKTHICKNESS,PASI Fredriksson Version - Trunk: Thickness/Induration,RSTEST,,N,C190933,PASI03TN,,,C191075,PASI03-Trunk: Thickness/Induration,Qualifier,RSTEST,decodes the value in,DECODES,RSTESTCD,,,,,Y,Y,Assigned,Sponsor,,
2026-07-14,C191075,3-2,,RS,RS.RSTESTCD,PASI03TRUNKTHICKNESS,PASI Fredriksson Version - Trunk: Thickness/Induration,RSCAT,C25372,N,C118971,CCCAT,,,C191040,PASI FREDRIKSSON,Qualifier,RSCAT,groups values in,GROUPS,RSTESTCD,,,,,Y,Y,,,EQ,
2026-07-14,C191075,3-2,,RS,RS.RSTESTCD,PASI03TRUNKTHICKNESS,PASI Fredriksson Version - Trunk: Thickness/Induration,RSORRES,C91106,N,,,,NONE;SLIGHT;MODERATE;SEVERE;VERY SEVERE,,,Qualifier,RSORRES,is the result of the test in,IS_RESULT_OF,RSTESTCD,text,20.0,,,Y,N,Collected,Investigator,,Y
2026-07-14,C191075,3-2,,RS,RS.RSTESTCD,PASI03TRUNKTHICKNESS,PASI Fredriksson Version - Trunk: Thickness/Induration,RSSTRESC,C46126,N,,,,0;1;2;3;4,,,Qualifier,RSSTRESC,is the result of the test in,IS_RESULT_OF,RSTESTCD,integer,1.0,,,Y,N,Derived,Sponsor,,Y
2026-07-14,C191075,3-2,,RS,RS.RSTESTCD,PASI03TRUNKTHICKNESS,PASI Fredriksson Version - Trunk: Thickness/Induration,RSSTRESN,C46126,N,,,,0;1;2;3;4,,,Qualifier,RSSTRESN,is the result of the test in,IS_RESULT_OF,RSTESTCD,integer,1.0,,,Y,N,Derived,Sponsor,,Y
2026-07-14,C191075,3-2,,RS,RS.RSTESTCD,PASI03TRUNKTHICKNESS,PASI Fredriksson Version - Trunk: Thickness/Induration,RSDTC,C82515,N,,,,,,,Timing,RSDTC,is the date of occurrence for,IS_TIMING_FOR,RSTESTCD,,,,,Y,N,Collected,Investigator,,
2026-07-14,C191075,3-2,,RS,RS.RSTESTCD,PASI03TRUNKTHICKNESS,PASI Fredriksson Version - Trunk: Thickness/Induration,RSEVAL,C51824,N,C78735,EVAL,,INVESTIGATOR;DERMATOLOGIST,,,Qualifier,RSEVAL,is the role of the assessor who performed the test in,PERFORMS,RSTESTCD,,,,,Y,N,Assigned,Sponsor,IN,
2026-07-14,C191073,3-2,,RS,RS.RSTESTCD,PASI03UPPEREXAREASCORE,PASI Fredriksson Version - Upper Extremities: Area Score,RSTESTCD,,N,C190934,PASI03TC,,,C191073,PASI0308,Topic,RSTESTCD,is the code for the value in,IS_DECODED_BY,RSTEST,,,,,Y,Y,Assigned,Sponsor,EQ,
2026-07-14,C191073,3-2,,RS,RS.RSTESTCD,PASI03UPPEREXAREASCORE,PASI Fredriksson Version - Upper Extremities: Area Score,RSTEST,,N,C190933,PASI03TN,,,C191073,PASI03-Up Extrem: Area Score,Qualifier,RSTEST,decodes the value in,DECODES,RSTESTCD,,,,,Y,Y,Assigned,Sponsor,,
2026-07-14,C191073,3-2,,RS,RS.RSTESTCD,PASI03UPPEREXAREASCORE,PASI Fredriksson Version - Upper Extremities: Area Score,RSCAT,C25372,N,C118971,CCCAT,,,C191040,PASI FREDRIKSSON,Qualifier,RSCAT,groups values in,GROUPS,RSTESTCD,,,,,Y,Y,,,EQ,
2026-07-14,C191073,3-2,,RS,RS.RSTESTCD,PASI03UPPEREXAREASCORE,PASI Fredriksson Version - Upper Extremities: Area Score,RSORRES,C91106,N,,,,NONE;SLIGHT;MODERATE;SEVERE;VERY SEVERE,,,Qualifier,RSORRES,is the result of the test in,IS_RESULT_OF,RSTESTCD,text,20.0,,,Y,N,Collected,Investigator,,Y
2026-07-14,C191073,3-2,,RS,RS.RSTESTCD,PASI03UPPEREXAREASCORE,PASI Fredriksson Version - Upper Extremities: Area Score,RSSTRESC,C46126,N,,,,0;1;2;3;4,,,Qualifier,RSSTRESC,is the result of the test in,IS_RESULT_OF,RSTESTCD,integer,1.0,,,Y,N,Derived,Sponsor,,Y
2026-07-14,C191073,3-2,,RS,RS.RSTESTCD,PASI03UPPEREXAREASCORE,PASI Fredriksson Version - Upper Extremities: Area Score,RSSTRESN,C46126,N,,,,0;1;2;3;4,,,Qualifier,RSSTRESN,is the result of the test in,IS_RESULT_OF,RSTESTCD,integer,1.0,,,Y,N,Derived,Sponsor,,Y
2026-07-14,C191073,3-2,,RS,RS.RSTESTCD,PASI03UPPEREXAREASCORE,PASI Fredriksson Version - Upper Extremities: Area Score,RSDTC,C82515,N,,,,,,,Timing,RSDTC,is the date of occurrence for,IS_TIMING_FOR,RSTESTCD,,,,,Y,N,Collected,Investigator,,
2026-07-14,C191073,3-2,,RS,RS.RSTESTCD,PASI03UPPEREXAREASCORE,PASI Fredriksson Version - Upper Extremities: Area Score,RSEVAL,C51824,N,C78735,EVAL,,INVESTIGATOR;DERMATOLOGIST,,,Qualifier,RSEVAL,is the role of the assessor who performed the test in,PERFORMS,RSTESTCD,,,,,Y,N,Assigned,Sponsor,IN,
2026-07-14,C191070,3-2,,RS,RS.RSTESTCD,PASI03UPPEREXERYTHEMA,PASI Fredriksson Version - Upper Extremities: Erythema/Redness,RSTESTCD,,N,C190934,PASI03TC,,,C191070,PASI0305,Topic,RSTESTCD,is the code for the value in,IS_DECODED_BY,RSTEST,,,,,Y,Y,Assigned,Sponsor,EQ,
2026-07-14,C191070,3-2,,RS,RS.RSTESTCD,PASI03UPPEREXERYTHEMA,PASI Fredriksson Version - Upper Extremities: Erythema/Redness,RSTEST,,N,C190933,PASI03TN,,,C191070,PASI03-Up Extrem: Erythema/Redness,Qualifier,RSTEST,decodes the value in,DECODES,RSTESTCD,,,,,Y,Y,Assigned,Sponsor,,
2026-07-14,C191070,3-2,,RS,RS.RSTESTCD,PASI03UPPEREXERYTHEMA,PASI Fredriksson Version - Upper Extremities: Erythema/Redness,RSCAT,C25372,N,C118971,CCCAT,,,C191040,PASI FREDRIKSSON,Qualifier,RSCAT,groups values in,GROUPS,RSTESTCD,,,,,Y,Y,,,EQ,
2026-07-14,C191070,3-2,,RS,RS.RSTESTCD,PASI03UPPEREXERYTHEMA,PASI Fredriksson Version - Upper Extremities: Erythema/Redness,RSORRES,C91106,N,,,,NONE;SLIGHT;MODERATE;SEVERE;VERY SEVERE,,,Qualifier,RSORRES,is the result of the test in,IS_RESULT_OF,RSTESTCD,text,20.0,,,Y,N,Collected,Investigator,,Y
2026-07-14,C191070,3-2,,RS,RS.RSTESTCD,PASI03UPPEREXERYTHEMA,PASI Fredriksson Version - Upper Extremities: Erythema/Redness,RSSTRESC,C46126,N,,,,0;1;2;3;4,,,Qualifier,RSSTRESC,is the result of the test in,IS_RESULT_OF,RSTESTCD,integer,1.0,,,Y,N,Derived,Sponsor,,Y
2026-07-14,C191070,3-2,,RS,RS.RSTESTCD,PASI03UPPEREXERYTHEMA,PASI Fredriksson Version - Upper Extremities: Erythema/Redness,RSSTRESN,C46126,N,,,,0;1;2;3;4,,,Qualifier,RSSTRESN,is the result of the test in,IS_RESULT_OF,RSTESTCD,integer,1.0,,,Y,N,Derived,Sponsor,,Y
2026-07-14,C191070,3-2,,RS,RS.RSTESTCD,PASI03UPPEREXERYTHEMA,PASI Fredriksson Version - Upper Extremities: Erythema/Redness,RSDTC,C82515,N,,,,,,,Timing,RSDTC,is the date of occurrence for,IS_TIMING_FOR,RSTESTCD,,,,,Y,N,Collected,Investigator,,
2026-07-14,C191070,3-2,,RS,RS.RSTESTCD,PASI03UPPEREXERYTHEMA,PASI Fredriksson Version - Upper Extremities: Erythema/Redness,RSEVAL,C51824,N,C78735,EVAL,,INVESTIGATOR;DERMATOLOGIST,,,Qualifier,RSEVAL,is the role of the assessor who performed the test in,PERFORMS,RSTESTCD,,,,,Y,N,Assigned,Sponsor,IN,
2026-07-14,C191072,3-2,,RS,RS.RSTESTCD,PASI03UPPEREXSCALING,PASI Fredriksson Version - Upper Extremities: Desquamation/Scaling,RSTESTCD,,N,C190934,PASI03TC,,,C191072,PASI0307,Topic,RSTESTCD,is the code for the value in,IS_DECODED_BY,RSTEST,,,,,Y,Y,Assigned,Sponsor,EQ,
2026-07-14,C191072,3-2,,RS,RS.RSTESTCD,PASI03UPPEREXSCALING,PASI Fredriksson Version - Upper Extremities: Desquamation/Scaling,RSTEST,,N,C190933,PASI03TN,,,C191072,PASI03-Up Extrem: Desquamation/Scaling,Qualifier,RSTEST,decodes the value in,DECODES,RSTESTCD,,,,,Y,Y,Assigned,Sponsor,,
2026-07-14,C191072,3-2,,RS,RS.RSTESTCD,PASI03UPPEREXSCALING,PASI Fredriksson Version - Upper Extremities: Desquamation/Scaling,RSCAT,C25372,N,C118971,CCCAT,,,C191040,PASI FREDRIKSSON,Qualifier,RSCAT,groups values in,GROUPS,RSTESTCD,,,,,Y,Y,,,EQ,
2026-07-14,C191072,3-2,,RS,RS.RSTESTCD,PASI03UPPEREXSCALING,PASI Fredriksson Version - Upper Extremities: Desquamation/Scaling,RSORRES,C91106,N,,,,NONE;SLIGHT;MODERATE;SEVERE;VERY SEVERE,,,Qualifier,RSORRES,is the result of the test in,IS_RESULT_OF,RSTESTCD,text,20.0,,,Y,N,Collected,Investigator,,Y
2026-07-14,C191072,3-2,,RS,RS.RSTESTCD,PASI03UPPEREXSCALING,PASI Fredriksson Version - Upper Extremities: Desquamation/Scaling,RSSTRESC,C46126,N,,,,0;1;2;3;4,,,Qualifier,RSSTRESC,is the result of the test in,IS_RESULT_OF,RSTESTCD,integer,1.0,,,Y,N,Derived,Sponsor,,Y
2026-07-14,C191072,3-2,,RS,RS.RSTESTCD,PASI03UPPEREXSCALING,PASI Fredriksson Version - Upper Extremities: Desquamation/Scaling,RSSTRESN,C46126,N,,,,0;1;2;3;4,,,Qualifier,RSSTRESN,is the result of the test in,IS_RESULT_OF,RSTESTCD,integer,1.0,,,Y,N,Derived,Sponsor,,Y
2026-07-14,C191072,3-2,,RS,RS.RSTESTCD,PASI03UPPEREXSCALING,PASI Fredriksson Version - Upper Extremities: Desquamation/Scaling,RSEVAL,C51824,N,C78735,EVAL,,INVESTIGATOR;DERMATOLOGIST,,,Qualifier,RSEVAL,is the role of the assessor who performed the test in,PERFORMS,RSTESTCD,,,,,Y,N,Assigned,Sponsor,IN,
2026-07-14,C191072,3-2,,RS,RS.RSTESTCD,PASI03UPPEREXSCALING,PASI Fredriksson Version - Upper Extremities: Desquamation/Scaling,RSDTC,C82515,N,,,,,,,Timing,RSDTC,is the date of occurrence for,IS_TIMING_FOR,RSTESTCD,,,,,Y,N,Collected,Investigator,,
2026-07-14,C191071,3-2,,RS,RS.RSTESTCD,PASI03UPPEREXTHICKNESS,PASI Fredriksson Version - Upper Extremities: Thickness/Induration,RSTESTCD,,N,C190934,PASI03TC,,,C191071,PASI0306,Topic,RSTESTCD,is the code for the value in,IS_DECODED_BY,RSTEST,,,,,Y,Y,Assigned,Sponsor,EQ,
2026-07-14,C191071,3-2,,RS,RS.RSTESTCD,PASI03UPPEREXTHICKNESS,PASI Fredriksson Version - Upper Extremities: Thickness/Induration,RSTEST,,N,C190933,PASI03TN,,,C191071,PASI03-Up Extrem: Thickness/Induration,Qualifier,RSTEST,decodes the value in,DECODES,RSTESTCD,,,,,Y,Y,Assigned,Sponsor,,
2026-07-14,C191071,3-2,,RS,RS.RSTESTCD,PASI03UPPEREXTHICKNESS,PASI Fredriksson Version - Upper Extremities: Thickness/Induration,RSCAT,C25372,N,C118971,CCCAT,,,C191040,PASI FREDRIKSSON,Qualifier,RSCAT,groups values in,GROUPS,RSTESTCD,,,,,Y,Y,,,EQ,
2026-07-14,C191071,3-2,,RS,RS.RSTESTCD,PASI03UPPEREXTHICKNESS,PASI Fredriksson Version - Upper Extremities: Thickness/Induration,RSORRES,C91106,N,,,,NONE;SLIGHT;MODERATE;SEVERE;VERY SEVERE,,,Qualifier,RSORRES,is the result of the test in,IS_RESULT_OF,RSTESTCD,text,20.0,,,Y,N,Collected,Investigator,,Y
2026-07-14,C191071,3-2,,RS,RS.RSTESTCD,PASI03UPPEREXTHICKNESS,PASI Fredriksson Version - Upper Extremities: Thickness/Induration,RSSTRESC,C46126,N,,,,0;1;2;3;4,,,Qualifier,RSSTRESC,is the result of the test in,IS_RESULT_OF,RSTESTCD,integer,1.0,,,Y,N,Derived,Sponsor,,Y
2026-07-14,C191071,3-2,,RS,RS.RSTESTCD,PASI03UPPEREXTHICKNESS,PASI Fredriksson Version - Upper Extremities: Thickness/Induration,RSSTRESN,C46126,N,,,,0;1;2;3;4,,,Qualifier,RSSTRESN,is the result of the test in,IS_RESULT_OF,RSTESTCD,integer,1.0,,,Y,N,Derived,Sponsor,,Y
2026-07-14,C191071,3-2,,RS,RS.RSTESTCD,PASI03UPPEREXTHICKNESS,PASI Fredriksson Version - Upper Extremities: Thickness/Induration,RSEVAL,C51824,N,C78735,EVAL,,INVESTIGATOR;DERMATOLOGIST,,,Qualifier,RSEVAL,is the role of the assessor who performed the test in,PERFORMS,RSTESTCD,,,,,Y,N,Assigned,Sponsor,IN,
2026-07-14,C191071,3-2,,RS,RS.RSTESTCD,PASI03UPPEREXTHICKNESS,PASI Fredriksson Version - Upper Extremities: Thickness/Induration,RSDTC,C82515,N,,,,,,,Timing,RSDTC,is the date of occurrence for,IS_TIMING_FOR,RSTESTCD,,,,,Y,N,Collected,Investigator,,
2026-07-14,C171499,3-2,,SC,SC.SCTESTCD,ADEVAIND,Appropriate Developmental Age Indicator,SCTESTCD,,N,C74559,SCTESTCD,,,C171499,ADEVAIND,Topic,SCTESTCD,is the code for the value in,IS_DECODED_BY,SCTEST,,,,,Y,Y,Assigned,Sponsor,EQ,
2026-07-14,C171499,3-2,,SC,SC.SCTESTCD,ADEVAIND,Appropriate Developmental Age Indicator,SCTEST,,N,C103330,SCTEST,,,C171499,Appropriate Developmental Age Indicator,Qualifier,SCTEST,decodes the value in,DECODES,SCTESTCD,,,,,Y,Y,Assigned,Sponsor,,
2026-07-14,C171499,3-2,,SC,SC.SCTESTCD,ADEVAIND,Appropriate Developmental Age Indicator,SCCAT,C25372,N,,,,,,,Qualifier,SCCAT,groups values in,GROUPS,SCTESTCD,,,,,N,N,Assigned,Sponsor,,
2026-07-14,C171499,3-2,,SC,SC.SCTESTCD,ADEVAIND,Appropriate Developmental Age Indicator,SCORRES,C70856,N,C66742,NY,,N;Y;U,,,Qualifier,SCORRES,is the result of the test in,IS_RESULT_OF,SCTESTCD,text,200.0,,,Y,N,Collected,Investigator,,Y
2026-07-14,C171499,3-2,,SC,SC.SCTESTCD,ADEVAIND,Appropriate Developmental Age Indicator,SCDTC,C82515,N,,,,,,,Timing,SCDTC,is the date of occurrence for,IS_TIMING_FOR,SCTESTCD,datetime,,,,N,N,Collected,Sponsor,,
2026-07-14,C171499,3-2,,SC,SC.SCTESTCD,ADEVAIND,Appropriate Developmental Age Indicator,SCSTRESC,C70856,N,C66742,NY,,N;Y;U,,,Qualifier,SCSTRESC,is the result of the test in,IS_RESULT_OF,SCTESTCD,text,200.0,,,Y,N,Derived,Sponsor,,Y
2026-07-14,C198360,3-2,,SC,SC.SCTESTCD,BIO1DRN,"Num 1st Degree Relatives, Biological",SCTESTCD,,N,C74559,SCTESTCD,,,C198360,BIO1DRN,Topic,SCTESTCD,is the code for the value in,IS_DECODED_BY,SCTEST,,,,,Y,Y,Assigned,Sponsor,EQ,
2026-07-14,C198360,3-2,,SC,SC.SCTESTCD,BIO1DRN,"Num 1st Degree Relatives, Biological",SCTEST,,N,C103330,SCTEST,,,C198360,"Num 1st Degree Relatives, Biological",Qualifier,SCTEST,decodes the value in,DECODES,SCTESTCD,,,,,Y,Y,Assigned,Sponsor,,
2026-07-14,C198360,3-2,,SC,SC.SCTESTCD,BIO1DRN,"Num 1st Degree Relatives, Biological",SCCAT,C25372,N,,,,,,,Qualifier,SCCAT,groups values in,GROUPS,SCTESTCD,,,,,N,N,Assigned,Sponsor,,
2026-07-14,C198360,3-2,,SC,SC.SCTESTCD,BIO1DRN,"Num 1st Degree Relatives, Biological",SCORRES,C70856,N,,,,,,,Qualifier,SCORRES,is the result of the test in,IS_RESULT_OF,SCTESTCD,integer,2.0,,,Y,N,Collected,Investigator,,Y
2026-07-14,C198360,3-2,,SC,SC.SCTESTCD,BIO1DRN,"Num 1st Degree Relatives, Biological",SCDTC,C82515,N,,,,,,,Timing,SCDTC,is the date of occurrence for,IS_TIMING_FOR,SCTESTCD,datetime,,,,N,N,Collected,Sponsor,,
2026-07-14,C198360,3-2,,SC,SC.SCTESTCD,BIO1DRN,"Num 1st Degree Relatives, Biological",SCSTRESC,C70856,N,,,,,,,Qualifier,SCSTRESC,is the result of the test in,IS_RESULT_OF,SCTESTCD,integer,2.0,,,Y,N,Derived,Sponsor,,Y
2026-07-14,C198360,3-2,,SC,SC.SCTESTCD,BIO1DRN,"Num 1st Degree Relatives, Biological",SCSTRESN,C70856,N,,,,,,,Qualifier,SCSTRESN,is the result of the test in,IS_RESULT_OF,SCTESTCD,integer,2.0,,,Y,N,Derived,Sponsor,,Y
2026-07-14,C135500,3-2,,SC,SC.SCTESTCD,BIOBRON,"Number of Brothers, Biological",SCTESTCD,,N,C74559,SCTESTCD,,,C135500,BIOBRON,Topic,SCTESTCD,is the code for the value in,IS_DECODED_BY,SCTEST,,,,,Y,Y,Assigned,Sponsor,EQ,
2026-07-14,C135500,3-2,,SC,SC.SCTESTCD,BIOBRON,"Number of Brothers, Biological",SCTEST,,N,C103330,SCTEST,,,C135500,"Number of Brothers, Biological",Qualifier,SCTEST,decodes the value in,DECODES,SCTESTCD,,,,,Y,Y,Assigned,Sponsor,,
2026-07-14,C135500,3-2,,SC,SC.SCTESTCD,BIOBRON,"Number of Brothers, Biological",SCCAT,C25372,N,,,,,,,Qualifier,SCCAT,groups values in,GROUPS,SCTESTCD,,,,,N,N,Assigned,Sponsor,,
2026-07-14,C135500,3-2,,SC,SC.SCTESTCD,BIOBRON,"Number of Brothers, Biological",SCORRES,C70856,N,,,,,,,Qualifier,SCORRES,is the result of the test in,IS_RESULT_OF,SCTESTCD,integer,2.0,,,Y,N,Collected,Investigator,,Y
2026-07-14,C135500,3-2,,SC,SC.SCTESTCD,BIOBRON,"Number of Brothers, Biological",SCDTC,C82515,N,,,,,,,Timing,SCDTC,is the date of occurrence for,IS_TIMING_FOR,SCTESTCD,datetime,,,,N,N,Collected,Sponsor,,
2026-07-14,C135500,3-2,,SC,SC.SCTESTCD,BIOBRON,"Number of Brothers, Biological",SCSTRESC,C70856,N,,,,,,,Qualifier,SCSTRESC,is the result of the test in,IS_RESULT_OF,SCTESTCD,integer,2.0,,,Y,N,Derived,Sponsor,,Y
2026-07-14,C135500,3-2,,SC,SC.SCTESTCD,BIOBRON,"Number of Brothers, Biological",SCSTRESN,C70856,N,,,,,,,Qualifier,SCSTRESN,is the result of the test in,IS_RESULT_OF,SCTESTCD,integer,2.0,,,Y,N,Derived,Sponsor,,Y
2026-07-14,C135501,3-2,,SC,SC.SCTESTCD,BIOSISN,"Number of Sisters, Biological",SCTESTCD,,N,C74559,SCTESTCD,,,C135501,BIOSISN,Topic,SCTESTCD,is the code for the value in,IS_DECODED_BY,SCTEST,,,,,Y,Y,Assigned,Sponsor,EQ,
2026-07-14,C135501,3-2,,SC,SC.SCTESTCD,BIOSISN,"Number of Sisters, Biological",SCTEST,,N,C103330,SCTEST,,,C135501,"Number of Sisters, Biological",Qualifier,SCTEST,decodes the value in,DECODES,SCTESTCD,,,,,Y,Y,Assigned,Sponsor,,
2026-07-14,C135501,3-2,,SC,SC.SCTESTCD,BIOSISN,"Number of Sisters, Biological",SCCAT,C25372,N,,,,,,,Qualifier,SCCAT,groups values in,GROUPS,SCTESTCD,,,,,N,N,Assigned,Sponsor,,
2026-07-14,C135501,3-2,,SC,SC.SCTESTCD,BIOSISN,"Number of Sisters, Biological",SCORRES,C70856,N,,,,,,,Qualifier,SCORRES,is the result of the test in,IS_RESULT_OF,SCTESTCD,integer,2.0,,,Y,N,Collected,Investigator,,Y
2026-07-14,C135501,3-2,,SC,SC.SCTESTCD,BIOSISN,"Number of Sisters, Biological",SCDTC,C82515,N,,,,,,,Timing,SCDTC,is the date of occurrence for,IS_TIMING_FOR,SCTESTCD,datetime,,,,N,N,Collected,Sponsor,,
2026-07-14,C135501,3-2,,SC,SC.SCTESTCD,BIOSISN,"Number of Sisters, Biological",SCSTRESC,C70856,N,,,,,,,Qualifier,SCSTRESC,is the result of the test in,IS_RESULT_OF,SCTESTCD,integer,2.0,,,Y,N,Derived,Sponsor,,Y
2026-07-14,C135501,3-2,,SC,SC.SCTESTCD,BIOSISN,"Number of Sisters, Biological",SCSTRESN,C70856,N,,,,,,,Qualifier,SCSTRESN,is the result of the test in,IS_RESULT_OF,SCTESTCD,integer,2.0,,,Y,N,Derived,Sponsor,,Y
2026-07-14,C200441,3-2,,SC,SC.SCTESTCD,BRCTRY,Birth Country,SCTESTCD,,N,C74559,SCTESTCD,,,C200441,BRCTRY,Topic,SCTESTCD,is the code for the value in,IS_DECODED_BY,SCTEST,,,,,Y,Y,Assigned,Sponsor,EQ,
2026-07-14,C200441,3-2,,SC,SC.SCTESTCD,BRCTRY,Birth Country,SCTEST,,N,C103330,SCTEST,,,C200441,Birth Country,Qualifier,SCTEST,decodes the value in,DECODES,SCTESTCD,,,,,Y,Y,Assigned,Sponsor,,
2026-07-14,C200441,3-2,,SC,SC.SCTESTCD,BRCTRY,Birth Country,SCCAT,C25372,N,,,,,,,Qualifier,SCCAT,groups values in,GROUPS,SCTESTCD,,,,,N,N,Assigned,Sponsor,,
2026-07-14,C200441,3-2,,SC,SC.SCTESTCD,BRCTRY,Birth Country,SCORRES,C70856,N,,,,,,,Qualifier,SCORRES,is the result of the test in,IS_RESULT_OF,SCTESTCD,text,200.0,,,Y,N,Collected,Investigator,,Y
2026-07-14,C200441,3-2,,SC,SC.SCTESTCD,BRCTRY,Birth Country,SCDTC,C82515,N,,,,,,,Timing,SCDTC,is the date of occurrence for,IS_TIMING_FOR,SCTESTCD,datetime,,,,N,N,Collected,Sponsor,,
2026-07-14,C200441,3-2,,SC,SC.SCTESTCD,BRCTRY,Birth Country,SCSTRESC,C70856,N,,,,,,,Qualifier,SCSTRESC,is the result of the test in,IS_RESULT_OF,SCTESTCD,text,200.0,,,Y,N,Derived,Sponsor,,Y
2026-07-14,C93516,3-2,,SC,SC.SCTESTCD,BRCTRYCD,Birth Country Code,SCTESTCD,,N,C74559,SCTESTCD,,,C93516,BRCTRYCD,Topic,SCTESTCD,is the code for the value in,IS_DECODED_BY,SCTEST,,,,,Y,Y,Assigned,Sponsor,EQ,
2026-07-14,C93516,3-2,,SC,SC.SCTESTCD,BRCTRYCD,Birth Country Code,SCTEST,,N,C103330,SCTEST,,,C93516,Birth Country Code,Qualifier,SCTEST,decodes the value in,DECODES,SCTESTCD,,,,,Y,Y,Assigned,Sponsor,,
2026-07-14,C93516,3-2,,SC,SC.SCTESTCD,BRCTRYCD,Birth Country Code,SCCAT,C25372,N,,,,,,,Qualifier,SCCAT,groups values in,GROUPS,SCTESTCD,,,,,N,N,Assigned,Sponsor,,
2026-07-14,C93516,3-2,,SC,SC.SCTESTCD,BRCTRYCD,Birth Country Code,SCORRES,C70856,N,,,,,,,Qualifier,SCORRES,is the result of the test in,IS_RESULT_OF,SCTESTCD,text,200.0,,,Y,N,Collected,Investigator,,Y
2026-07-14,C93516,3-2,,SC,SC.SCTESTCD,BRCTRYCD,Birth Country Code,SCDTC,C82515,N,,,,,,,Timing,SCDTC,is the date of occurrence for,IS_TIMING_FOR,SCTESTCD,datetime,,,,N,N,Collected,Sponsor,,
2026-07-14,C93516,3-2,,SC,SC.SCTESTCD,BRCTRYCD,Birth Country Code,SCSTRESC,C70856,N,,,,,,,Qualifier,SCSTRESC,is the result of the test in,IS_RESULT_OF,SCTESTCD,text,200.0,,,Y,N,Derived,Sponsor,,Y
2026-07-14,C112233,3-2,,SC,SC.SCTESTCD,BRFEDIND,Breast Fed Indicator,SCTESTCD,,N,C74559,SCTESTCD,,,C112233,BRFEDIND,Topic,SCTESTCD,is the code for the value in,IS_DECODED_BY,SCTEST,,,,,Y,Y,Assigned,Sponsor,EQ,
2026-07-14,C112233,3-2,,SC,SC.SCTESTCD,BRFEDIND,Breast Fed Indicator,SCTEST,,N,C103330,SCTEST,,,C112233,Breast Fed Indicator,Qualifier,SCTEST,decodes the value in,DECODES,SCTESTCD,,,,,Y,Y,Assigned,Sponsor,,
2026-07-14,C112233,3-2,,SC,SC.SCTESTCD,BRFEDIND,Breast Fed Indicator,SCCAT,C25372,N,,,,,,,Qualifier,SCCAT,groups values in,GROUPS,SCTESTCD,,,,,N,N,Assigned,Sponsor,,
2026-07-14,C112233,3-2,,SC,SC.SCTESTCD,BRFEDIND,Breast Fed Indicator,SCORRES,C70856,N,C66742,NY,,N;Y;U,,,Qualifier,SCORRES,is the result of the test in,IS_RESULT_OF,SCTESTCD,text,200.0,,,Y,N,Collected,Investigator,,Y
2026-07-14,C112233,3-2,,SC,SC.SCTESTCD,BRFEDIND,Breast Fed Indicator,SCDTC,C82515,N,,,,,,,Timing,SCDTC,is the date of occurrence for,IS_TIMING_FOR,SCTESTCD,datetime,,,,N,N,Collected,Sponsor,,
2026-07-14,C112233,3-2,,SC,SC.SCTESTCD,BRFEDIND,Breast Fed Indicator,SCSTRESC,C70856,N,C66742,NY,,N;Y;U,,,Qualifier,SCSTRESC,is the result of the test in,IS_RESULT_OF,SCTESTCD,text,200.0,,,Y,N,Derived,Sponsor,,Y
2026-07-14,C198361,3-2,,SC,SC.SCTESTCD,BTHPLRTY,Birth Plurality,SCTESTCD,,N,C74559,SCTESTCD,,,C198361,BTHPLRTY,Topic,SCTESTCD,is the code for the value in,IS_DECODED_BY,SCTEST,,,,,Y,Y,Assigned,Sponsor,EQ,
2026-07-14,C198361,3-2,,SC,SC.SCTESTCD,BTHPLRTY,Birth Plurality,SCTEST,,N,C103330,SCTEST,,,C198361,Birth Plurality,Qualifier,SCTEST,decodes the value in,DECODES,SCTESTCD,,,,,Y,Y,Assigned,Sponsor,,
2026-07-14,C198361,3-2,,SC,SC.SCTESTCD,BTHPLRTY,Birth Plurality,SCCAT,C25372,N,,,,,,,Qualifier,SCCAT,groups values in,GROUPS,SCTESTCD,,,,,N,N,Assigned,Sponsor,,
2026-07-14,C198361,3-2,,SC,SC.SCTESTCD,BTHPLRTY,Birth Plurality,SCORRES,C70856,N,,,,,,,Qualifier,SCORRES,is the result of the test in,IS_RESULT_OF,SCTESTCD,text,200.0,,,Y,N,Collected,Investigator,,Y
2026-07-14,C198361,3-2,,SC,SC.SCTESTCD,BTHPLRTY,Birth Plurality,SCDTC,C82515,N,,,,,,,Timing,SCDTC,is the date of occurrence for,IS_TIMING_FOR,SCTESTCD,datetime,,,,N,N,Collected,Sponsor,,
2026-07-14,C198361,3-2,,SC,SC.SCTESTCD,BTHPLRTY,Birth Plurality,SCSTRESC,C70856,N,,,,,,,Qualifier,SCSTRESC,is the result of the test in,IS_RESULT_OF,SCTESTCD,text,200.0,,,Y,N,Derived,Sponsor,,Y
2026-07-14,C198361,3-2,,SC,SC.SCTESTCD,BTHPLRTY,Birth Plurality,SCSTRESN,C70856,N,,,,,,,Qualifier,SCSTRESN,is the result of the test in,IS_RESULT_OF,SCTESTCD,integer,2.0,,,Y,N,Derived,Sponsor,,Y
2026-07-14,C19309,3-2,,SC,SC.SCTESTCD,CHLDHSHN,Number of Children in Household,SCTESTCD,,N,C74559,SCTESTCD,,,C19309,CHLDHSHN,Topic,SCTESTCD,is the code for the value in,IS_DECODED_BY,SCTEST,,,,,Y,Y,Assigned,Sponsor,EQ,
2026-07-14,C19309,3-2,,SC,SC.SCTESTCD,CHLDHSHN,Number of Children in Household,SCTEST,,N,C103330,SCTEST,,,C19309,Number of Children in Household,Qualifier,SCTEST,decodes the value in,DECODES,SCTESTCD,,,,,Y,Y,Assigned,Sponsor,,
2026-07-14,C19309,3-2,,SC,SC.SCTESTCD,CHLDHSHN,Number of Children in Household,SCCAT,C25372,N,,,,,,,Qualifier,SCCAT,groups values in,GROUPS,SCTESTCD,,,,,N,N,Assigned,Sponsor,,
2026-07-14,C19309,3-2,,SC,SC.SCTESTCD,CHLDHSHN,Number of Children in Household,SCORRES,C70856,N,,,,,,,Qualifier,SCORRES,is the result of the test in,IS_RESULT_OF,SCTESTCD,integer,2.0,,,Y,N,Collected,Investigator,,Y
2026-07-14,C19309,3-2,,SC,SC.SCTESTCD,CHLDHSHN,Number of Children in Household,SCDTC,C82515,N,,,,,,,Timing,SCDTC,is the date of occurrence for,IS_TIMING_FOR,SCTESTCD,datetime,,,,N,N,Collected,Sponsor,,
2026-07-14,C19309,3-2,,SC,SC.SCTESTCD,CHLDHSHN,Number of Children in Household,SCSTRESC,C70856,N,,,,,,,Qualifier,SCSTRESC,is the result of the test in,IS_RESULT_OF,SCTESTCD,integer,2.0,,,Y,N,Derived,Sponsor,,Y
2026-07-14,C19309,3-2,,SC,SC.SCTESTCD,CHLDHSHN,Number of Children in Household,SCSTRESN,C70856,N,,,,,,,Qualifier,SCSTRESN,is the result of the test in,IS_RESULT_OF,SCTESTCD,integer,2.0,,,Y,N,Derived,Sponsor,,Y
2026-07-14,C202576,3-2,,SC,SC.SCTESTCD,CINVIND,Contact Investigation Indicator,SCTESTCD,,N,C74559,SCTESTCD,,,C202576,CINVIND,Topic,SCTESTCD,is the code for the value in,IS_DECODED_BY,SCTEST,,,,,Y,Y,Assigned,Sponsor,EQ,
2026-07-14,C202576,3-2,,SC,SC.SCTESTCD,CINVIND,Contact Investigation Indicator,SCTEST,,N,C103330,SCTEST,,,C202576,Contact Investigation Indicator,Qualifier,SCTEST,decodes the value in,DECODES,SCTESTCD,,,,,Y,Y,Assigned,Sponsor,,
2026-07-14,C202576,3-2,,SC,SC.SCTESTCD,CINVIND,Contact Investigation Indicator,SCCAT,C25372,N,,,,,,,Qualifier,SCCAT,groups values in,GROUPS,SCTESTCD,,,,,N,N,Assigned,Sponsor,,
2026-07-14,C202576,3-2,,SC,SC.SCTESTCD,CINVIND,Contact Investigation Indicator,SCORRES,C70856,N,C66742,NY,,N;Y;U,,,Qualifier,SCORRES,is the result of the test in,IS_RESULT_OF,SCTESTCD,text,200.0,,,Y,N,Collected,Investigator,,Y
2026-07-14,C202576,3-2,,SC,SC.SCTESTCD,CINVIND,Contact Investigation Indicator,SCDTC,C82515,N,,,,,,,Timing,SCDTC,is the date of occurrence for,IS_TIMING_FOR,SCTESTCD,datetime,,,,N,N,Collected,Sponsor,,
2026-07-14,C202576,3-2,,SC,SC.SCTESTCD,CINVIND,Contact Investigation Indicator,SCSTRESC,C70856,N,C66742,NY,,N;Y;U,,,Qualifier,SCSTRESC,is the result of the test in,IS_RESULT_OF,SCTESTCD,text,200.0,,,Y,N,Derived,Sponsor,,Y
2026-07-14,C176362,3-2,,SC,SC.SCTESTCD,CNTYPAD,County of Permanent Address,SCTESTCD,,N,C74559,SCTESTCD,,,C176362,CNTYPAD,Topic,SCTESTCD,is the code for the value in,IS_DECODED_BY,SCTEST,,,,,Y,Y,Assigned,Sponsor,EQ,
2026-07-14,C176362,3-2,,SC,SC.SCTESTCD,CNTYPAD,County of Permanent Address,SCTEST,,N,C103330,SCTEST,,,C176362,County of Permanent Address,Qualifier,SCTEST,decodes the value in,DECODES,SCTESTCD,,,,,Y,Y,Assigned,Sponsor,,
2026-07-14,C176362,3-2,,SC,SC.SCTESTCD,CNTYPAD,County of Permanent Address,SCCAT,C25372,N,,,,,,,Qualifier,SCCAT,groups values in,GROUPS,SCTESTCD,,,,,N,N,Assigned,Sponsor,,
2026-07-14,C176362,3-2,,SC,SC.SCTESTCD,CNTYPAD,County of Permanent Address,SCORRES,C70856,N,,,,,,,Qualifier,SCORRES,is the result of the test in,IS_RESULT_OF,SCTESTCD,text,200.0,,,Y,N,Collected,Investigator,,Y
2026-07-14,C176362,3-2,,SC,SC.SCTESTCD,CNTYPAD,County of Permanent Address,SCDTC,C82515,N,,,,,,,Timing,SCDTC,is the date of occurrence for,IS_TIMING_FOR,SCTESTCD,datetime,,,,N,N,Collected,Sponsor,,
2026-07-14,C176362,3-2,,SC,SC.SCTESTCD,CNTYPAD,County of Permanent Address,SCSTRESC,C70856,N,,,,,,,Qualifier,SCSTRESC,is the result of the test in,IS_RESULT_OF,SCTESTCD,text,200.0,,,Y,N,Derived,Sponsor,,Y
2026-07-14,C102631,3-2,,SC,SC.SCTESTCD,CTRYDDTC,Entry Date from Ptntl Cntry Disease Exp,SCTESTCD,,N,C74559,SCTESTCD,,,C102631,CTRYDDTC,Topic,SCTESTCD,is the code for the value in,IS_DECODED_BY,SCTEST,,,,,Y,Y,Assigned,Sponsor,EQ,
2026-07-14,C102631,3-2,,SC,SC.SCTESTCD,CTRYDDTC,Entry Date from Ptntl Cntry Disease Exp,SCTEST,,N,C103330,SCTEST,,,C102631,Entry Date from Ptntl Cntry Disease Exp,Qualifier,SCTEST,decodes the value in,DECODES,SCTESTCD,,,,,Y,Y,Assigned,Sponsor,,
2026-07-14,C102631,3-2,,SC,SC.SCTESTCD,CTRYDDTC,Entry Date from Ptntl Cntry Disease Exp,SCCAT,C25372,N,,,,,,,Qualifier,SCCAT,groups values in,GROUPS,SCTESTCD,,,,,N,N,Assigned,Sponsor,,
2026-07-14,C102631,3-2,,SC,SC.SCTESTCD,CTRYDDTC,Entry Date from Ptntl Cntry Disease Exp,SCORRES,C70856,N,,,,,,,Qualifier,SCORRES,is the result of the test in,IS_RESULT_OF,SCTESTCD,text,200.0,,,Y,N,Collected,Investigator,,Y
2026-07-14,C102631,3-2,,SC,SC.SCTESTCD,CTRYDDTC,Entry Date from Ptntl Cntry Disease Exp,SCDTC,C82515,N,,,,,,,Timing,SCDTC,is the date of occurrence for,IS_TIMING_FOR,SCTESTCD,datetime,,,,N,N,Collected,Sponsor,,
2026-07-14,C102631,3-2,,SC,SC.SCTESTCD,CTRYDDTC,Entry Date from Ptntl Cntry Disease Exp,SCSTRESC,C70856,N,,,,,,,Qualifier,SCSTRESC,is the result of the test in,IS_RESULT_OF,SCTESTCD,text,200.0,,,Y,N,Derived,Sponsor,,Y
2026-07-14,C102612,3-2,,SC,SC.SCTESTCD,CTRYDEXP,Country of Potential Disease Exposure,SCTESTCD,,N,C74559,SCTESTCD,,,C102612,CTRYDEXP,Topic,SCTESTCD,is the code for the value in,IS_DECODED_BY,SCTEST,,,,,Y,Y,Assigned,Sponsor,EQ,
2026-07-14,C102612,3-2,,SC,SC.SCTESTCD,CTRYDEXP,Country of Potential Disease Exposure,SCTEST,,N,C103330,SCTEST,,,C102612,Country of Potential Disease Exposure,Qualifier,SCTEST,decodes the value in,DECODES,SCTESTCD,,,,,Y,Y,Assigned,Sponsor,,
2026-07-14,C102612,3-2,,SC,SC.SCTESTCD,CTRYDEXP,Country of Potential Disease Exposure,SCCAT,C25372,N,,,,,,,Qualifier,SCCAT,groups values in,GROUPS,SCTESTCD,,,,,N,N,Assigned,Sponsor,,
2026-07-14,C102612,3-2,,SC,SC.SCTESTCD,CTRYDEXP,Country of Potential Disease Exposure,SCORRES,C70856,N,,,,,,,Qualifier,SCORRES,is the result of the test in,IS_RESULT_OF,SCTESTCD,text,200.0,,,Y,N,Collected,Investigator,,Y
2026-07-14,C102612,3-2,,SC,SC.SCTESTCD,CTRYDEXP,Country of Potential Disease Exposure,SCDTC,C82515,N,,,,,,,Timing,SCDTC,is the date of occurrence for,IS_TIMING_FOR,SCTESTCD,datetime,,,,N,N,Collected,Sponsor,,
2026-07-14,C102612,3-2,,SC,SC.SCTESTCD,CTRYDEXP,Country of Potential Disease Exposure,SCSTRESC,C70856,N,,,,,,,Qualifier,SCSTRESC,is the result of the test in,IS_RESULT_OF,SCTESTCD,text,200.0,,,Y,N,Derived,Sponsor,,Y
2026-07-14,C176365,3-2,,SC,SC.SCTESTCD,CTRYPAD,Country of Permanent Address,SCTESTCD,,N,C74559,SCTESTCD,,,C176365,CTRYPAD,Topic,SCTESTCD,is the code for the value in,IS_DECODED_BY,SCTEST,,,,,Y,Y,Assigned,Sponsor,EQ,
2026-07-14,C176365,3-2,,SC,SC.SCTESTCD,CTRYPAD,Country of Permanent Address,SCTEST,,N,C103330,SCTEST,,,C176365,Country of Permanent Address,Qualifier,SCTEST,decodes the value in,DECODES,SCTESTCD,,,,,Y,Y,Assigned,Sponsor,,
2026-07-14,C176365,3-2,,SC,SC.SCTESTCD,CTRYPAD,Country of Permanent Address,SCCAT,C25372,N,,,,,,,Qualifier,SCCAT,groups values in,GROUPS,SCTESTCD,,,,,N,N,Assigned,Sponsor,,
2026-07-14,C176365,3-2,,SC,SC.SCTESTCD,CTRYPAD,Country of Permanent Address,SCORRES,C70856,N,,,,,,,Qualifier,SCORRES,is the result of the test in,IS_RESULT_OF,SCTESTCD,text,200.0,,,Y,N,Collected,Investigator,,Y
2026-07-14,C176365,3-2,,SC,SC.SCTESTCD,CTRYPAD,Country of Permanent Address,SCDTC,C82515,N,,,,,,,Timing,SCDTC,is the date of occurrence for,IS_TIMING_FOR,SCTESTCD,datetime,,,,N,N,Collected,Sponsor,,
2026-07-14,C176365,3-2,,SC,SC.SCTESTCD,CTRYPAD,Country of Permanent Address,SCSTRESC,C70856,N,,,,,,,Qualifier,SCSTRESC,is the result of the test in,IS_RESULT_OF,SCTESTCD,text,200.0,,,Y,N,Derived,Sponsor,,Y
2026-07-14,C198362,3-2,,SC,SC.SCTESTCD,DAYCRIND,Daycare Indicator,SCTESTCD,,N,C74559,SCTESTCD,,,C198362,DAYCRIND,Topic,SCTESTCD,is the code for the value in,IS_DECODED_BY,SCTEST,,,,,Y,Y,Assigned,Sponsor,EQ,
2026-07-14,C198362,3-2,,SC,SC.SCTESTCD,DAYCRIND,Daycare Indicator,SCTEST,,N,C103330,SCTEST,,,C198362,Daycare Indicator,Qualifier,SCTEST,decodes the value in,DECODES,SCTESTCD,,,,,Y,Y,Assigned,Sponsor,,
2026-07-14,C198362,3-2,,SC,SC.SCTESTCD,DAYCRIND,Daycare Indicator,SCCAT,C25372,N,,,,,,,Qualifier,SCCAT,groups values in,GROUPS,SCTESTCD,,,,,N,N,Assigned,Sponsor,,
2026-07-14,C198362,3-2,,SC,SC.SCTESTCD,DAYCRIND,Daycare Indicator,SCORRES,C70856,N,C66742,NY,,N;Y;U,,,Qualifier,SCORRES,is the result of the test in,IS_RESULT_OF,SCTESTCD,text,200.0,,,Y,N,Collected,Investigator,,Y
2026-07-14,C198362,3-2,,SC,SC.SCTESTCD,DAYCRIND,Daycare Indicator,SCDTC,C82515,N,,,,,,,Timing,SCDTC,is the date of occurrence for,IS_TIMING_FOR,SCTESTCD,datetime,,,,N,N,Collected,Sponsor,,
2026-07-14,C198362,3-2,,SC,SC.SCTESTCD,DAYCRIND,Daycare Indicator,SCSTRESC,C70856,N,C66742,NY,,N;Y;U,,,Qualifier,SCSTRESC,is the result of the test in,IS_RESULT_OF,SCTESTCD,text,200.0,,,Y,N,Derived,Sponsor,,Y
2026-07-14,C139270,3-2,,SC,SC.SCTESTCD,DDDTYPE,Deceased Donor Donation Type,SCTESTCD,,N,C74559,SCTESTCD,,,C139270,DDDTYPE,Topic,SCTESTCD,is the code for the value in,IS_DECODED_BY,SCTEST,,,,,Y,Y,Assigned,Sponsor,EQ,
2026-07-14,C139270,3-2,,SC,SC.SCTESTCD,DDDTYPE,Deceased Donor Donation Type,SCTEST,,N,C103330,SCTEST,,,C139270,Deceased Donor Donation Type,Qualifier,SCTEST,decodes the value in,DECODES,SCTESTCD,,,,,Y,Y,Assigned,Sponsor,,
2026-07-14,C139270,3-2,,SC,SC.SCTESTCD,DDDTYPE,Deceased Donor Donation Type,SCCAT,C25372,N,,,,,,,Qualifier,SCCAT,groups values in,GROUPS,SCTESTCD,,,,,N,N,Assigned,Sponsor,,
2026-07-14,C139270,3-2,,SC,SC.SCTESTCD,DDDTYPE,Deceased Donor Donation Type,SCORRES,C70856,N,,,,,,,Qualifier,SCORRES,is the result of the test in,IS_RESULT_OF,SCTESTCD,text,200.0,,,Y,N,Collected,Investigator,,Y
2026-07-14,C139270,3-2,,SC,SC.SCTESTCD,DDDTYPE,Deceased Donor Donation Type,SCDTC,C82515,N,,,,,,,Timing,SCDTC,is the date of occurrence for,IS_TIMING_FOR,SCTESTCD,datetime,,,,N,N,Collected,Sponsor,,
2026-07-14,C139270,3-2,,SC,SC.SCTESTCD,DDDTYPE,Deceased Donor Donation Type,SCSTRESC,C70856,N,,,,,,,Qualifier,SCSTRESC,is the result of the test in,IS_RESULT_OF,SCTESTCD,text,200.0,,,Y,N,Derived,Sponsor,,Y
2026-07-14,C174364,3-2,,SC,SC.SCTESTCD,DISTDEXP,District of Potential Disease Exposure,SCTESTCD,,N,C74559,SCTESTCD,,,C174364,DISTDEXP,Topic,SCTESTCD,is the code for the value in,IS_DECODED_BY,SCTEST,,,,,Y,Y,Assigned,Sponsor,EQ,
2026-07-14,C174364,3-2,,SC,SC.SCTESTCD,DISTDEXP,District of Potential Disease Exposure,SCTEST,,N,C103330,SCTEST,,,C174364,District of Potential Disease Exposure,Qualifier,SCTEST,decodes the value in,DECODES,SCTESTCD,,,,,Y,Y,Assigned,Sponsor,,
2026-07-14,C174364,3-2,,SC,SC.SCTESTCD,DISTDEXP,District of Potential Disease Exposure,SCCAT,C25372,N,,,,,,,Qualifier,SCCAT,groups values in,GROUPS,SCTESTCD,,,,,N,N,Assigned,Sponsor,,
2026-07-14,C174364,3-2,,SC,SC.SCTESTCD,DISTDEXP,District of Potential Disease Exposure,SCORRES,C70856,N,,,,,,,Qualifier,SCORRES,is the result of the test in,IS_RESULT_OF,SCTESTCD,text,200.0,,,Y,N,Collected,Investigator,,Y
2026-07-14,C174364,3-2,,SC,SC.SCTESTCD,DISTDEXP,District of Potential Disease Exposure,SCDTC,C82515,N,,,,,,,Timing,SCDTC,is the date of occurrence for,IS_TIMING_FOR,SCTESTCD,datetime,,,,N,N,Collected,Sponsor,,
2026-07-14,C174364,3-2,,SC,SC.SCTESTCD,DISTDEXP,District of Potential Disease Exposure,SCSTRESC,C70856,N,,,,,,,Qualifier,SCSTRESC,is the result of the test in,IS_RESULT_OF,SCTESTCD,text,200.0,,,Y,N,Derived,Sponsor,,Y
2026-07-14,C176363,3-2,,SC,SC.SCTESTCD,DISTPAD,District of Permanent Address,SCTESTCD,,N,C74559,SCTESTCD,,,C176363,DISTPAD,Topic,SCTESTCD,is the code for the value in,IS_DECODED_BY,SCTEST,,,,,Y,Y,Assigned,Sponsor,EQ,
2026-07-14,C176363,3-2,,SC,SC.SCTESTCD,DISTPAD,District of Permanent Address,SCTEST,,N,C103330,SCTEST,,,C176363,District of Permanent Address,Qualifier,SCTEST,decodes the value in,DECODES,SCTESTCD,,,,,Y,Y,Assigned,Sponsor,,
2026-07-14,C176363,3-2,,SC,SC.SCTESTCD,DISTPAD,District of Permanent Address,SCCAT,C25372,N,,,,,,,Qualifier,SCCAT,groups values in,GROUPS,SCTESTCD,,,,,N,N,Assigned,Sponsor,,
2026-07-14,C176363,3-2,,SC,SC.SCTESTCD,DISTPAD,District of Permanent Address,SCORRES,C70856,N,,,,,,,Qualifier,SCORRES,is the result of the test in,IS_RESULT_OF,SCTESTCD,text,200.0,,,Y,N,Collected,Investigator,,Y
2026-07-14,C176363,3-2,,SC,SC.SCTESTCD,DISTPAD,District of Permanent Address,SCDTC,C82515,N,,,,,,,Timing,SCDTC,is the date of occurrence for,IS_TIMING_FOR,SCTESTCD,datetime,,,,N,N,Collected,Sponsor,,
2026-07-14,C176363,3-2,,SC,SC.SCTESTCD,DISTPAD,District of Permanent Address,SCSTRESC,C70856,N,,,,,,,Qualifier,SCSTRESC,is the result of the test in,IS_RESULT_OF,SCTESTCD,text,200.0,,,Y,N,Derived,Sponsor,,Y
2026-07-14,C139269,3-2,,SC,SC.SCTESTCD,DSTATTOD,Donor Status at Time of Organ Donation,SCTESTCD,,N,C74559,SCTESTCD,,,C139269,DSTATTOD,Topic,SCTESTCD,is the code for the value in,IS_DECODED_BY,SCTEST,,,,,Y,Y,Assigned,Sponsor,EQ,
2026-07-14,C139269,3-2,,SC,SC.SCTESTCD,DSTATTOD,Donor Status at Time of Organ Donation,SCTEST,,N,C103330,SCTEST,,,C139269,Donor Status at Time of Organ Donation,Qualifier,SCTEST,decodes the value in,DECODES,SCTESTCD,,,,,Y,Y,Assigned,Sponsor,,
2026-07-14,C139269,3-2,,SC,SC.SCTESTCD,DSTATTOD,Donor Status at Time of Organ Donation,SCCAT,C25372,N,,,,,,,Qualifier,SCCAT,groups values in,GROUPS,SCTESTCD,,,,,N,N,Assigned,Sponsor,,
2026-07-14,C139269,3-2,,SC,SC.SCTESTCD,DSTATTOD,Donor Status at Time of Organ Donation,SCORRES,C70856,N,,,,,,,Qualifier,SCORRES,is the result of the test in,IS_RESULT_OF,SCTESTCD,text,200.0,,,Y,N,Collected,Investigator,,Y
2026-07-14,C139269,3-2,,SC,SC.SCTESTCD,DSTATTOD,Donor Status at Time of Organ Donation,SCDTC,C82515,N,,,,,,,Timing,SCDTC,is the date of occurrence for,IS_TIMING_FOR,SCTESTCD,datetime,,,,N,N,Collected,Sponsor,,
2026-07-14,C139269,3-2,,SC,SC.SCTESTCD,DSTATTOD,Donor Status at Time of Organ Donation,SCSTRESC,C70856,N,,,,,,,Qualifier,SCSTRESC,is the result of the test in,IS_RESULT_OF,SCTESTCD,text,200.0,,,Y,N,Derived,Sponsor,,Y
2026-07-14,C86029,3-2,,SC,SC.SCTESTCD,DWELLTYP,Dwelling Type,SCTESTCD,,N,C74559,SCTESTCD,,,C86029,DWELLTYP,Topic,SCTESTCD,is the code for the value in,IS_DECODED_BY,SCTEST,,,,,Y,Y,Assigned,Sponsor,EQ,
2026-07-14,C86029,3-2,,SC,SC.SCTESTCD,DWELLTYP,Dwelling Type,SCTEST,,N,C103330,SCTEST,,,C86029,Dwelling Type,Qualifier,SCTEST,decodes the value in,DECODES,SCTESTCD,,,,,Y,Y,Assigned,Sponsor,,
2026-07-14,C86029,3-2,,SC,SC.SCTESTCD,DWELLTYP,Dwelling Type,SCCAT,C25372,N,,,,,,,Qualifier,SCCAT,groups values in,GROUPS,SCTESTCD,,,,,N,N,Assigned,Sponsor,,
2026-07-14,C86029,3-2,,SC,SC.SCTESTCD,DWELLTYP,Dwelling Type,SCORRES,C70856,N,,,,,,,Qualifier,SCORRES,is the result of the test in,IS_RESULT_OF,SCTESTCD,text,200.0,,,Y,N,Collected,Investigator,,Y
2026-07-14,C86029,3-2,,SC,SC.SCTESTCD,DWELLTYP,Dwelling Type,SCDTC,C82515,N,,,,,,,Timing,SCDTC,is the date of occurrence for,IS_TIMING_FOR,SCTESTCD,datetime,,,,N,N,Collected,Sponsor,,
2026-07-14,C86029,3-2,,SC,SC.SCTESTCD,DWELLTYP,Dwelling Type,SCSTRESC,C70856,N,,,,,,,Qualifier,SCSTRESC,is the result of the test in,IS_RESULT_OF,SCTESTCD,text,200.0,,,Y,N,Derived,Sponsor,,Y
2026-07-14,C81247,3-2,,SC,SC.SCTESTCD,EDLVRDTC,Estimated Date of Delivery,SCTESTCD,,N,C74559,SCTESTCD,,,C81247,EDLVRDTC,Topic,SCTESTCD,is the code for the value in,IS_DECODED_BY,SCTEST,,,,,Y,Y,Assigned,Sponsor,EQ,
2026-07-14,C81247,3-2,,SC,SC.SCTESTCD,EDLVRDTC,Estimated Date of Delivery,SCTEST,,N,C103330,SCTEST,,,C81247,Estimated Date of Delivery,Qualifier,SCTEST,decodes the value in,DECODES,SCTESTCD,,,,,Y,Y,Assigned,Sponsor,,
2026-07-14,C81247,3-2,,SC,SC.SCTESTCD,EDLVRDTC,Estimated Date of Delivery,SCCAT,C25372,N,,,,,,,Qualifier,SCCAT,groups values in,GROUPS,SCTESTCD,,,,,N,N,Assigned,Sponsor,,
2026-07-14,C81247,3-2,,SC,SC.SCTESTCD,EDLVRDTC,Estimated Date of Delivery,SCORRES,C70856,N,,,,,,,Qualifier,SCORRES,is the result of the test in,IS_RESULT_OF,SCTESTCD,text,200.0,,,Y,N,Collected,Investigator,,Y
2026-07-14,C81247,3-2,,SC,SC.SCTESTCD,EDLVRDTC,Estimated Date of Delivery,SCDTC,C82515,N,,,,,,,Timing,SCDTC,is the date of occurrence for,IS_TIMING_FOR,SCTESTCD,datetime,,,,N,N,Collected,Sponsor,,
2026-07-14,C81247,3-2,,SC,SC.SCTESTCD,EDLVRDTC,Estimated Date of Delivery,SCSTRESC,C70856,N,,,,,,,Qualifier,SCSTRESC,is the result of the test in,IS_RESULT_OF,SCTESTCD,text,200.0,,,Y,N,Derived,Sponsor,,Y
2026-07-14,C17953,3-2,,SC,SC.SCTESTCD,EDULEVEL,Level of Education Attained,SCTESTCD,,N,C74559,SCTESTCD,,,C17953,EDULEVEL,Topic,SCTESTCD,is the code for the value in,IS_DECODED_BY,SCTEST,,,,,Y,Y,Assigned,Sponsor,EQ,
2026-07-14,C17953,3-2,,SC,SC.SCTESTCD,EDULEVEL,Level of Education Attained,SCTEST,,N,C103330,SCTEST,,,C17953,Level of Education Attained,Qualifier,SCTEST,decodes the value in,DECODES,SCTESTCD,,,,,Y,Y,Assigned,Sponsor,,
2026-07-14,C17953,3-2,,SC,SC.SCTESTCD,EDULEVEL,Level of Education Attained,SCCAT,C25372,N,,,,,,,Qualifier,SCCAT,groups values in,GROUPS,SCTESTCD,,,,,N,N,Assigned,Sponsor,,
2026-07-14,C17953,3-2,,SC,SC.SCTESTCD,EDULEVEL,Level of Education Attained,SCORRES,C70856,N,,,,,,,Qualifier,SCORRES,is the result of the test in,IS_RESULT_OF,SCTESTCD,text,200.0,,,Y,N,Collected,Investigator,,Y
2026-07-14,C17953,3-2,,SC,SC.SCTESTCD,EDULEVEL,Level of Education Attained,SCDTC,C82515,N,,,,,,,Timing,SCDTC,is the date of occurrence for,IS_TIMING_FOR,SCTESTCD,datetime,,,,N,N,Collected,Sponsor,,
2026-07-14,C17953,3-2,,SC,SC.SCTESTCD,EDULEVEL,Level of Education Attained,SCSTRESC,C70856,N,,,,,,,Qualifier,SCSTRESC,is the result of the test in,IS_RESULT_OF,SCTESTCD,text,200.0,,,Y,N,Derived,Sponsor,,Y
2026-07-14,C122393,3-2,,SC,SC.SCTESTCD,EDUYRNUM,Number of Years of Education,SCTESTCD,,N,C74559,SCTESTCD,,,C122393,EDUYRNUM,Topic,SCTESTCD,is the code for the value in,IS_DECODED_BY,SCTEST,,,,,Y,Y,Assigned,Sponsor,EQ,
2026-07-14,C122393,3-2,,SC,SC.SCTESTCD,EDUYRNUM,Number of Years of Education,SCTEST,,N,C103330,SCTEST,,,C122393,Number of Years of Education,Qualifier,SCTEST,decodes the value in,DECODES,SCTESTCD,,,,,Y,Y,Assigned,Sponsor,,
2026-07-14,C122393,3-2,,SC,SC.SCTESTCD,EDUYRNUM,Number of Years of Education,SCCAT,C25372,N,,,,,,,Qualifier,SCCAT,groups values in,GROUPS,SCTESTCD,,,,,N,N,Assigned,Sponsor,,
2026-07-14,C122393,3-2,,SC,SC.SCTESTCD,EDUYRNUM,Number of Years of Education,SCORRES,C70856,N,,,,,,,Qualifier,SCORRES,is the result of the test in,IS_RESULT_OF,SCTESTCD,integer,,,,Y,N,Collected,Investigator,,Y
2026-07-14,C122393,3-2,,SC,SC.SCTESTCD,EDUYRNUM,Number of Years of Education,SCDTC,C82515,N,,,,,,,Timing,SCDTC,is the date of occurrence for,IS_TIMING_FOR,SCTESTCD,datetime,,,,N,N,Collected,Sponsor,,
2026-07-14,C122393,3-2,,SC,SC.SCTESTCD,EDUYRNUM,Number of Years of Education,SCSTRESC,C70856,N,,,,,,,Qualifier,SCSTRESC,is the result of the test in,IS_RESULT_OF,SCTESTCD,integer,2.0,,,Y,N,Derived,Sponsor,,Y
2026-07-14,C122393,3-2,,SC,SC.SCTESTCD,EDUYRNUM,Number of Years of Education,SCSTRESN,C70856,N,,,,,,,Qualifier,SCSTRESN,is the result of the test in,IS_RESULT_OF,SCTESTCD,integer,2.0,,,Y,N,Derived,Sponsor,,Y
2026-07-14,C122188,3-2,,SC,SC.SCTESTCD,EGESTAGE,Estimated Gestational Age,SCTESTCD,,N,C74559,SCTESTCD,,,C122188,EGESTAGE,Topic,SCTESTCD,is the code for the value in,IS_DECODED_BY,SCTEST,,,,,Y,Y,Assigned,Sponsor,EQ,
2026-07-14,C122188,3-2,,SC,SC.SCTESTCD,EGESTAGE,Estimated Gestational Age,SCTEST,,N,C103330,SCTEST,,,C122188,Estimated Gestational Age,Qualifier,SCTEST,decodes the value in,DECODES,SCTESTCD,,,,,Y,Y,Assigned,Sponsor,,
2026-07-14,C122188,3-2,,SC,SC.SCTESTCD,EGESTAGE,Estimated Gestational Age,SCCAT,C25372,N,,,,,,,Qualifier,SCCAT,groups values in,GROUPS,SCTESTCD,,,,,N,N,Assigned,Sponsor,,
2026-07-14,C122188,3-2,,SC,SC.SCTESTCD,EGESTAGE,Estimated Gestational Age,SCORRES,C70856,N,,,,,,,Qualifier,SCORRES,is the result of the test in,IS_RESULT_OF,SCTESTCD,float,4.0,4.1,1.0,Y,N,Collected,Investigator,,Y
2026-07-14,C122188,3-2,,SC,SC.SCTESTCD,EGESTAGE,Estimated Gestational Age,SCORRESU,C42574,N,C71620,UNIT,,DAYS;WEEKS,,,Qualifier,SCORRESU,is the unit for the value in,IS_UNIT_FOR,SCORRES,text,20.0,,,Y,N,Collected,Investigator,,Y
2026-07-14,C122188,3-2,,SC,SC.SCTESTCD,EGESTAGE,Estimated Gestational Age,SCDTC,C82515,N,,,,,,,Timing,SCDTC,is the date of occurrence for,IS_TIMING_FOR,SCTESTCD,datetime,,,,N,N,Collected,Sponsor,,
2026-07-14,C122188,3-2,,SC,SC.SCTESTCD,EGESTAGE,Estimated Gestational Age,SCSTRESC,C70856,N,,,,,,,Qualifier,SCSTRESC,is the result of the test in,IS_RESULT_OF,SCTESTCD,float,4.0,4.1,1.0,Y,N,Derived,Sponsor,,Y
2026-07-14,C122188,3-2,,SC,SC.SCTESTCD,EGESTAGE,Estimated Gestational Age,SCSTRESN,C70856,N,,,,,,,Qualifier,SCSTRESN,is the result of the test in,IS_RESULT_OF,SCTESTCD,float,4.0,4.1,1.0,Y,N,Derived,Sponsor,,Y
2026-07-14,C122188,3-2,,SC,SC.SCTESTCD,EGESTAGE,Estimated Gestational Age,SCSTRESU,C42574,N,C71620,UNIT,,DAYS;WEEKS,,,Qualifier,SCSTRESU,is the unit for the value in,IS_UNIT_FOR,SCSTRES,text,20.0,,,Y,N,Assigned,Sponsor,,Y
2026-07-14,C25193,3-2,,SC,SC.SCTESTCD,EMPJOB,Employee Job,SCTESTCD,,N,C74559,SCTESTCD,,,C25193,EMPJOB,Topic,SCTESTCD,is the code for the value in,IS_DECODED_BY,SCTEST,,,,,Y,Y,Assigned,Sponsor,EQ,
2026-07-14,C25193,3-2,,SC,SC.SCTESTCD,EMPJOB,Employee Job,SCTEST,,N,C103330,SCTEST,,,C25193,Employee Job,Qualifier,SCTEST,decodes the value in,DECODES,SCTESTCD,,,,,Y,Y,Assigned,Sponsor,,
2026-07-14,C25193,3-2,,SC,SC.SCTESTCD,EMPJOB,Employee Job,SCCAT,C25372,N,,,,,,,Qualifier,SCCAT,groups values in,GROUPS,SCTESTCD,,,,,N,N,Assigned,Sponsor,,
2026-07-14,C25193,3-2,,SC,SC.SCTESTCD,EMPJOB,Employee Job,SCORRES,C70856,N,,,,,,,Qualifier,SCORRES,is the result of the test in,IS_RESULT_OF,SCTESTCD,text,200.0,,,Y,N,Collected,Investigator,,Y
2026-07-14,C25193,3-2,,SC,SC.SCTESTCD,EMPJOB,Employee Job,SCDTC,C82515,N,,,,,,,Timing,SCDTC,is the date of occurrence for,IS_TIMING_FOR,SCTESTCD,datetime,,,,N,N,Collected,Sponsor,,
2026-07-14,C25193,3-2,,SC,SC.SCTESTCD,EMPJOB,Employee Job,SCSTRESC,C70856,N,,,,,,,Qualifier,SCSTRESC,is the result of the test in,IS_RESULT_OF,SCTESTCD,text,200.0,,,Y,N,Derived,Sponsor,,Y
2026-07-14,C179143,3-2,,SC,SC.SCTESTCD,EMPSTAT,Employment Status,SCTESTCD,,N,C74559,SCTESTCD,,,C179143,EMPSTAT,Topic,SCTESTCD,is the code for the value in,IS_DECODED_BY,SCTEST,,,,,Y,Y,Assigned,Sponsor,EQ,
2026-07-14,C179143,3-2,,SC,SC.SCTESTCD,EMPSTAT,Employment Status,SCTEST,,N,C103330,SCTEST,,,C179143,Employment Status,Qualifier,SCTEST,decodes the value in,DECODES,SCTESTCD,,,,,Y,Y,Assigned,Sponsor,,
2026-07-14,C179143,3-2,,SC,SC.SCTESTCD,EMPSTAT,Employment Status,SCCAT,C25372,N,,,,,,,Qualifier,SCCAT,groups values in,GROUPS,SCTESTCD,,,,,N,N,Assigned,Sponsor,,
2026-07-14,C179143,3-2,,SC,SC.SCTESTCD,EMPSTAT,Employment Status,SCORRES,C70856,N,,,,,,,Qualifier,SCORRES,is the result of the test in,IS_RESULT_OF,SCTESTCD,text,200.0,,,Y,N,Collected,Investigator,,Y
2026-07-14,C179143,3-2,,SC,SC.SCTESTCD,EMPSTAT,Employment Status,SCDTC,C82515,N,,,,,,,Timing,SCDTC,is the date of occurrence for,IS_TIMING_FOR,SCTESTCD,datetime,,,,N,N,Collected,Sponsor,,
2026-07-14,C179143,3-2,,SC,SC.SCTESTCD,EMPSTAT,Employment Status,SCSTRESC,C70856,N,,,,,,,Qualifier,SCSTRESC,is the result of the test in,IS_RESULT_OF,SCTESTCD,text,200.0,,,Y,N,Derived,Sponsor,,Y
2026-07-14,C186214,3-2,,SC,SC.SCTESTCD,FRTLSTAT,Fertility Status,SCTESTCD,,N,C74559,SCTESTCD,,,C186214,FRTLSTAT,Topic,SCTESTCD,is the code for the value in,IS_DECODED_BY,SCTEST,,,,,Y,Y,Assigned,Sponsor,EQ,
2026-07-14,C186214,3-2,,SC,SC.SCTESTCD,FRTLSTAT,Fertility Status,SCTEST,,N,C103330,SCTEST,,,C186214,Fertility Status,Qualifier,SCTEST,decodes the value in,DECODES,SCTESTCD,,,,,Y,Y,Assigned,Sponsor,,
2026-07-14,C186214,3-2,,SC,SC.SCTESTCD,FRTLSTAT,Fertility Status,SCCAT,C25372,N,,,,,,,Qualifier,SCCAT,groups values in,GROUPS,SCTESTCD,,,,,N,N,Assigned,Sponsor,,
2026-07-14,C186214,3-2,,SC,SC.SCTESTCD,FRTLSTAT,Fertility Status,SCORRES,C70856,N,,,,,,,Qualifier,SCORRES,is the result of the test in,IS_RESULT_OF,SCTESTCD,text,200.0,,,Y,N,Collected,Investigator,,Y
2026-07-14,C186214,3-2,,SC,SC.SCTESTCD,FRTLSTAT,Fertility Status,SCDTC,C82515,N,,,,,,,Timing,SCDTC,is the date of occurrence for,IS_TIMING_FOR,SCTESTCD,datetime,,,,N,N,Collected,Sponsor,,
2026-07-14,C186214,3-2,,SC,SC.SCTESTCD,FRTLSTAT,Fertility Status,SCSTRESC,C70856,N,,,,,,,Qualifier,SCSTRESC,is the result of the test in,IS_RESULT_OF,SCTESTCD,text,200.0,,,Y,N,Derived,Sponsor,,Y
2026-07-14,C209682,3-2,,SC,SC.SCTESTCD,FTSTUIND,Full-Time Student Indicator,SCTESTCD,,N,C74559,SCTESTCD,,,C209682,FTSTUIND,Topic,SCTESTCD,is the code for the value in,IS_DECODED_BY,SCTEST,,,,,Y,Y,Assigned,Sponsor,EQ,
2026-07-14,C209682,3-2,,SC,SC.SCTESTCD,FTSTUIND,Full-Time Student Indicator,SCTEST,,N,C103330,SCTEST,,,C209682,Full-Time Student Indicator,Qualifier,SCTEST,decodes the value in,DECODES,SCTESTCD,,,,,Y,Y,Assigned,Sponsor,,
2026-07-14,C209682,3-2,,SC,SC.SCTESTCD,FTSTUIND,Full-Time Student Indicator,SCCAT,C25372,N,,,,,,,Qualifier,SCCAT,groups values in,GROUPS,SCTESTCD,,,,,N,N,Assigned,Sponsor,,
2026-07-14,C209682,3-2,,SC,SC.SCTESTCD,FTSTUIND,Full-Time Student Indicator,SCORRES,C70856,N,C66742,NY,,N;Y;U,,,Qualifier,SCORRES,is the result of the test in,IS_RESULT_OF,SCTESTCD,text,200.0,,,Y,N,Collected,Investigator,,Y
2026-07-14,C209682,3-2,,SC,SC.SCTESTCD,FTSTUIND,Full-Time Student Indicator,SCDTC,C82515,N,,,,,,,Timing,SCDTC,is the date of occurrence for,IS_TIMING_FOR,SCTESTCD,datetime,,,,N,N,Collected,Sponsor,,
2026-07-14,C209682,3-2,,SC,SC.SCTESTCD,FTSTUIND,Full-Time Student Indicator,SCSTRESC,C70856,N,C66742,NY,,N;Y;U,,,Qualifier,SCSTRESC,is the result of the test in,IS_RESULT_OF,SCTESTCD,text,200.0,,,Y,N,Derived,Sponsor,,Y
2026-07-14,C158277,3-2,,SC,SC.SCTESTCD,GENIDENT,Gender Identity,SCTESTCD,,N,C74559,SCTESTCD,,,C158277,GENIDENT,Topic,SCTESTCD,is the code for the value in,IS_DECODED_BY,SCTEST,,,,,Y,Y,Assigned,Sponsor,EQ,
2026-07-14,C158277,3-2,,SC,SC.SCTESTCD,GENIDENT,Gender Identity,SCTEST,,N,C103330,SCTEST,,,C158277,Gender Identity,Qualifier,SCTEST,decodes the value in,DECODES,SCTESTCD,,,,,Y,Y,Assigned,Sponsor,,
2026-07-14,C158277,3-2,,SC,SC.SCTESTCD,GENIDENT,Gender Identity,SCCAT,C25372,N,,,,,,,Qualifier,SCCAT,groups values in,GROUPS,SCTESTCD,,,,,N,N,Assigned,Sponsor,,
2026-07-14,C158277,3-2,,SC,SC.SCTESTCD,GENIDENT,Gender Identity,SCORRES,C70856,N,,,,,,,Qualifier,SCORRES,is the result of the test in,IS_RESULT_OF,SCTESTCD,text,200.0,,,Y,N,Collected,Investigator,,Y
2026-07-14,C158277,3-2,,SC,SC.SCTESTCD,GENIDENT,Gender Identity,SCDTC,C82515,N,,,,,,,Timing,SCDTC,is the date of occurrence for,IS_TIMING_FOR,SCTESTCD,datetime,,,,N,N,Collected,Sponsor,,
2026-07-14,C158277,3-2,,SC,SC.SCTESTCD,GENIDENT,Gender Identity,SCSTRESC,C70856,N,,,,,,,Qualifier,SCSTRESC,is the result of the test in,IS_RESULT_OF,SCTESTCD,text,200.0,,,Y,N,Derived,Sponsor,,Y
2026-07-14,C174365,3-2,,SC,SC.SCTESTCD,GPSDEXP,GPS Coord of Potential Disease Exposure,SCTESTCD,,N,C74559,SCTESTCD,,,C174365,GPSDEXP,Topic,SCTESTCD,is the code for the value in,IS_DECODED_BY,SCTEST,,,,,Y,Y,Assigned,Sponsor,EQ,
2026-07-14,C174365,3-2,,SC,SC.SCTESTCD,GPSDEXP,GPS Coord of Potential Disease Exposure,SCTEST,,N,C103330,SCTEST,,,C174365,GPS Coord of Potential Disease Exposure,Qualifier,SCTEST,decodes the value in,DECODES,SCTESTCD,,,,,Y,Y,Assigned,Sponsor,,
2026-07-14,C174365,3-2,,SC,SC.SCTESTCD,GPSDEXP,GPS Coord of Potential Disease Exposure,SCCAT,C25372,N,,,,,,,Qualifier,SCCAT,groups values in,GROUPS,SCTESTCD,,,,,N,N,Assigned,Sponsor,,
2026-07-14,C174365,3-2,,SC,SC.SCTESTCD,GPSDEXP,GPS Coord of Potential Disease Exposure,SCORRES,C70856,N,,,,,,,Qualifier,SCORRES,is the result of the test in,IS_RESULT_OF,SCTESTCD,text,200.0,,,Y,N,Collected,Investigator,,Y
2026-07-14,C174365,3-2,,SC,SC.SCTESTCD,GPSDEXP,GPS Coord of Potential Disease Exposure,SCDTC,C82515,N,,,,,,,Timing,SCDTC,is the date of occurrence for,IS_TIMING_FOR,SCTESTCD,datetime,,,,N,N,Collected,Sponsor,,
2026-07-14,C174365,3-2,,SC,SC.SCTESTCD,GPSDEXP,GPS Coord of Potential Disease Exposure,SCSTRESC,C70856,N,,,,,,,Qualifier,SCSTRESC,is the result of the test in,IS_RESULT_OF,SCTESTCD,text,200.0,,,Y,N,Derived,Sponsor,,Y
2026-07-14,C124435,3-2,,SC,SC.SCTESTCD,GSTABRTH,Gestational Age at Birth,SCTESTCD,,N,C74559,SCTESTCD,,,C124435,GSTABRTH,Topic,SCTESTCD,is the code for the value in,IS_DECODED_BY,SCTEST,,,,,Y,Y,Assigned,Sponsor,EQ,
2026-07-14,C124435,3-2,,SC,SC.SCTESTCD,GSTABRTH,Gestational Age at Birth,SCTEST,,N,C103330,SCTEST,,,C124435,Gestational Age at Birth,Qualifier,SCTEST,decodes the value in,DECODES,SCTESTCD,,,,,Y,Y,Assigned,Sponsor,,
2026-07-14,C124435,3-2,,SC,SC.SCTESTCD,GSTABRTH,Gestational Age at Birth,SCCAT,C25372,N,,,,,,,Qualifier,SCCAT,groups values in,GROUPS,SCTESTCD,,,,,N,N,Assigned,Sponsor,,
2026-07-14,C124435,3-2,,SC,SC.SCTESTCD,GSTABRTH,Gestational Age at Birth,SCORRES,C70856,N,,,,,,,Qualifier,SCORRES,is the result of the test in,IS_RESULT_OF,SCTESTCD,float,4.0,4.1,1.0,Y,N,Collected,Investigator,,Y
2026-07-14,C124435,3-2,,SC,SC.SCTESTCD,GSTABRTH,Gestational Age at Birth,SCORRESU,C42574,N,C71620,UNIT,,DAYS;WEEKS,,,Qualifier,SCORRESU,is the unit for the value in,IS_UNIT_FOR,SCORRES,text,20.0,,,Y,N,Collected,Investigator,,Y
2026-07-14,C124435,3-2,,SC,SC.SCTESTCD,GSTABRTH,Gestational Age at Birth,SCDTC,C82515,N,,,,,,,Timing,SCDTC,is the date of occurrence for,IS_TIMING_FOR,SCTESTCD,datetime,,,,N,N,Collected,Sponsor,,
2026-07-14,C124435,3-2,,SC,SC.SCTESTCD,GSTABRTH,Gestational Age at Birth,SCSTRESC,C70856,N,,,,,,,Qualifier,SCSTRESC,is the result of the test in,IS_RESULT_OF,SCTESTCD,float,4.0,4.1,1.0,Y,N,Derived,Sponsor,,Y
2026-07-14,C124435,3-2,,SC,SC.SCTESTCD,GSTABRTH,Gestational Age at Birth,SCSTRESN,C70856,N,,,,,,,Qualifier,SCSTRESN,is the result of the test in,IS_RESULT_OF,SCTESTCD,float,4.0,4.1,1.0,Y,N,Derived,Sponsor,,Y
2026-07-14,C124435,3-2,,SC,SC.SCTESTCD,GSTABRTH,Gestational Age at Birth,SCSTRESU,C42574,N,C71620,UNIT,,DAYS;WEEKS,,,Qualifier,SCSTRESU,is the unit for the value in,IS_UNIT_FOR,SCSTRES,text,20.0,,,Y,N,Assigned,Sponsor,,Y
2026-07-14,C114182,3-2,,SC,SC.SCTESTCD,HANDDOM,Dominant Hand,SCTESTCD,,N,C74559,SCTESTCD,,,C114182,HANDDOM,Topic,SCTESTCD,is the code for the value in,IS_DECODED_BY,SCTEST,,,,,Y,Y,Assigned,Sponsor,EQ,
2026-07-14,C114182,3-2,,SC,SC.SCTESTCD,HANDDOM,Dominant Hand,SCTEST,,N,C103330,SCTEST,,,C114182,Dominant Hand,Qualifier,SCTEST,decodes the value in,DECODES,SCTESTCD,,,,,Y,Y,Assigned,Sponsor,,
2026-07-14,C114182,3-2,,SC,SC.SCTESTCD,HANDDOM,Dominant Hand,SCCAT,C25372,N,,,,,,,Qualifier,SCCAT,groups values in,GROUPS,SCTESTCD,,,,,N,N,Assigned,Sponsor,,
2026-07-14,C114182,3-2,,SC,SC.SCTESTCD,HANDDOM,Dominant Hand,SCORRES,C70856,N,C99073,LAT,,LEFT;RIGHT,,,Qualifier,SCORRES,is the result of the test in,IS_RESULT_OF,SCTESTCD,text,200.0,,,Y,N,Collected,Investigator,,Y
2026-07-14,C114182,3-2,,SC,SC.SCTESTCD,HANDDOM,Dominant Hand,SCDTC,C82515,N,,,,,,,Timing,SCDTC,is the date of occurrence for,IS_TIMING_FOR,SCTESTCD,datetime,,,,N,N,Collected,Sponsor,,
2026-07-14,C114182,3-2,,SC,SC.SCTESTCD,HANDDOM,Dominant Hand,SCSTRESC,C70856,N,C99073,LAT,,LEFT;RIGHT,,,Qualifier,SCSTRESC,is the result of the test in,IS_RESULT_OF,SCTESTCD,text,200.0,,,Y,N,Derived,Sponsor,,Y
2026-07-14,C209683,3-2,,SC,SC.SCTESTCD,HIEMPIND,Employer Based Health Insurance Ind,SCTESTCD,,N,C74559,SCTESTCD,,,C209683,HIEMPIND,Topic,SCTESTCD,is the code for the value in,IS_DECODED_BY,SCTEST,,,,,Y,Y,Assigned,Sponsor,EQ,
2026-07-14,C209683,3-2,,SC,SC.SCTESTCD,HIEMPIND,Employer Based Health Insurance Ind,SCTEST,,N,C103330,SCTEST,,,C209683,Employer Based Health Insurance Ind,Qualifier,SCTEST,decodes the value in,DECODES,SCTESTCD,,,,,Y,Y,Assigned,Sponsor,,
2026-07-14,C209683,3-2,,SC,SC.SCTESTCD,HIEMPIND,Employer Based Health Insurance Ind,SCCAT,C25372,N,,,,,,,Qualifier,SCCAT,groups values in,GROUPS,SCTESTCD,,,,,N,N,Assigned,Sponsor,,
2026-07-14,C209683,3-2,,SC,SC.SCTESTCD,HIEMPIND,Employer Based Health Insurance Ind,SCORRES,C70856,N,,,,,,,Qualifier,SCORRES,is the result of the test in,IS_RESULT_OF,SCTESTCD,text,200.0,,,Y,N,Collected,Investigator,,Y
2026-07-14,C209683,3-2,,SC,SC.SCTESTCD,HIEMPIND,Employer Based Health Insurance Ind,SCDTC,C82515,N,,,,,,,Timing,SCDTC,is the date of occurrence for,IS_TIMING_FOR,SCTESTCD,datetime,,,,N,N,Collected,Sponsor,,
2026-07-14,C209683,3-2,,SC,SC.SCTESTCD,HIEMPIND,Employer Based Health Insurance Ind,SCSTRESC,C70856,N,,,,,,,Qualifier,SCSTRESC,is the result of the test in,IS_RESULT_OF,SCTESTCD,text,200.0,,,Y,N,Derived,Sponsor,,Y
2026-07-14,C209684,3-2,,SC,SC.SCTESTCD,HIIHSIND,Indian Health Service Insurance Ind,SCTESTCD,,N,C74559,SCTESTCD,,,C209684,HIIHSIND,Topic,SCTESTCD,is the code for the value in,IS_DECODED_BY,SCTEST,,,,,Y,Y,Assigned,Sponsor,EQ,
2026-07-14,C209684,3-2,,SC,SC.SCTESTCD,HIIHSIND,Indian Health Service Insurance Ind,SCTEST,,N,C103330,SCTEST,,,C209684,Indian Health Service Insurance Ind,Qualifier,SCTEST,decodes the value in,DECODES,SCTESTCD,,,,,Y,Y,Assigned,Sponsor,,
2026-07-14,C209684,3-2,,SC,SC.SCTESTCD,HIIHSIND,Indian Health Service Insurance Ind,SCCAT,C25372,N,,,,,,,Qualifier,SCCAT,groups values in,GROUPS,SCTESTCD,,,,,N,N,Assigned,Sponsor,,
2026-07-14,C209684,3-2,,SC,SC.SCTESTCD,HIIHSIND,Indian Health Service Insurance Ind,SCORRES,C70856,N,,,,,,,Qualifier,SCORRES,is the result of the test in,IS_RESULT_OF,SCTESTCD,text,200.0,,,Y,N,Collected,Investigator,,Y
2026-07-14,C209684,3-2,,SC,SC.SCTESTCD,HIIHSIND,Indian Health Service Insurance Ind,SCDTC,C82515,N,,,,,,,Timing,SCDTC,is the date of occurrence for,IS_TIMING_FOR,SCTESTCD,datetime,,,,N,N,Collected,Sponsor,,
2026-07-14,C209684,3-2,,SC,SC.SCTESTCD,HIIHSIND,Indian Health Service Insurance Ind,SCSTRESC,C70856,N,,,,,,,Qualifier,SCSTRESC,is the result of the test in,IS_RESULT_OF,SCTESTCD,text,200.0,,,Y,N,Derived,Sponsor,,Y
2026-07-14,C209446,3-2,,SC,SC.SCTESTCD,HIIND,Health Insurance Indicator,SCTESTCD,,N,C74559,SCTESTCD,,,C209446,HIIND,Topic,SCTESTCD,is the code for the value in,IS_DECODED_BY,SCTEST,,,,,Y,Y,Assigned,Sponsor,EQ,
2026-07-14,C209446,3-2,,SC,SC.SCTESTCD,HIIND,Health Insurance Indicator,SCTEST,,N,C103330,SCTEST,,,C209446,Health Insurance Indicator,Qualifier,SCTEST,decodes the value in,DECODES,SCTESTCD,,,,,Y,Y,Assigned,Sponsor,,
2026-07-14,C209446,3-2,,SC,SC.SCTESTCD,HIIND,Health Insurance Indicator,SCCAT,C25372,N,,,,,,,Qualifier,SCCAT,groups values in,GROUPS,SCTESTCD,,,,,N,N,Assigned,Sponsor,,
2026-07-14,C209446,3-2,,SC,SC.SCTESTCD,HIIND,Health Insurance Indicator,SCORRES,C70856,N,C66742,NY,,N;Y;U,,,Qualifier,SCORRES,is the result of the test in,IS_RESULT_OF,SCTESTCD,text,200.0,,,Y,N,Collected,Investigator,,Y
2026-07-14,C209446,3-2,,SC,SC.SCTESTCD,HIIND,Health Insurance Indicator,SCDTC,C82515,N,,,,,,,Timing,SCDTC,is the date of occurrence for,IS_TIMING_FOR,SCTESTCD,datetime,,,,N,N,Collected,Sponsor,,
2026-07-14,C209446,3-2,,SC,SC.SCTESTCD,HIIND,Health Insurance Indicator,SCSTRESC,C70856,N,C66742,NY,,N;Y;U,,,Qualifier,SCSTRESC,is the result of the test in,IS_RESULT_OF,SCTESTCD,text,200.0,,,Y,N,Derived,Sponsor,,Y
2026-07-14,C209685,3-2,,SC,SC.SCTESTCD,HIMILIND,Military Health Insurance Indicator,SCTESTCD,,N,C74559,SCTESTCD,,,C209685,HIMILIND,Topic,SCTESTCD,is the code for the value in,IS_DECODED_BY,SCTEST,,,,,Y,Y,Assigned,Sponsor,EQ,
2026-07-14,C209685,3-2,,SC,SC.SCTESTCD,HIMILIND,Military Health Insurance Indicator,SCTEST,,N,C103330,SCTEST,,,C209685,Military Health Insurance Indicator,Qualifier,SCTEST,decodes the value in,DECODES,SCTESTCD,,,,,Y,Y,Assigned,Sponsor,,
2026-07-14,C209685,3-2,,SC,SC.SCTESTCD,HIMILIND,Military Health Insurance Indicator,SCCAT,C25372,N,,,,,,,Qualifier,SCCAT,groups values in,GROUPS,SCTESTCD,,,,,N,N,Assigned,Sponsor,,
2026-07-14,C209685,3-2,,SC,SC.SCTESTCD,HIMILIND,Military Health Insurance Indicator,SCORRES,C70856,N,C66742,NY,,N;Y;U,,,Qualifier,SCORRES,is the result of the test in,IS_RESULT_OF,SCTESTCD,text,200.0,,,Y,N,Collected,Investigator,,Y
2026-07-14,C209685,3-2,,SC,SC.SCTESTCD,HIMILIND,Military Health Insurance Indicator,SCDTC,C82515,N,,,,,,,Timing,SCDTC,is the date of occurrence for,IS_TIMING_FOR,SCTESTCD,datetime,,,,N,N,Collected,Sponsor,,
2026-07-14,C209685,3-2,,SC,SC.SCTESTCD,HIMILIND,Military Health Insurance Indicator,SCSTRESC,C70856,N,C66742,NY,,N;Y;U,,,Qualifier,SCSTRESC,is the result of the test in,IS_RESULT_OF,SCTESTCD,text,200.0,,,Y,N,Derived,Sponsor,,Y
2026-07-14,C209686,3-2,,SC,SC.SCTESTCD,HIPRVIND,Private Health Insurance Indicator,SCTESTCD,,N,C74559,SCTESTCD,,,C209686,HIPRVIND,Topic,SCTESTCD,is the code for the value in,IS_DECODED_BY,SCTEST,,,,,Y,Y,Assigned,Sponsor,EQ,
2026-07-14,C209686,3-2,,SC,SC.SCTESTCD,HIPRVIND,Private Health Insurance Indicator,SCTEST,,N,C103330,SCTEST,,,C209686,Private Health Insurance Indicator,Qualifier,SCTEST,decodes the value in,DECODES,SCTESTCD,,,,,Y,Y,Assigned,Sponsor,,
2026-07-14,C209686,3-2,,SC,SC.SCTESTCD,HIPRVIND,Private Health Insurance Indicator,SCCAT,C25372,N,,,,,,,Qualifier,SCCAT,groups values in,GROUPS,SCTESTCD,,,,,N,N,Assigned,Sponsor,,
2026-07-14,C209686,3-2,,SC,SC.SCTESTCD,HIPRVIND,Private Health Insurance Indicator,SCORRES,C70856,N,C66742,NY,,N;Y;U,,,Qualifier,SCORRES,is the result of the test in,IS_RESULT_OF,SCTESTCD,text,200.0,,,Y,N,Collected,Investigator,,Y
2026-07-14,C209686,3-2,,SC,SC.SCTESTCD,HIPRVIND,Private Health Insurance Indicator,SCDTC,C82515,N,,,,,,,Timing,SCDTC,is the date of occurrence for,IS_TIMING_FOR,SCTESTCD,datetime,,,,N,N,Collected,Sponsor,,
2026-07-14,C209686,3-2,,SC,SC.SCTESTCD,HIPRVIND,Private Health Insurance Indicator,SCSTRESC,C70856,N,C66742,NY,,N;Y;U,,,Qualifier,SCSTRESC,is the result of the test in,IS_RESULT_OF,SCTESTCD,text,200.0,,,Y,N,Derived,Sponsor,,Y
2026-07-14,C139271,3-2,,SC,SC.SCTESTCD,HIVHRIND,CDC HIV High Risk Donor Indicator,SCTESTCD,,N,C74559,SCTESTCD,,,C139271,HIVHRIND,Topic,SCTESTCD,is the code for the value in,IS_DECODED_BY,SCTEST,,,,,Y,Y,Assigned,Sponsor,EQ,
2026-07-14,C139271,3-2,,SC,SC.SCTESTCD,HIVHRIND,CDC HIV High Risk Donor Indicator,SCTEST,,N,C103330,SCTEST,,,C139271,CDC HIV High Risk Donor Indicator,Qualifier,SCTEST,decodes the value in,DECODES,SCTESTCD,,,,,Y,Y,Assigned,Sponsor,,
2026-07-14,C139271,3-2,,SC,SC.SCTESTCD,HIVHRIND,CDC HIV High Risk Donor Indicator,SCCAT,C25372,N,,,,,,,Qualifier,SCCAT,groups values in,GROUPS,SCTESTCD,,,,,N,N,Assigned,Sponsor,,
2026-07-14,C139271,3-2,,SC,SC.SCTESTCD,HIVHRIND,CDC HIV High Risk Donor Indicator,SCORRES,C70856,N,C66742,NY,,N;Y;U,,,Qualifier,SCORRES,is the result of the test in,IS_RESULT_OF,SCTESTCD,text,200.0,,,Y,N,Collected,Investigator,,Y
2026-07-14,C139271,3-2,,SC,SC.SCTESTCD,HIVHRIND,CDC HIV High Risk Donor Indicator,SCDTC,C82515,N,,,,,,,Timing,SCDTC,is the date of occurrence for,IS_TIMING_FOR,SCTESTCD,datetime,,,,N,N,Collected,Sponsor,,
2026-07-14,C139271,3-2,,SC,SC.SCTESTCD,HIVHRIND,CDC HIV High Risk Donor Indicator,SCSTRESC,C70856,N,C66742,NY,,N;Y;U,,,Qualifier,SCSTRESC,is the result of the test in,IS_RESULT_OF,SCTESTCD,text,200.0,,,Y,N,Derived,Sponsor,,Y
2026-07-14,C154890,3-2,,SC,SC.SCTESTCD,INCMLVL,Income Level,SCTESTCD,,N,C74559,SCTESTCD,,,C154890,INCMLVL,Topic,SCTESTCD,is the code for the value in,IS_DECODED_BY,SCTEST,,,,,Y,Y,Assigned,Sponsor,EQ,
2026-07-14,C154890,3-2,,SC,SC.SCTESTCD,INCMLVL,Income Level,SCTEST,,N,C103330,SCTEST,,,C154890,Income Level,Qualifier,SCTEST,decodes the value in,DECODES,SCTESTCD,,,,,Y,Y,Assigned,Sponsor,,
2026-07-14,C154890,3-2,,SC,SC.SCTESTCD,INCMLVL,Income Level,SCCAT,C25372,N,,,,,,,Qualifier,SCCAT,groups values in,GROUPS,SCTESTCD,,,,,N,N,Assigned,Sponsor,,
2026-07-14,C154890,3-2,,SC,SC.SCTESTCD,INCMLVL,Income Level,SCORRES,C70856,N,,,,,,,Qualifier,SCORRES,is the result of the test in,IS_RESULT_OF,SCTESTCD,text,200.0,,,Y,N,Collected,Investigator,,Y
2026-07-14,C154890,3-2,,SC,SC.SCTESTCD,INCMLVL,Income Level,SCDTC,C82515,N,,,,,,,Timing,SCDTC,is the date of occurrence for,IS_TIMING_FOR,SCTESTCD,datetime,,,,N,N,Collected,Sponsor,,
2026-07-14,C154890,3-2,,SC,SC.SCTESTCD,INCMLVL,Income Level,SCSTRESC,C70856,N,,,,,,,Qualifier,SCSTRESC,is the result of the test in,IS_RESULT_OF,SCTESTCD,text,200.0,,,Y,N,Derived,Sponsor,,Y
2026-07-14,C171513,3-2,,SC,SC.SCTESTCD,INL1YIND,Infant Less Than One Year Indicator,SCTESTCD,,N,C74559,SCTESTCD,,,C171513,INL1YIND,Topic,SCTESTCD,is the code for the value in,IS_DECODED_BY,SCTEST,,,,,Y,Y,Assigned,Sponsor,EQ,
2026-07-14,C171513,3-2,,SC,SC.SCTESTCD,INL1YIND,Infant Less Than One Year Indicator,SCTEST,,N,C103330,SCTEST,,,C171513,Infant Less Than One Year Indicator,Qualifier,SCTEST,decodes the value in,DECODES,SCTESTCD,,,,,Y,Y,Assigned,Sponsor,,
2026-07-14,C171513,3-2,,SC,SC.SCTESTCD,INL1YIND,Infant Less Than One Year Indicator,SCCAT,C25372,N,,,,,,,Qualifier,SCCAT,groups values in,GROUPS,SCTESTCD,,,,,N,N,Assigned,Sponsor,,
2026-07-14,C171513,3-2,,SC,SC.SCTESTCD,INL1YIND,Infant Less Than One Year Indicator,SCORRES,C70856,N,C66742,NY,,N;Y;U,,,Qualifier,SCORRES,is the result of the test in,IS_RESULT_OF,SCTESTCD,text,200.0,,,Y,N,Collected,Investigator,,Y
2026-07-14,C171513,3-2,,SC,SC.SCTESTCD,INL1YIND,Infant Less Than One Year Indicator,SCDTC,C82515,N,,,,,,,Timing,SCDTC,is the date of occurrence for,IS_TIMING_FOR,SCTESTCD,datetime,,,,N,N,Collected,Sponsor,,
2026-07-14,C171513,3-2,,SC,SC.SCTESTCD,INL1YIND,Infant Less Than One Year Indicator,SCSTRESC,C70856,N,C66742,NY,,N;Y;U,,,Qualifier,SCSTRESC,is the result of the test in,IS_RESULT_OF,SCTESTCD,text,200.0,,,Y,N,Derived,Sponsor,,Y
2026-07-14,C209687,3-2,,SC,SC.SCTESTCD,ISXDXIND,Intersex Diagnosis Indicator,SCTESTCD,,N,C74559,SCTESTCD,,,C209687,ISXDXIND,Topic,SCTESTCD,is the code for the value in,IS_DECODED_BY,SCTEST,,,,,Y,Y,Assigned,Sponsor,EQ,
2026-07-14,C209687,3-2,,SC,SC.SCTESTCD,ISXDXIND,Intersex Diagnosis Indicator,SCTEST,,N,C103330,SCTEST,,,C209687,Intersex Diagnosis Indicator,Qualifier,SCTEST,decodes the value in,DECODES,SCTESTCD,,,,,Y,Y,Assigned,Sponsor,,
2026-07-14,C209687,3-2,,SC,SC.SCTESTCD,ISXDXIND,Intersex Diagnosis Indicator,SCCAT,C25372,N,,,,,,,Qualifier,SCCAT,groups values in,GROUPS,SCTESTCD,,,,,N,N,Assigned,Sponsor,,
2026-07-14,C209687,3-2,,SC,SC.SCTESTCD,ISXDXIND,Intersex Diagnosis Indicator,SCORRES,C70856,N,C66742,NY,,N;Y;U,,,Qualifier,SCORRES,is the result of the test in,IS_RESULT_OF,SCTESTCD,text,200.0,,,Y,N,Collected,Investigator,,Y
2026-07-14,C209687,3-2,,SC,SC.SCTESTCD,ISXDXIND,Intersex Diagnosis Indicator,SCDTC,C82515,N,,,,,,,Timing,SCDTC,is the date of occurrence for,IS_TIMING_FOR,SCTESTCD,datetime,,,,N,N,Collected,Sponsor,,
2026-07-14,C209687,3-2,,SC,SC.SCTESTCD,ISXDXIND,Intersex Diagnosis Indicator,SCSTRESC,C70856,N,C66742,NY,,N;Y;U,,,Qualifier,SCSTRESC,is the result of the test in,IS_RESULT_OF,SCTESTCD,text,200.0,,,Y,N,Derived,Sponsor,,Y
2026-07-14,C132459,3-2,,SC,SC.SCTESTCD,LNGSPP,Primary Language Spoken,SCTESTCD,,N,C74559,SCTESTCD,,,C132459,LNGSPP,Topic,SCTESTCD,is the code for the value in,IS_DECODED_BY,SCTEST,,,,,Y,Y,Assigned,Sponsor,EQ,
2026-07-14,C132459,3-2,,SC,SC.SCTESTCD,LNGSPP,Primary Language Spoken,SCTEST,,N,C103330,SCTEST,,,C132459,Primary Language Spoken,Qualifier,SCTEST,decodes the value in,DECODES,SCTESTCD,,,,,Y,Y,Assigned,Sponsor,,
2026-07-14,C132459,3-2,,SC,SC.SCTESTCD,LNGSPP,Primary Language Spoken,SCCAT,C25372,N,,,,,,,Qualifier,SCCAT,groups values in,GROUPS,SCTESTCD,,,,,N,N,Assigned,Sponsor,,
2026-07-14,C132459,3-2,,SC,SC.SCTESTCD,LNGSPP,Primary Language Spoken,SCORRES,C70856,N,,,,,,,Qualifier,SCORRES,is the result of the test in,IS_RESULT_OF,SCTESTCD,text,200.0,,,Y,N,Collected,Investigator,,Y
2026-07-14,C132459,3-2,,SC,SC.SCTESTCD,LNGSPP,Primary Language Spoken,SCDTC,C82515,N,,,,,,,Timing,SCDTC,is the date of occurrence for,IS_TIMING_FOR,SCTESTCD,datetime,,,,N,N,Collected,Sponsor,,
2026-07-14,C132459,3-2,,SC,SC.SCTESTCD,LNGSPP,Primary Language Spoken,SCSTRESC,C70856,N,,,,,,,Qualifier,SCSTRESC,is the result of the test in,IS_RESULT_OF,SCTESTCD,text,200.0,,,Y,N,Derived,Sponsor,,Y
2026-07-14,C132460,3-2,,SC,SC.SCTESTCD,LNGSPS,Secondary Language Spoken,SCTESTCD,,N,C74559,SCTESTCD,,,C132460,LNGSPS,Topic,SCTESTCD,is the code for the value in,IS_DECODED_BY,SCTEST,,,,,Y,Y,Assigned,Sponsor,EQ,
2026-07-14,C132460,3-2,,SC,SC.SCTESTCD,LNGSPS,Secondary Language Spoken,SCTEST,,N,C103330,SCTEST,,,C132460,Secondary Language Spoken,Qualifier,SCTEST,decodes the value in,DECODES,SCTESTCD,,,,,Y,Y,Assigned,Sponsor,,
2026-07-14,C132460,3-2,,SC,SC.SCTESTCD,LNGSPS,Secondary Language Spoken,SCCAT,C25372,N,,,,,,,Qualifier,SCCAT,groups values in,GROUPS,SCTESTCD,,,,,N,N,Assigned,Sponsor,,
2026-07-14,C132460,3-2,,SC,SC.SCTESTCD,LNGSPS,Secondary Language Spoken,SCORRES,C70856,N,,,,,,,Qualifier,SCORRES,is the result of the test in,IS_RESULT_OF,SCTESTCD,text,200.0,,,Y,N,Collected,Investigator,,Y
2026-07-14,C132460,3-2,,SC,SC.SCTESTCD,LNGSPS,Secondary Language Spoken,SCDTC,C82515,N,,,,,,,Timing,SCDTC,is the date of occurrence for,IS_TIMING_FOR,SCTESTCD,datetime,,,,N,N,Collected,Sponsor,,
2026-07-14,C132460,3-2,,SC,SC.SCTESTCD,LNGSPS,Secondary Language Spoken,SCSTRESC,C70856,N,,,,,,,Qualifier,SCSTRESC,is the result of the test in,IS_RESULT_OF,SCTESTCD,text,200.0,,,Y,N,Derived,Sponsor,,Y
2026-07-14,C135502,3-2,,SC,SC.SCTESTCD,LVSBJIND,Living with Subject Indicator,SCTESTCD,,N,C74559,SCTESTCD,,,C135502,LVSBJIND,Topic,SCTESTCD,is the code for the value in,IS_DECODED_BY,SCTEST,,,,,Y,Y,Assigned,Sponsor,EQ,
2026-07-14,C135502,3-2,,SC,SC.SCTESTCD,LVSBJIND,Living with Subject Indicator,SCTEST,,N,C103330,SCTEST,,,C135502,Living with Subject Indicator,Qualifier,SCTEST,decodes the value in,DECODES,SCTESTCD,,,,,Y,Y,Assigned,Sponsor,,
2026-07-14,C135502,3-2,,SC,SC.SCTESTCD,LVSBJIND,Living with Subject Indicator,SCCAT,C25372,N,,,,,,,Qualifier,SCCAT,groups values in,GROUPS,SCTESTCD,,,,,N,N,Assigned,Sponsor,,
2026-07-14,C135502,3-2,,SC,SC.SCTESTCD,LVSBJIND,Living with Subject Indicator,SCORRES,C70856,N,C66742,NY,,N;Y;U,,,Qualifier,SCORRES,is the result of the test in,IS_RESULT_OF,SCTESTCD,text,200.0,,,Y,N,Collected,Investigator,,Y
2026-07-14,C135502,3-2,,SC,SC.SCTESTCD,LVSBJIND,Living with Subject Indicator,SCDTC,C82515,N,,,,,,,Timing,SCDTC,is the date of occurrence for,IS_TIMING_FOR,SCTESTCD,datetime,,,,N,N,Collected,Sponsor,,
2026-07-14,C135502,3-2,,SC,SC.SCTESTCD,LVSBJIND,Living with Subject Indicator,SCSTRESC,C70856,N,C66742,NY,,N;Y;U,,,Qualifier,SCSTRESC,is the result of the test in,IS_RESULT_OF,SCTESTCD,text,200.0,,,Y,N,Derived,Sponsor,,Y
2026-07-14,C25188,3-2,,SC,SC.SCTESTCD,MARISTAT,Marital Status,SCTESTCD,,N,C74559,SCTESTCD,,,C25188,MARISTAT,Topic,SCTESTCD,is the code for the value in,IS_DECODED_BY,SCTEST,,,,,Y,Y,Assigned,Sponsor,EQ,
2026-07-14,C25188,3-2,,SC,SC.SCTESTCD,MARISTAT,Marital Status,SCTEST,,N,C103330,SCTEST,,,C25188,Marital Status,Qualifier,SCTEST,decodes the value in,DECODES,SCTESTCD,,,,,Y,Y,Assigned,Sponsor,,
2026-07-14,C25188,3-2,,SC,SC.SCTESTCD,MARISTAT,Marital Status,SCCAT,C25372,N,,,,,,,Qualifier,SCCAT,groups values in,GROUPS,SCTESTCD,,,,,N,N,Assigned,Sponsor,,
2026-07-14,C25188,3-2,,SC,SC.SCTESTCD,MARISTAT,Marital Status,SCORRES,C70856,N,C76348,MARISTAT,,ANNULLED;DIVORCED;DOMESTIC PARTNER;INTERLOCUTORY;LEGALLY SEPARATED;MARRIED;NEVER MARRIED;POLYGAMOUS;SEPARATED;WIDOWED,,,Qualifier,SCORRES,is the result of the test in,IS_RESULT_OF,SCTESTCD,text,200.0,,,Y,N,Collected,Investigator,,Y
2026-07-14,C25188,3-2,,SC,SC.SCTESTCD,MARISTAT,Marital Status,SCDTC,C82515,N,,,,,,,Timing,SCDTC,is the date of occurrence for,IS_TIMING_FOR,SCTESTCD,datetime,,,,N,N,Collected,Sponsor,,
2026-07-14,C25188,3-2,,SC,SC.SCTESTCD,MARISTAT,Marital Status,SCSTRESC,C70856,N,C76348,MARISTAT,,ANNULLED;DIVORCED;DOMESTIC PARTNER;INTERLOCUTORY;LEGALLY SEPARATED;MARRIED;NEVER MARRIED;POLYGAMOUS;SEPARATED;WIDOWED,,,Qualifier,SCSTRESC,is the result of the test in,IS_RESULT_OF,SCTESTCD,text,200.0,,,Y,N,Derived,Sponsor,,Y
2026-07-14,C209688,3-2,,SC,SC.SCTESTCD,MDCDIND,Medicaid Indicator,SCTESTCD,,N,C74559,SCTESTCD,,,C209688,MDCDIND,Topic,SCTESTCD,is the code for the value in,IS_DECODED_BY,SCTEST,,,,,Y,Y,Assigned,Sponsor,EQ,
2026-07-14,C209688,3-2,,SC,SC.SCTESTCD,MDCDIND,Medicaid Indicator,SCTEST,,N,C103330,SCTEST,,,C209688,Medicaid Indicator,Qualifier,SCTEST,decodes the value in,DECODES,SCTESTCD,,,,,Y,Y,Assigned,Sponsor,,
2026-07-14,C209688,3-2,,SC,SC.SCTESTCD,MDCDIND,Medicaid Indicator,SCCAT,C25372,N,,,,,,,Qualifier,SCCAT,groups values in,GROUPS,SCTESTCD,,,,,N,N,Assigned,Sponsor,,
2026-07-14,C209688,3-2,,SC,SC.SCTESTCD,MDCDIND,Medicaid Indicator,SCORRES,C70856,N,C66742,NY,,N;Y;U,,,Qualifier,SCORRES,is the result of the test in,IS_RESULT_OF,SCTESTCD,text,200.0,,,Y,N,Collected,Investigator,,Y
2026-07-14,C209688,3-2,,SC,SC.SCTESTCD,MDCDIND,Medicaid Indicator,SCDTC,C82515,N,,,,,,,Timing,SCDTC,is the date of occurrence for,IS_TIMING_FOR,SCTESTCD,datetime,,,,N,N,Collected,Sponsor,,
2026-07-14,C209688,3-2,,SC,SC.SCTESTCD,MDCDIND,Medicaid Indicator,SCSTRESC,C70856,N,C66742,NY,,N;Y;U,,,Qualifier,SCSTRESC,is the result of the test in,IS_RESULT_OF,SCTESTCD,text,200.0,,,Y,N,Derived,Sponsor,,Y
2026-07-14,C209689,3-2,,SC,SC.SCTESTCD,MDCRIND,Medicare Indicator,SCTESTCD,,N,C74559,SCTESTCD,,,C209689,MDCRIND,Topic,SCTESTCD,is the code for the value in,IS_DECODED_BY,SCTEST,,,,,Y,Y,Assigned,Sponsor,EQ,
2026-07-14,C209689,3-2,,SC,SC.SCTESTCD,MDCRIND,Medicare Indicator,SCTEST,,N,C103330,SCTEST,,,C209689,Medicare Indicator,Qualifier,SCTEST,decodes the value in,DECODES,SCTESTCD,,,,,Y,Y,Assigned,Sponsor,,
2026-07-14,C209689,3-2,,SC,SC.SCTESTCD,MDCRIND,Medicare Indicator,SCCAT,C25372,N,,,,,,,Qualifier,SCCAT,groups values in,GROUPS,SCTESTCD,,,,,N,N,Assigned,Sponsor,,
2026-07-14,C209689,3-2,,SC,SC.SCTESTCD,MDCRIND,Medicare Indicator,SCORRES,C70856,N,C66742,NY,,N;Y;U,,,Qualifier,SCORRES,is the result of the test in,IS_RESULT_OF,SCTESTCD,text,200.0,,,Y,N,Collected,Investigator,,Y
2026-07-14,C209689,3-2,,SC,SC.SCTESTCD,MDCRIND,Medicare Indicator,SCDTC,C82515,N,,,,,,,Timing,SCDTC,is the date of occurrence for,IS_TIMING_FOR,SCTESTCD,datetime,,,,N,N,Collected,Sponsor,,
2026-07-14,C209689,3-2,,SC,SC.SCTESTCD,MDCRIND,Medicare Indicator,SCSTRESC,C70856,N,C66742,NY,,N;Y;U,,,Qualifier,SCSTRESC,is the result of the test in,IS_RESULT_OF,SCTESTCD,text,200.0,,,Y,N,Derived,Sponsor,,Y
2026-07-14,C171085,3-2,,SC,SC.SCTESTCD,MILTSTAT,Military Status,SCTESTCD,,N,C74559,SCTESTCD,,,C171085,MILTSTAT,Topic,SCTESTCD,is the code for the value in,IS_DECODED_BY,SCTEST,,,,,Y,Y,Assigned,Sponsor,EQ,
2026-07-14,C171085,3-2,,SC,SC.SCTESTCD,MILTSTAT,Military Status,SCTEST,,N,C103330,SCTEST,,,C171085,Military Status,Qualifier,SCTEST,decodes the value in,DECODES,SCTESTCD,,,,,Y,Y,Assigned,Sponsor,,
2026-07-14,C171085,3-2,,SC,SC.SCTESTCD,MILTSTAT,Military Status,SCCAT,C25372,N,,,,,,,Qualifier,SCCAT,groups values in,GROUPS,SCTESTCD,,,,,N,N,Assigned,Sponsor,,
2026-07-14,C171085,3-2,,SC,SC.SCTESTCD,MILTSTAT,Military Status,SCORRES,C70856,N,,,,,,,Qualifier,SCORRES,is the result of the test in,IS_RESULT_OF,SCTESTCD,text,200.0,,,Y,N,Collected,Investigator,,Y
2026-07-14,C171085,3-2,,SC,SC.SCTESTCD,MILTSTAT,Military Status,SCDTC,C82515,N,,,,,,,Timing,SCDTC,is the date of occurrence for,IS_TIMING_FOR,SCTESTCD,datetime,,,,N,N,Collected,Sponsor,,
2026-07-14,C171085,3-2,,SC,SC.SCTESTCD,MILTSTAT,Military Status,SCSTRESC,C70856,N,,,,,,,Qualifier,SCSTRESC,is the result of the test in,IS_RESULT_OF,SCTESTCD,text,200.0,,,Y,N,Derived,Sponsor,,Y
2026-07-14,C28407,3-2,,SC,SC.SCTESTCD,NATORIG,National Origin,SCTESTCD,,N,C74559,SCTESTCD,,,C28407,NATORIG,Topic,SCTESTCD,is the code for the value in,IS_DECODED_BY,SCTEST,,,,,Y,Y,Assigned,Sponsor,EQ,
2026-07-14,C28407,3-2,,SC,SC.SCTESTCD,NATORIG,National Origin,SCTEST,,N,C103330,SCTEST,,,C28407,National Origin,Qualifier,SCTEST,decodes the value in,DECODES,SCTESTCD,,,,,Y,Y,Assigned,Sponsor,,
2026-07-14,C28407,3-2,,SC,SC.SCTESTCD,NATORIG,National Origin,SCCAT,C25372,N,,,,,,,Qualifier,SCCAT,groups values in,GROUPS,SCTESTCD,,,,,N,N,Assigned,Sponsor,,
2026-07-14,C28407,3-2,,SC,SC.SCTESTCD,NATORIG,National Origin,SCORRES,C70856,N,,,,,,,Qualifier,SCORRES,is the result of the test in,IS_RESULT_OF,SCTESTCD,text,200.0,,,Y,N,Collected,Investigator,,Y
2026-07-14,C28407,3-2,,SC,SC.SCTESTCD,NATORIG,National Origin,SCDTC,C82515,N,,,,,,,Timing,SCDTC,is the date of occurrence for,IS_TIMING_FOR,SCTESTCD,datetime,,,,N,N,Collected,Sponsor,,
2026-07-14,C28407,3-2,,SC,SC.SCTESTCD,NATORIG,National Origin,SCSTRESC,C70856,N,,,,,,,Qualifier,SCSTRESC,is the result of the test in,IS_RESULT_OF,SCTESTCD,text,200.0,,,Y,N,Derived,Sponsor,,Y
2026-07-14,C209690,3-2,,SC,SC.SCTESTCD,OCUPINDS,Occupational Industry,SCTESTCD,,N,C74559,SCTESTCD,,,C209690,OCUPINDS,Topic,SCTESTCD,is the code for the value in,IS_DECODED_BY,SCTEST,,,,,Y,Y,Assigned,Sponsor,EQ,
2026-07-14,C209690,3-2,,SC,SC.SCTESTCD,OCUPINDS,Occupational Industry,SCTEST,,N,C103330,SCTEST,,,C209690,Occupational Industry,Qualifier,SCTEST,decodes the value in,DECODES,SCTESTCD,,,,,Y,Y,Assigned,Sponsor,,
2026-07-14,C209690,3-2,,SC,SC.SCTESTCD,OCUPINDS,Occupational Industry,SCCAT,C25372,N,,,,,,,Qualifier,SCCAT,groups values in,GROUPS,SCTESTCD,,,,,N,N,Assigned,Sponsor,,
2026-07-14,C209690,3-2,,SC,SC.SCTESTCD,OCUPINDS,Occupational Industry,SCORRES,C70856,N,,,,,,,Qualifier,SCORRES,is the result of the test in,IS_RESULT_OF,SCTESTCD,text,200.0,,,Y,N,Collected,Investigator,,Y
2026-07-14,C209690,3-2,,SC,SC.SCTESTCD,OCUPINDS,Occupational Industry,SCDTC,C82515,N,,,,,,,Timing,SCDTC,is the date of occurrence for,IS_TIMING_FOR,SCTESTCD,datetime,,,,N,N,Collected,Sponsor,,
2026-07-14,C209690,3-2,,SC,SC.SCTESTCD,OCUPINDS,Occupational Industry,SCSTRESC,C70856,N,,,,,,,Qualifier,SCSTRESC,is the result of the test in,IS_RESULT_OF,SCTESTCD,text,200.0,,,Y,N,Derived,Sponsor,,Y
2026-07-14,C179818,3-2,,SC,SC.SCTESTCD,PHYACLFS,Physical Activity Lifestyle,SCTESTCD,,N,C74559,SCTESTCD,,,C179818,PHYACLFS,Topic,SCTESTCD,is the code for the value in,IS_DECODED_BY,SCTEST,,,,,Y,Y,Assigned,Sponsor,EQ,
2026-07-14,C179818,3-2,,SC,SC.SCTESTCD,PHYACLFS,Physical Activity Lifestyle,SCTEST,,N,C103330,SCTEST,,,C179818,Physical Activity Lifestyle,Qualifier,SCTEST,decodes the value in,DECODES,SCTESTCD,,,,,Y,Y,Assigned,Sponsor,,
2026-07-14,C179818,3-2,,SC,SC.SCTESTCD,PHYACLFS,Physical Activity Lifestyle,SCCAT,C25372,N,,,,,,,Qualifier,SCCAT,groups values in,GROUPS,SCTESTCD,,,,,N,N,Assigned,Sponsor,,
2026-07-14,C179818,3-2,,SC,SC.SCTESTCD,PHYACLFS,Physical Activity Lifestyle,SCORRES,C70856,N,,,,,,,Qualifier,SCORRES,is the result of the test in,IS_RESULT_OF,SCTESTCD,text,200.0,,,Y,N,Collected,Investigator,,Y
2026-07-14,C179818,3-2,,SC,SC.SCTESTCD,PHYACLFS,Physical Activity Lifestyle,SCDTC,C82515,N,,,,,,,Timing,SCDTC,is the date of occurrence for,IS_TIMING_FOR,SCTESTCD,datetime,,,,N,N,Collected,Sponsor,,
2026-07-14,C179818,3-2,,SC,SC.SCTESTCD,PHYACLFS,Physical Activity Lifestyle,SCSTRESC,C70856,N,,,,,,,Qualifier,SCSTRESC,is the result of the test in,IS_RESULT_OF,SCTESTCD,text,200.0,,,Y,N,Derived,Sponsor,,Y
2026-07-14,C198363,3-2,,SC,SC.SCTESTCD,PPLHSHN,Number of People in Household,SCTESTCD,,N,C74559,SCTESTCD,,,C198363,PPLHSHN,Topic,SCTESTCD,is the code for the value in,IS_DECODED_BY,SCTEST,,,,,Y,Y,Assigned,Sponsor,EQ,
2026-07-14,C198363,3-2,,SC,SC.SCTESTCD,PPLHSHN,Number of People in Household,SCTEST,,N,C103330,SCTEST,,,C198363,Number of People in Household,Qualifier,SCTEST,decodes the value in,DECODES,SCTESTCD,,,,,Y,Y,Assigned,Sponsor,,
2026-07-14,C198363,3-2,,SC,SC.SCTESTCD,PPLHSHN,Number of People in Household,SCCAT,C25372,N,,,,,,,Qualifier,SCCAT,groups values in,GROUPS,SCTESTCD,,,,,N,N,Assigned,Sponsor,,
2026-07-14,C198363,3-2,,SC,SC.SCTESTCD,PPLHSHN,Number of People in Household,SCORRES,C70856,N,,,,,,,Qualifier,SCORRES,is the result of the test in,IS_RESULT_OF,SCTESTCD,integer,2.0,,,Y,N,Collected,Investigator,,Y
2026-07-14,C198363,3-2,,SC,SC.SCTESTCD,PPLHSHN,Number of People in Household,SCDTC,C82515,N,,,,,,,Timing,SCDTC,is the date of occurrence for,IS_TIMING_FOR,SCTESTCD,datetime,,,,N,N,Collected,Sponsor,,
2026-07-14,C198363,3-2,,SC,SC.SCTESTCD,PPLHSHN,Number of People in Household,SCSTRESC,C70856,N,,,,,,,Qualifier,SCSTRESC,is the result of the test in,IS_RESULT_OF,SCTESTCD,integer,2.0,,,Y,N,Derived,Sponsor,,Y
2026-07-14,C198363,3-2,,SC,SC.SCTESTCD,PPLHSHN,Number of People in Household,SCSTRESN,C70856,N,,,,,,,Qualifier,SCSTRESN,is the result of the test in,IS_RESULT_OF,SCTESTCD,integer,2.0,,,Y,N,Derived,Sponsor,,Y
2026-07-14,C112400,3-2,,SC,SC.SCTESTCD,PREMBRTH,Premature Birth Indicator,SCTESTCD,,N,C74559,SCTESTCD,,,C112400,PREMBRTH,Topic,SCTESTCD,is the code for the value in,IS_DECODED_BY,SCTEST,,,,,Y,Y,Assigned,Sponsor,EQ,
2026-07-14,C112400,3-2,,SC,SC.SCTESTCD,PREMBRTH,Premature Birth Indicator,SCTEST,,N,C103330,SCTEST,,,C112400,Premature Birth Indicator,Qualifier,SCTEST,decodes the value in,DECODES,SCTESTCD,,,,,Y,Y,Assigned,Sponsor,,
2026-07-14,C112400,3-2,,SC,SC.SCTESTCD,PREMBRTH,Premature Birth Indicator,SCCAT,C25372,N,,,,,,,Qualifier,SCCAT,groups values in,GROUPS,SCTESTCD,,,,,N,N,Assigned,Sponsor,,
2026-07-14,C112400,3-2,,SC,SC.SCTESTCD,PREMBRTH,Premature Birth Indicator,SCORRES,C70856,N,,,,,,,Qualifier,SCORRES,is the result of the test in,IS_RESULT_OF,SCTESTCD,text,200.0,,,Y,N,Collected,Investigator,,Y
2026-07-14,C112400,3-2,,SC,SC.SCTESTCD,PREMBRTH,Premature Birth Indicator,SCDTC,C82515,N,,,,,,,Timing,SCDTC,is the date of occurrence for,IS_TIMING_FOR,SCTESTCD,datetime,,,,N,N,Collected,Sponsor,,
2026-07-14,C112400,3-2,,SC,SC.SCTESTCD,PREMBRTH,Premature Birth Indicator,SCSTRESC,C70856,N,,,,,,,Qualifier,SCSTRESC,is the result of the test in,IS_RESULT_OF,SCTESTCD,text,200.0,,,Y,N,Derived,Sponsor,,Y
2026-07-14,C102699,3-2,,SC,SC.SCTESTCD,PRICON,Priority of Disease Contact,SCTESTCD,,N,C74559,SCTESTCD,,,C102699,PRICON,Topic,SCTESTCD,is the code for the value in,IS_DECODED_BY,SCTEST,,,,,Y,Y,Assigned,Sponsor,EQ,
2026-07-14,C102699,3-2,,SC,SC.SCTESTCD,PRICON,Priority of Disease Contact,SCTEST,,N,C103330,SCTEST,,,C102699,Priority of Disease Contact,Qualifier,SCTEST,decodes the value in,DECODES,SCTESTCD,,,,,Y,Y,Assigned,Sponsor,,
2026-07-14,C102699,3-2,,SC,SC.SCTESTCD,PRICON,Priority of Disease Contact,SCCAT,C25372,N,,,,,,,Qualifier,SCCAT,groups values in,GROUPS,SCTESTCD,,,,,N,N,Assigned,Sponsor,,
2026-07-14,C102699,3-2,,SC,SC.SCTESTCD,PRICON,Priority of Disease Contact,SCORRES,C70856,N,,,,,,,Qualifier,SCORRES,is the result of the test in,IS_RESULT_OF,SCTESTCD,text,200.0,,,Y,N,Collected,Investigator,,Y
2026-07-14,C102699,3-2,,SC,SC.SCTESTCD,PRICON,Priority of Disease Contact,SCDTC,C82515,N,,,,,,,Timing,SCDTC,is the date of occurrence for,IS_TIMING_FOR,SCTESTCD,datetime,,,,N,N,Collected,Sponsor,,
2026-07-14,C102699,3-2,,SC,SC.SCTESTCD,PRICON,Priority of Disease Contact,SCSTRESC,C70856,N,,,,,,,Qualifier,SCSTRESC,is the result of the test in,IS_RESULT_OF,SCTESTCD,text,200.0,,,Y,N,Derived,Sponsor,,Y
2026-07-14,C102666,3-2,,SC,SC.SCTESTCD,RISKPOP,Member of High Risk Population,SCTESTCD,,N,C74559,SCTESTCD,,,C102666,RISKPOP,Topic,SCTESTCD,is the code for the value in,IS_DECODED_BY,SCTEST,,,,,Y,Y,Assigned,Sponsor,EQ,
2026-07-14,C102666,3-2,,SC,SC.SCTESTCD,RISKPOP,Member of High Risk Population,SCTEST,,N,C103330,SCTEST,,,C102666,Member of High Risk Population,Qualifier,SCTEST,decodes the value in,DECODES,SCTESTCD,,,,,Y,Y,Assigned,Sponsor,,
2026-07-14,C102666,3-2,,SC,SC.SCTESTCD,RISKPOP,Member of High Risk Population,SCCAT,C25372,N,,,,,,,Qualifier,SCCAT,groups values in,GROUPS,SCTESTCD,,,,,N,N,Assigned,Sponsor,,
2026-07-14,C102666,3-2,,SC,SC.SCTESTCD,RISKPOP,Member of High Risk Population,SCORRES,C70856,N,,,,,,,Qualifier,SCORRES,is the result of the test in,IS_RESULT_OF,SCTESTCD,text,200.0,,,Y,N,Collected,Investigator,,Y
2026-07-14,C102666,3-2,,SC,SC.SCTESTCD,RISKPOP,Member of High Risk Population,SCDTC,C82515,N,,,,,,,Timing,SCDTC,is the date of occurrence for,IS_TIMING_FOR,SCTESTCD,datetime,,,,N,N,Collected,Sponsor,,
2026-07-14,C102666,3-2,,SC,SC.SCTESTCD,RISKPOP,Member of High Risk Population,SCSTRESC,C70856,N,,,,,,,Qualifier,SCSTRESC,is the result of the test in,IS_RESULT_OF,SCTESTCD,text,200.0,,,Y,N,Derived,Sponsor,,Y
2026-07-14,C102711,3-2,,SC,SC.SCTESTCD,RISKSOC,Social Risk Factor,SCTESTCD,,N,C74559,SCTESTCD,,,C102711,RISKSOC,Topic,SCTESTCD,is the code for the value in,IS_DECODED_BY,SCTEST,,,,,Y,Y,Assigned,Sponsor,EQ,
2026-07-14,C102711,3-2,,SC,SC.SCTESTCD,RISKSOC,Social Risk Factor,SCTEST,,N,C103330,SCTEST,,,C102711,Social Risk Factor,Qualifier,SCTEST,decodes the value in,DECODES,SCTESTCD,,,,,Y,Y,Assigned,Sponsor,,
2026-07-14,C102711,3-2,,SC,SC.SCTESTCD,RISKSOC,Social Risk Factor,SCCAT,C25372,N,,,,,,,Qualifier,SCCAT,groups values in,GROUPS,SCTESTCD,,,,,N,N,Assigned,Sponsor,,
2026-07-14,C102711,3-2,,SC,SC.SCTESTCD,RISKSOC,Social Risk Factor,SCORRES,C70856,N,,,,CONTACT WITH TUBERCULOSIS SOURCE;CURRENT OR RECENT EMPLOYEE OR VOLUNTEER IN HOMELESS SHELTER;CURRENT OR RECENT EMPLOYEE OR VOLUNTEER IN JAIL OR PRISON;CURRENT OR RECENT EMPLOYEE OR VOLUNTEER IN NURSING HOME;HOMELESS DURING PAST YEAR;IMMIGRANT FROM HIGH TUBERCULOSIS PREVALENT AREA;INCARCERATION;LIVED IN REFUGEE CAMP;LONG-TERM FACILITY RESIDENT;MIGRATORY WORKER;REFUGEE FROM HIGH TUBERCULOSIS PREVALENT AREA;TRAVEL TO HIGH BURDEN COUNTRY;UNEMPLOYMENT;CURRENTLY OR PREVIOUSLY TATTOOED,,,Qualifier,SCORRES,is the result of the test in,IS_RESULT_OF,SCTESTCD,text,200.0,,,Y,N,Collected,Investigator,,Y
2026-07-14,C102711,3-2,,SC,SC.SCTESTCD,RISKSOC,Social Risk Factor,SCDTC,C82515,N,,,,,,,Timing,SCDTC,is the date of occurrence for,IS_TIMING_FOR,SCTESTCD,datetime,,,,N,N,Collected,Sponsor,,
2026-07-14,C102711,3-2,,SC,SC.SCTESTCD,RISKSOC,Social Risk Factor,SCSTRESC,C70856,N,,,,CONTACT WITH TUBERCULOSIS SOURCE;CURRENT OR RECENT EMPLOYEE OR VOLUNTEER IN HOMELESS SHELTER;CURRENT OR RECENT EMPLOYEE OR VOLUNTEER IN JAIL OR PRISON;CURRENT OR RECENT EMPLOYEE OR VOLUNTEER IN NURSING HOME;HOMELESS DURING PAST YEAR;IMMIGRANT FROM HIGH TUBERCULOSIS PREVALENT AREA;INCARCERATION;LIVED IN REFUGEE CAMP;LONG-TERM FACILITY RESIDENT;MIGRATORY WORKER;REFUGEE FROM HIGH TUBERCULOSIS PREVALENT AREA;TRAVEL TO HIGH BURDEN COUNTRY;UNEMPLOYMENT;CURRENTLY OR PREVIOUSLY TATTOOED,,,Qualifier,SCSTRESC,is the result of the test in,IS_RESULT_OF,SCTESTCD,text,200.0,,,Y,N,Derived,Sponsor,,Y
2026-07-14,C74566,3-2,,SC,SC.SCTESTCD,SALTYP,Employee Salary Type,SCTESTCD,,N,C74559,SCTESTCD,,,C74566,SALTYP,Topic,SCTESTCD,is the code for the value in,IS_DECODED_BY,SCTEST,,,,,Y,Y,Assigned,Sponsor,EQ,
2026-07-14,C74566,3-2,,SC,SC.SCTESTCD,SALTYP,Employee Salary Type,SCTEST,,N,C103330,SCTEST,,,C74566,Employee Salary Type,Qualifier,SCTEST,decodes the value in,DECODES,SCTESTCD,,,,,Y,Y,Assigned,Sponsor,,
2026-07-14,C74566,3-2,,SC,SC.SCTESTCD,SALTYP,Employee Salary Type,SCCAT,C25372,N,,,,,,,Qualifier,SCCAT,groups values in,GROUPS,SCTESTCD,,,,,N,N,Assigned,Sponsor,,
2026-07-14,C74566,3-2,,SC,SC.SCTESTCD,SALTYP,Employee Salary Type,SCORRES,C70856,N,,,,,,,Qualifier,SCORRES,is the result of the test in,IS_RESULT_OF,SCTESTCD,text,200.0,,,Y,N,Collected,Investigator,,Y
2026-07-14,C74566,3-2,,SC,SC.SCTESTCD,SALTYP,Employee Salary Type,SCDTC,C82515,N,,,,,,,Timing,SCDTC,is the date of occurrence for,IS_TIMING_FOR,SCTESTCD,datetime,,,,N,N,Collected,Sponsor,,
2026-07-14,C74566,3-2,,SC,SC.SCTESTCD,SALTYP,Employee Salary Type,SCSTRESC,C70856,N,,,,,,,Qualifier,SCSTRESC,is the result of the test in,IS_RESULT_OF,SCTESTCD,text,200.0,,,Y,N,Derived,Sponsor,,Y
2026-07-14,C102708,3-2,,SC,SC.SCTESTCD,SETCON,Setting of Contact,SCTESTCD,,N,C74559,SCTESTCD,,,C102708,SETCON,Topic,SCTESTCD,is the code for the value in,IS_DECODED_BY,SCTEST,,,,,Y,Y,Assigned,Sponsor,EQ,
2026-07-14,C102708,3-2,,SC,SC.SCTESTCD,SETCON,Setting of Contact,SCTEST,,N,C103330,SCTEST,,,C102708,Setting of Contact,Qualifier,SCTEST,decodes the value in,DECODES,SCTESTCD,,,,,Y,Y,Assigned,Sponsor,,
2026-07-14,C102708,3-2,,SC,SC.SCTESTCD,SETCON,Setting of Contact,SCCAT,C25372,N,,,,,,,Qualifier,SCCAT,groups values in,GROUPS,SCTESTCD,,,,,N,N,Assigned,Sponsor,,
2026-07-14,C102708,3-2,,SC,SC.SCTESTCD,SETCON,Setting of Contact,SCORRES,C70856,N,,,,,,,Qualifier,SCORRES,is the result of the test in,IS_RESULT_OF,SCTESTCD,text,200.0,,,Y,N,Collected,Investigator,,Y
2026-07-14,C102708,3-2,,SC,SC.SCTESTCD,SETCON,Setting of Contact,SCDTC,C82515,N,,,,,,,Timing,SCDTC,is the date of occurrence for,IS_TIMING_FOR,SCTESTCD,datetime,,,,N,N,Collected,Sponsor,,
2026-07-14,C102708,3-2,,SC,SC.SCTESTCD,SETCON,Setting of Contact,SCSTRESC,C70856,N,,,,,,,Qualifier,SCSTRESC,is the result of the test in,IS_RESULT_OF,SCTESTCD,text,200.0,,,Y,N,Derived,Sponsor,,Y
2026-07-14,C205472,3-2,,SC,SC.SCTESTCD,SEXABRTH,Sex Assigned at Birth,SCTESTCD,,N,C74559,SCTESTCD,,,C205472,SEXABRTH,Topic,SCTESTCD,is the code for the value in,IS_DECODED_BY,SCTEST,,,,,Y,Y,Assigned,Sponsor,EQ,
2026-07-14,C205472,3-2,,SC,SC.SCTESTCD,SEXABRTH,Sex Assigned at Birth,SCTEST,,N,C103330,SCTEST,,,C205472,Sex Assigned at Birth,Qualifier,SCTEST,decodes the value in,DECODES,SCTESTCD,,,,,Y,Y,Assigned,Sponsor,,
2026-07-14,C205472,3-2,,SC,SC.SCTESTCD,SEXABRTH,Sex Assigned at Birth,SCCAT,C25372,N,,,,,,,Qualifier,SCCAT,groups values in,GROUPS,SCTESTCD,,,,,N,N,Assigned,Sponsor,,
2026-07-14,C205472,3-2,,SC,SC.SCTESTCD,SEXABRTH,Sex Assigned at Birth,SCORRES,C70856,N,,,,FEMALE;MALE;INTERSEX;NOT REPORTED,,,Qualifier,SCORRES,is the result of the test in,IS_RESULT_OF,SCTESTCD,text,200.0,,,Y,N,Collected,Investigator,,Y
2026-07-14,C205472,3-2,,SC,SC.SCTESTCD,SEXABRTH,Sex Assigned at Birth,SCDTC,C82515,N,,,,,,,Timing,SCDTC,is the date of occurrence for,IS_TIMING_FOR,SCTESTCD,datetime,,,,N,N,Collected,Sponsor,,
2026-07-14,C205472,3-2,,SC,SC.SCTESTCD,SEXABRTH,Sex Assigned at Birth,SCSTRESC,C70856,N,,,,FEMALE;MALE;INTERSEX;NOT REPORTED,,,Qualifier,SCSTRESC,is the result of the test in,IS_RESULT_OF,SCTESTCD,text,200.0,,,Y,N,Derived,Sponsor,,Y
2026-07-14,C84361,3-2,,SC,SC.SCTESTCD,SEXORIE,Sexual Orientation,SCTESTCD,,N,C74559,SCTESTCD,,,C84361,SEXORIE,Topic,SCTESTCD,is the code for the value in,IS_DECODED_BY,SCTEST,,,,,Y,Y,Assigned,Sponsor,EQ,
2026-07-14,C84361,3-2,,SC,SC.SCTESTCD,SEXORIE,Sexual Orientation,SCTEST,,N,C103330,SCTEST,,,C84361,Sexual Orientation,Qualifier,SCTEST,decodes the value in,DECODES,SCTESTCD,,,,,Y,Y,Assigned,Sponsor,,
2026-07-14,C84361,3-2,,SC,SC.SCTESTCD,SEXORIE,Sexual Orientation,SCCAT,C25372,N,,,,,,,Qualifier,SCCAT,groups values in,GROUPS,SCTESTCD,,,,,N,N,Assigned,Sponsor,,
2026-07-14,C84361,3-2,,SC,SC.SCTESTCD,SEXORIE,Sexual Orientation,SCORRES,C70856,N,,,,LESBIAN;GAY;STRAIGHT OR HETEROSEXUAL;BISEXUAL;QUEER;PANSEXUAL;ASEXUAL;AROMANTIC;UNKNOWN;NOT REPORTED,,,Qualifier,SCORRES,is the result of the test in,IS_RESULT_OF,SCTESTCD,text,200.0,,,Y,N,Collected,Investigator,,Y
2026-07-14,C84361,3-2,,SC,SC.SCTESTCD,SEXORIE,Sexual Orientation,SCDTC,C82515,N,,,,,,,Timing,SCDTC,is the date of occurrence for,IS_TIMING_FOR,SCTESTCD,datetime,,,,N,N,Collected,Sponsor,,
2026-07-14,C84361,3-2,,SC,SC.SCTESTCD,SEXORIE,Sexual Orientation,SCSTRESC,C70856,N,,,,LESBIAN;GAY;STRAIGHT OR HETEROSEXUAL;BISEXUAL;QUEER;PANSEXUAL;ASEXUAL;AROMANTIC;UNKNOWN;NOT REPORTED,,,Qualifier,SCSTRESC,is the result of the test in,IS_RESULT_OF,SCTESTCD,text,200.0,,,Y,N,Derived,Sponsor,,Y
2026-07-14,C74563,3-2,,SC,SC.SCTESTCD,SKINCLAS,Skin Classification,SCTESTCD,,N,C74559,SCTESTCD,,,C74563,SKINCLAS,Topic,SCTESTCD,is the code for the value in,IS_DECODED_BY,SCTEST,,,,,Y,Y,Assigned,Sponsor,EQ,
2026-07-14,C74563,3-2,,SC,SC.SCTESTCD,SKINCLAS,Skin Classification,SCTEST,,N,C103330,SCTEST,,,C74563,Skin Classification,Qualifier,SCTEST,decodes the value in,DECODES,SCTESTCD,,,,,Y,Y,Assigned,Sponsor,,
2026-07-14,C74563,3-2,,SC,SC.SCTESTCD,SKINCLAS,Skin Classification,SCCAT,C25372,N,,,,,,,Qualifier,SCCAT,groups values in,GROUPS,SCTESTCD,,,,,N,N,Assigned,Sponsor,,
2026-07-14,C74563,3-2,,SC,SC.SCTESTCD,SKINCLAS,Skin Classification,SCORRES,C70856,N,C76351,SKINCLAS,,TYPEI;TYPEII;TYPEIII;TYPEIV;TYPEV;TYPEVI,,,Qualifier,SCORRES,is the result of the test in,IS_RESULT_OF,SCTESTCD,text,200.0,,,Y,N,Collected,Investigator,,Y
2026-07-14,C74563,3-2,,SC,SC.SCTESTCD,SKINCLAS,Skin Classification,SCDTC,C82515,N,,,,,,,Timing,SCDTC,is the date of occurrence for,IS_TIMING_FOR,SCTESTCD,datetime,,,,N,N,Collected,Sponsor,,
2026-07-14,C74563,3-2,,SC,SC.SCTESTCD,SKINCLAS,Skin Classification,SCSTRESC,C70856,N,C76351,SKINCLAS,,TYPEI;TYPEII;TYPEIII;TYPEIV;TYPEV;TYPEVI,,,Qualifier,SCSTRESC,is the result of the test in,IS_RESULT_OF,SCTESTCD,text,200.0,,,Y,N,Derived,Sponsor,,Y
2026-07-14,C156662,3-2,,SC,SC.SCTESTCD,SMGAIND,Small for Gestational Age Indicator,SCTESTCD,,N,C74559,SCTESTCD,,,C156662,SMGAIND,Topic,SCTESTCD,is the code for the value in,IS_DECODED_BY,SCTEST,,,,,Y,Y,Assigned,Sponsor,EQ,
2026-07-14,C156662,3-2,,SC,SC.SCTESTCD,SMGAIND,Small for Gestational Age Indicator,SCTEST,,N,C103330,SCTEST,,,C156662,Small for Gestational Age Indicator,Qualifier,SCTEST,decodes the value in,DECODES,SCTESTCD,,,,,Y,Y,Assigned,Sponsor,,
2026-07-14,C156662,3-2,,SC,SC.SCTESTCD,SMGAIND,Small for Gestational Age Indicator,SCCAT,C25372,N,,,,,,,Qualifier,SCCAT,groups values in,GROUPS,SCTESTCD,,,,,N,N,Assigned,Sponsor,,
2026-07-14,C156662,3-2,,SC,SC.SCTESTCD,SMGAIND,Small for Gestational Age Indicator,SCORRES,C70856,N,C66742,NY,,N;Y;U,,,Qualifier,SCORRES,is the result of the test in,IS_RESULT_OF,SCTESTCD,text,200.0,,,Y,N,Collected,Investigator,,Y
2026-07-14,C156662,3-2,,SC,SC.SCTESTCD,SMGAIND,Small for Gestational Age Indicator,SCDTC,C82515,N,,,,,,,Timing,SCDTC,is the date of occurrence for,IS_TIMING_FOR,SCTESTCD,datetime,,,,N,N,Collected,Sponsor,,
2026-07-14,C156662,3-2,,SC,SC.SCTESTCD,SMGAIND,Small for Gestational Age Indicator,SCSTRESC,C70856,N,C66742,NY,,N;Y;U,,,Qualifier,SCSTRESC,is the result of the test in,IS_RESULT_OF,SCTESTCD,text,200.0,,,Y,N,Derived,Sponsor,,Y
2026-07-14,C198364,3-2,,SC,SC.SCTESTCD,SOCECCLS,Socioeconomic Classification,SCTESTCD,,N,C74559,SCTESTCD,,,C198364,SOCECCLS,Topic,SCTESTCD,is the code for the value in,IS_DECODED_BY,SCTEST,,,,,Y,Y,Assigned,Sponsor,EQ,
2026-07-14,C198364,3-2,,SC,SC.SCTESTCD,SOCECCLS,Socioeconomic Classification,SCTEST,,N,C103330,SCTEST,,,C198364,Socioeconomic Classification,Qualifier,SCTEST,decodes the value in,DECODES,SCTESTCD,,,,,Y,Y,Assigned,Sponsor,,
2026-07-14,C198364,3-2,,SC,SC.SCTESTCD,SOCECCLS,Socioeconomic Classification,SCCAT,C25372,N,,,,,,,Qualifier,SCCAT,groups values in,GROUPS,SCTESTCD,,,,,N,N,Assigned,Sponsor,,
2026-07-14,C198364,3-2,,SC,SC.SCTESTCD,SOCECCLS,Socioeconomic Classification,SCORRES,C70856,N,,,,,,,Qualifier,SCORRES,is the result of the test in,IS_RESULT_OF,SCTESTCD,text,200.0,,,Y,N,Collected,Investigator,,Y
2026-07-14,C198364,3-2,,SC,SC.SCTESTCD,SOCECCLS,Socioeconomic Classification,SCDTC,C82515,N,,,,,,,Timing,SCDTC,is the date of occurrence for,IS_TIMING_FOR,SCTESTCD,datetime,,,,N,N,Collected,Sponsor,,
2026-07-14,C198364,3-2,,SC,SC.SCTESTCD,SOCECCLS,Socioeconomic Classification,SCSTRESC,C70856,N,,,,,,,Qualifier,SCSTRESC,is the result of the test in,IS_RESULT_OF,SCTESTCD,text,200.0,,,Y,N,Derived,Sponsor,,Y
2026-07-14,C209447,3-2,,SC,SC.SCTESTCD,SSHIPNAM,State-Specific Health Ins Program Name,SCTESTCD,,N,C74559,SCTESTCD,,,C209447,SSHIPNAM,Topic,SCTESTCD,is the code for the value in,IS_DECODED_BY,SCTEST,,,,,Y,Y,Assigned,Sponsor,EQ,
2026-07-14,C209447,3-2,,SC,SC.SCTESTCD,SSHIPNAM,State-Specific Health Ins Program Name,SCTEST,,N,C103330,SCTEST,,,C209447,State-Specific Health Ins Program Name,Qualifier,SCTEST,decodes the value in,DECODES,SCTESTCD,,,,,Y,Y,Assigned,Sponsor,,
2026-07-14,C209447,3-2,,SC,SC.SCTESTCD,SSHIPNAM,State-Specific Health Ins Program Name,SCCAT,C25372,N,,,,,,,Qualifier,SCCAT,groups values in,GROUPS,SCTESTCD,,,,,N,N,Assigned,Sponsor,,
2026-07-14,C209447,3-2,,SC,SC.SCTESTCD,SSHIPNAM,State-Specific Health Ins Program Name,SCORRES,C70856,N,,,,,,,Qualifier,SCORRES,is the result of the test in,IS_RESULT_OF,SCTESTCD,text,200.0,,,Y,N,Collected,Investigator,,Y
2026-07-14,C209447,3-2,,SC,SC.SCTESTCD,SSHIPNAM,State-Specific Health Ins Program Name,SCDTC,C82515,N,,,,,,,Timing,SCDTC,is the date of occurrence for,IS_TIMING_FOR,SCTESTCD,datetime,,,,N,N,Collected,Sponsor,,
2026-07-14,C209447,3-2,,SC,SC.SCTESTCD,SSHIPNAM,State-Specific Health Ins Program Name,SCSTRESC,C70856,N,,,,,,,Qualifier,SCSTRESC,is the result of the test in,IS_RESULT_OF,SCTESTCD,text,200.0,,,Y,N,Derived,Sponsor,,Y
2026-07-14,C209691,3-2,,SC,SC.SCTESTCD,SSMCDNAM,State-Specific Medicaid Program Name,SCTESTCD,,N,C74559,SCTESTCD,,,C209691,SSMCDNAM,Topic,SCTESTCD,is the code for the value in,IS_DECODED_BY,SCTEST,,,,,Y,Y,Assigned,Sponsor,EQ,
2026-07-14,C209691,3-2,,SC,SC.SCTESTCD,SSMCDNAM,State-Specific Medicaid Program Name,SCTEST,,N,C103330,SCTEST,,,C209691,State-Specific Medicaid Program Name,Qualifier,SCTEST,decodes the value in,DECODES,SCTESTCD,,,,,Y,Y,Assigned,Sponsor,,
2026-07-14,C209691,3-2,,SC,SC.SCTESTCD,SSMCDNAM,State-Specific Medicaid Program Name,SCCAT,C25372,N,,,,,,,Qualifier,SCCAT,groups values in,GROUPS,SCTESTCD,,,,,N,N,Assigned,Sponsor,,
2026-07-14,C209691,3-2,,SC,SC.SCTESTCD,SSMCDNAM,State-Specific Medicaid Program Name,SCORRES,C70856,N,,,,,,,Qualifier,SCORRES,is the result of the test in,IS_RESULT_OF,SCTESTCD,text,200.0,,,Y,N,Collected,Investigator,,Y
2026-07-14,C209691,3-2,,SC,SC.SCTESTCD,SSMCDNAM,State-Specific Medicaid Program Name,SCDTC,C82515,N,,,,,,,Timing,SCDTC,is the date of occurrence for,IS_TIMING_FOR,SCTESTCD,datetime,,,,N,N,Collected,Sponsor,,
2026-07-14,C209691,3-2,,SC,SC.SCTESTCD,SSMCDNAM,State-Specific Medicaid Program Name,SCSTRESC,C70856,N,,,,,,,Qualifier,SCSTRESC,is the result of the test in,IS_RESULT_OF,SCTESTCD,text,200.0,,,Y,N,Derived,Sponsor,,Y
2026-07-14,C209692,3-2,,SC,SC.SCTESTCD,SSMCRNAM,State-Specific Medicare Program Name,SCTESTCD,,N,C74559,SCTESTCD,,,C209692,SSMCRNAM,Topic,SCTESTCD,is the code for the value in,IS_DECODED_BY,SCTEST,,,,,Y,Y,Assigned,Sponsor,EQ,
2026-07-14,C209692,3-2,,SC,SC.SCTESTCD,SSMCRNAM,State-Specific Medicare Program Name,SCTEST,,N,C103330,SCTEST,,,C209692,State-Specific Medicare Program Name,Qualifier,SCTEST,decodes the value in,DECODES,SCTESTCD,,,,,Y,Y,Assigned,Sponsor,,
2026-07-14,C209692,3-2,,SC,SC.SCTESTCD,SSMCRNAM,State-Specific Medicare Program Name,SCCAT,C25372,N,,,,,,,Qualifier,SCCAT,groups values in,GROUPS,SCTESTCD,,,,,N,N,Assigned,Sponsor,,
2026-07-14,C209692,3-2,,SC,SC.SCTESTCD,SSMCRNAM,State-Specific Medicare Program Name,SCORRES,C70856,N,,,,,,,Qualifier,SCORRES,is the result of the test in,IS_RESULT_OF,SCTESTCD,text,200.0,,,Y,N,Collected,Investigator,,Y
2026-07-14,C209692,3-2,,SC,SC.SCTESTCD,SSMCRNAM,State-Specific Medicare Program Name,SCDTC,C82515,N,,,,,,,Timing,SCDTC,is the date of occurrence for,IS_TIMING_FOR,SCTESTCD,datetime,,,,N,N,Collected,Sponsor,,
2026-07-14,C209692,3-2,,SC,SC.SCTESTCD,SSMCRNAM,State-Specific Medicare Program Name,SCSTRESC,C70856,N,,,,,,,Qualifier,SCSTRESC,is the result of the test in,IS_RESULT_OF,SCTESTCD,text,200.0,,,Y,N,Derived,Sponsor,,Y
2026-07-14,C147485,3-2,,SC,SC.SCTESTCD,STDNTIND,Student Indicator,SCTESTCD,,N,C74559,SCTESTCD,,,C147485,STDNTIND,Topic,SCTESTCD,is the code for the value in,IS_DECODED_BY,SCTEST,,,,,Y,Y,Assigned,Sponsor,EQ,
2026-07-14,C147485,3-2,,SC,SC.SCTESTCD,STDNTIND,Student Indicator,SCTEST,,N,C103330,SCTEST,,,C147485,Student Indicator,Qualifier,SCTEST,decodes the value in,DECODES,SCTESTCD,,,,,Y,Y,Assigned,Sponsor,,
2026-07-14,C147485,3-2,,SC,SC.SCTESTCD,STDNTIND,Student Indicator,SCCAT,C25372,N,,,,,,,Qualifier,SCCAT,groups values in,GROUPS,SCTESTCD,,,,,N,N,Assigned,Sponsor,,
2026-07-14,C147485,3-2,,SC,SC.SCTESTCD,STDNTIND,Student Indicator,SCORRES,C70856,N,C66742,NY,,N;Y;U,,,Qualifier,SCORRES,is the result of the test in,IS_RESULT_OF,SCTESTCD,text,200.0,,,Y,N,Collected,Investigator,,Y
2026-07-14,C147485,3-2,,SC,SC.SCTESTCD,STDNTIND,Student Indicator,SCDTC,C82515,N,,,,,,,Timing,SCDTC,is the date of occurrence for,IS_TIMING_FOR,SCTESTCD,datetime,,,,N,N,Collected,Sponsor,,
2026-07-14,C147485,3-2,,SC,SC.SCTESTCD,STDNTIND,Student Indicator,SCSTRESC,C70856,N,C66742,NY,,N;Y;U,,,Qualifier,SCSTRESC,is the result of the test in,IS_RESULT_OF,SCTESTCD,text,200.0,,,Y,N,Derived,Sponsor,,Y
2026-07-14,C209693,3-2,,SC,SC.SCTESTCD,SXCLUSE,Sex for Clinical Use,SCTESTCD,,N,C74559,SCTESTCD,,,C209693,SXCLUSE,Topic,SCTESTCD,is the code for the value in,IS_DECODED_BY,SCTEST,,,,,Y,Y,Assigned,Sponsor,EQ,
2026-07-14,C209693,3-2,,SC,SC.SCTESTCD,SXCLUSE,Sex for Clinical Use,SCTEST,,N,C103330,SCTEST,,,C209693,Sex for Clinical Use,Qualifier,SCTEST,decodes the value in,DECODES,SCTESTCD,,,,,Y,Y,Assigned,Sponsor,,
2026-07-14,C209693,3-2,,SC,SC.SCTESTCD,SXCLUSE,Sex for Clinical Use,SCCAT,C25372,N,,,,,,,Qualifier,SCCAT,groups values in,GROUPS,SCTESTCD,,,,,N,N,Assigned,Sponsor,,
2026-07-14,C209693,3-2,,SC,SC.SCTESTCD,SXCLUSE,Sex for Clinical Use,SCORRES,C70856,N,,,,F;INTERSEX;M;U,,,Qualifier,SCORRES,is the result of the test in,IS_RESULT_OF,SCTESTCD,text,200.0,,,Y,N,Collected,Investigator,,Y
2026-07-14,C209693,3-2,,SC,SC.SCTESTCD,SXCLUSE,Sex for Clinical Use,SCDTC,C82515,N,,,,,,,Timing,SCDTC,is the date of occurrence for,IS_TIMING_FOR,SCTESTCD,datetime,,,,N,N,Collected,Sponsor,,
2026-07-14,C209693,3-2,,SC,SC.SCTESTCD,SXCLUSE,Sex for Clinical Use,SCSTRESC,C70856,N,,,,F;INTERSEX;M;U,,,Qualifier,SCSTRESC,is the result of the test in,IS_RESULT_OF,SCTESTCD,text,200.0,,,Y,N,Derived,Sponsor,,Y
2026-07-14,C4876,3-2,,SC,SC.SCTESTCD,SYMPTOM,Symptom,SCTESTCD,,N,C74559,SCTESTCD,,,C4876,SYMPTOM,Topic,SCTESTCD,is the code for the value in,IS_DECODED_BY,SCTEST,,,,,Y,Y,Assigned,Sponsor,EQ,
2026-07-14,C4876,3-2,,SC,SC.SCTESTCD,SYMPTOM,Symptom,SCTEST,,N,C103330,SCTEST,,,C4876,Symptom,Qualifier,SCTEST,decodes the value in,DECODES,SCTESTCD,,,,,Y,Y,Assigned,Sponsor,,
2026-07-14,C4876,3-2,,SC,SC.SCTESTCD,SYMPTOM,Symptom,SCCAT,C25372,N,,,,,,,Qualifier,SCCAT,groups values in,GROUPS,SCTESTCD,,,,,N,N,Assigned,Sponsor,,
2026-07-14,C4876,3-2,,SC,SC.SCTESTCD,SYMPTOM,Symptom,SCORRES,C70856,N,,,,,,,Qualifier,SCORRES,is the result of the test in,IS_RESULT_OF,SCTESTCD,text,200.0,,,Y,N,Collected,Investigator,,Y
2026-07-14,C4876,3-2,,SC,SC.SCTESTCD,SYMPTOM,Symptom,SCDTC,C82515,N,,,,,,,Timing,SCDTC,is the date of occurrence for,IS_TIMING_FOR,SCTESTCD,datetime,,,,N,N,Collected,Sponsor,,
2026-07-14,C4876,3-2,,SC,SC.SCTESTCD,SYMPTOM,Symptom,SCSTRESC,C70856,N,,,,,,,Qualifier,SCSTRESC,is the result of the test in,IS_RESULT_OF,SCTESTCD,text,200.0,,,Y,N,Derived,Sponsor,,Y
2026-07-14,C205754,3-2,,SC,SC.SCTESTCD,TRIBAFIL,Tribal Affiliation,SCTESTCD,,N,C74559,SCTESTCD,,,C205754,TRIBAFIL,Topic,SCTESTCD,is the code for the value in,IS_DECODED_BY,SCTEST,,,,,Y,Y,Assigned,Sponsor,EQ,
2026-07-14,C205754,3-2,,SC,SC.SCTESTCD,TRIBAFIL,Tribal Affiliation,SCTEST,,N,C103330,SCTEST,,,C205754,Tribal Affiliation,Qualifier,SCTEST,decodes the value in,DECODES,SCTESTCD,,,,,Y,Y,Assigned,Sponsor,,
2026-07-14,C205754,3-2,,SC,SC.SCTESTCD,TRIBAFIL,Tribal Affiliation,SCCAT,C25372,N,,,,,,,Qualifier,SCCAT,groups values in,GROUPS,SCTESTCD,,,,,N,N,Assigned,Sponsor,,
2026-07-14,C205754,3-2,,SC,SC.SCTESTCD,TRIBAFIL,Tribal Affiliation,SCORRES,C70856,N,,,,,,,Qualifier,SCORRES,is the result of the test in,IS_RESULT_OF,SCTESTCD,text,200.0,,,Y,N,Collected,Investigator,,Y
2026-07-14,C205754,3-2,,SC,SC.SCTESTCD,TRIBAFIL,Tribal Affiliation,SCDTC,C82515,N,,,,,,,Timing,SCDTC,is the date of occurrence for,IS_TIMING_FOR,SCTESTCD,datetime,,,,N,N,Collected,Sponsor,,
2026-07-14,C205754,3-2,,SC,SC.SCTESTCD,TRIBAFIL,Tribal Affiliation,SCSTRESC,C70856,N,,,,,,,Qualifier,SCSTRESC,is the result of the test in,IS_RESULT_OF,SCTESTCD,text,200.0,,,Y,N,Derived,Sponsor,,Y
2026-07-14,C112424,3-2,,SC,SC.SCTESTCD,TWINTYP,Twin Type,SCTESTCD,,N,C74559,SCTESTCD,,,C112424,TWINTYP,Topic,SCTESTCD,is the code for the value in,IS_DECODED_BY,SCTEST,,,,,Y,Y,Assigned,Sponsor,EQ,
2026-07-14,C112424,3-2,,SC,SC.SCTESTCD,TWINTYP,Twin Type,SCTEST,,N,C103330,SCTEST,,,C112424,Twin Type,Qualifier,SCTEST,decodes the value in,DECODES,SCTESTCD,,,,,Y,Y,Assigned,Sponsor,,
2026-07-14,C112424,3-2,,SC,SC.SCTESTCD,TWINTYP,Twin Type,SCCAT,C25372,N,,,,,,,Qualifier,SCCAT,groups values in,GROUPS,SCTESTCD,,,,,N,N,Assigned,Sponsor,,
2026-07-14,C112424,3-2,,SC,SC.SCTESTCD,TWINTYP,Twin Type,SCORRES,C70856,N,,,,,,,Qualifier,SCORRES,is the result of the test in,IS_RESULT_OF,SCTESTCD,text,200.0,,,Y,N,Collected,Investigator,,Y
2026-07-14,C112424,3-2,,SC,SC.SCTESTCD,TWINTYP,Twin Type,SCDTC,C82515,N,,,,,,,Timing,SCDTC,is the date of occurrence for,IS_TIMING_FOR,SCTESTCD,datetime,,,,N,N,Collected,Sponsor,,
2026-07-14,C112424,3-2,,SC,SC.SCTESTCD,TWINTYP,Twin Type,SCSTRESC,C70856,N,,,,,,,Qualifier,SCSTRESC,is the result of the test in,IS_RESULT_OF,SCTESTCD,text,200.0,,,Y,N,Derived,Sponsor,,Y
2026-07-14,C102723,3-2,,SC,SC.SCTESTCD,TYPCON,Type of Contact,SCTESTCD,,N,C74559,SCTESTCD,,,C102723,TYPCON,Topic,SCTESTCD,is the code for the value in,IS_DECODED_BY,SCTEST,,,,,Y,Y,Assigned,Sponsor,EQ,
2026-07-14,C102723,3-2,,SC,SC.SCTESTCD,TYPCON,Type of Contact,SCTEST,,N,C103330,SCTEST,,,C102723,Type of Contact,Qualifier,SCTEST,decodes the value in,DECODES,SCTESTCD,,,,,Y,Y,Assigned,Sponsor,,
2026-07-14,C102723,3-2,,SC,SC.SCTESTCD,TYPCON,Type of Contact,SCCAT,C25372,N,,,,,,,Qualifier,SCCAT,groups values in,GROUPS,SCTESTCD,,,,,N,N,Assigned,Sponsor,,
2026-07-14,C102723,3-2,,SC,SC.SCTESTCD,TYPCON,Type of Contact,SCORRES,C70856,N,,,,,,,Qualifier,SCORRES,is the result of the test in,IS_RESULT_OF,SCTESTCD,text,200.0,,,Y,N,Collected,Investigator,,Y
2026-07-14,C102723,3-2,,SC,SC.SCTESTCD,TYPCON,Type of Contact,SCDTC,C82515,N,,,,,,,Timing,SCDTC,is the date of occurrence for,IS_TIMING_FOR,SCTESTCD,datetime,,,,N,N,Collected,Sponsor,,
2026-07-14,C102723,3-2,,SC,SC.SCTESTCD,TYPCON,Type of Contact,SCSTRESC,C70856,N,,,,,,,Qualifier,SCSTRESC,is the result of the test in,IS_RESULT_OF,SCTESTCD,text,200.0,,,Y,N,Derived,Sponsor,,Y
2026-07-14,C209694,3-2,,SC,SC.SCTESTCD,UHOUSIND,Unhoused Indicator,SCTESTCD,,N,C74559,SCTESTCD,,,C209694,UHOUSIND,Topic,SCTESTCD,is the code for the value in,IS_DECODED_BY,SCTEST,,,,,Y,Y,Assigned,Sponsor,EQ,
2026-07-14,C209694,3-2,,SC,SC.SCTESTCD,UHOUSIND,Unhoused Indicator,SCTEST,,N,C103330,SCTEST,,,C209694,Unhoused Indicator,Qualifier,SCTEST,decodes the value in,DECODES,SCTESTCD,,,,,Y,Y,Assigned,Sponsor,,
2026-07-14,C209694,3-2,,SC,SC.SCTESTCD,UHOUSIND,Unhoused Indicator,SCCAT,C25372,N,,,,,,,Qualifier,SCCAT,groups values in,GROUPS,SCTESTCD,,,,,N,N,Assigned,Sponsor,,
2026-07-14,C209694,3-2,,SC,SC.SCTESTCD,UHOUSIND,Unhoused Indicator,SCORRES,C70856,N,C66742,NY,,N;Y;U,,,Qualifier,SCORRES,is the result of the test in,IS_RESULT_OF,SCTESTCD,text,200.0,,,Y,N,Collected,Investigator,,Y
2026-07-14,C209694,3-2,,SC,SC.SCTESTCD,UHOUSIND,Unhoused Indicator,SCDTC,C82515,N,,,,,,,Timing,SCDTC,is the date of occurrence for,IS_TIMING_FOR,SCTESTCD,datetime,,,,N,N,Collected,Sponsor,,
2026-07-14,C209694,3-2,,SC,SC.SCTESTCD,UHOUSIND,Unhoused Indicator,SCSTRESC,C70856,N,C66742,NY,,N;Y;U,,,Qualifier,SCSTRESC,is the result of the test in,IS_RESULT_OF,SCTESTCD,text,200.0,,,Y,N,Derived,Sponsor,,Y
2026-07-14,C176364,3-2,,SC,SC.SCTESTCD,VILLPAD,Village of Permanent Address,SCTESTCD,,N,C74559,SCTESTCD,,,C176364,VILLPAD,Topic,SCTESTCD,is the code for the value in,IS_DECODED_BY,SCTEST,,,,,Y,Y,Assigned,Sponsor,EQ,
2026-07-14,C176364,3-2,,SC,SC.SCTESTCD,VILLPAD,Village of Permanent Address,SCTEST,,N,C103330,SCTEST,,,C176364,Village of Permanent Address,Qualifier,SCTEST,decodes the value in,DECODES,SCTESTCD,,,,,Y,Y,Assigned,Sponsor,,
2026-07-14,C176364,3-2,,SC,SC.SCTESTCD,VILLPAD,Village of Permanent Address,SCCAT,C25372,N,,,,,,,Qualifier,SCCAT,groups values in,GROUPS,SCTESTCD,,,,,N,N,Assigned,Sponsor,,
2026-07-14,C176364,3-2,,SC,SC.SCTESTCD,VILLPAD,Village of Permanent Address,SCORRES,C70856,N,,,,,,,Qualifier,SCORRES,is the result of the test in,IS_RESULT_OF,SCTESTCD,text,200.0,,,Y,N,Collected,Investigator,,Y
2026-07-14,C176364,3-2,,SC,SC.SCTESTCD,VILLPAD,Village of Permanent Address,SCDTC,C82515,N,,,,,,,Timing,SCDTC,is the date of occurrence for,IS_TIMING_FOR,SCTESTCD,datetime,,,,N,N,Collected,Sponsor,,
2026-07-14,C176364,3-2,,SC,SC.SCTESTCD,VILLPAD,Village of Permanent Address,SCSTRESC,C70856,N,,,,,,,Qualifier,SCSTRESC,is the result of the test in,IS_RESULT_OF,SCTESTCD,text,200.0,,,Y,N,Derived,Sponsor,,Y
2026-07-14,C209695,3-2,,SC,SC.SCTESTCD,WRKDYWKN,Number of Work Days Per Week,SCTESTCD,,N,C74559,SCTESTCD,,,C209695,WRKDYWKN,Topic,SCTESTCD,is the code for the value in,IS_DECODED_BY,SCTEST,,,,,Y,Y,Assigned,Sponsor,EQ,
2026-07-14,C209695,3-2,,SC,SC.SCTESTCD,WRKDYWKN,Number of Work Days Per Week,SCTEST,,N,C103330,SCTEST,,,C209695,Number of Work Days Per Week,Qualifier,SCTEST,decodes the value in,DECODES,SCTESTCD,,,,,Y,Y,Assigned,Sponsor,,
2026-07-14,C209695,3-2,,SC,SC.SCTESTCD,WRKDYWKN,Number of Work Days Per Week,SCCAT,C25372,N,,,,,,,Qualifier,SCCAT,groups values in,GROUPS,SCTESTCD,,,,,N,N,Assigned,Sponsor,,
2026-07-14,C209695,3-2,,SC,SC.SCTESTCD,WRKDYWKN,Number of Work Days Per Week,SCORRES,C70856,N,,,,,,,Qualifier,SCORRES,is the result of the test in,IS_RESULT_OF,SCTESTCD,integer,1.0,,,Y,N,Collected,Investigator,,Y
2026-07-14,C209695,3-2,,SC,SC.SCTESTCD,WRKDYWKN,Number of Work Days Per Week,SCDTC,C82515,N,,,,,,,Timing,SCDTC,is the date of occurrence for,IS_TIMING_FOR,SCTESTCD,datetime,,,,N,N,Collected,Sponsor,,
2026-07-14,C209695,3-2,,SC,SC.SCTESTCD,WRKDYWKN,Number of Work Days Per Week,SCSTRESC,C70856,N,,,,,,,Qualifier,SCSTRESC,is the result of the test in,IS_RESULT_OF,SCTESTCD,integer,1.0,,,Y,N,Derived,Sponsor,,Y
2026-07-14,C209695,3-2,,SC,SC.SCTESTCD,WRKDYWKN,Number of Work Days Per Week,SCSTRESN,C70856,N,,,,,,,Qualifier,SCSTRESN,is the result of the test in,IS_RESULT_OF,SCTESTCD,integer,1.0,,,Y,N,Derived,Sponsor,,Y
2026-07-14,C123633,3-2,,TU,TU.TUTESTCD,DRCRLTLC,Disease Recurrence Relative Location,TUTESTCD,,N,C96784,TUTESTCD,,,C123633,DRCRLTLC,Topic,TUTESTCD,is the code for the value in,IS_DECODED_BY,TUTEST,,,,,Y,Y,Assigned,Sponsor,EQ,
2026-07-14,C123633,3-2,,TU,TU.TUTESTCD,DRCRLTLC,Disease Recurrence Relative Location,TUTEST,,N,C96783,TUTEST,,,C123633,Disease Recurrence Relative Location,Qualifier,TUTEST,decodes the value in,DECODES,TUTESTCD,,,,,Y,Y,Assigned,Sponsor,,
2026-07-14,C123633,3-2,,TU,TU.TUTESTCD,DRCRLTLC,Disease Recurrence Relative Location,TUORRES,C70856,N,C66742,NY,,Y;N;U,,,Qualifier,TUORRES,is the result of the test in,IS_RESULT_OF,TUTESTCD,text,40.0,,,Y,N,Collected,Investigator,,Y
2026-07-14,C123633,3-2,,TU,TU.TUTESTCD,DRCRLTLC,Disease Recurrence Relative Location,TUSTRESC,C70856,N,C66742,NY,,Y;N;U,,,Qualifier,TUSTRESC,is the result of the test in,IS_RESULT_OF,TUTESTCD,text,40.0,,,Y,N,Derived,Sponsor,,Y
2026-07-14,C123633,3-2,,TU,TU.TUTESTCD,DRCRLTLC,Disease Recurrence Relative Location,TUEVAL,C51824,N,C78735,EVAL,,,C25936,INVESTIGATOR,Qualifier,TUEVAL,is the role of the assessor who performed the test in,PERFORMS,TUTESTCD,,,,,N,N,Assigned,Sponsor,EQ,
2026-07-14,C123633,3-2,,TU,TU.TUTESTCD,DRCRLTLC,Disease Recurrence Relative Location,TUEVALID,C117043,N,C96777,MEDEVAL,,RADIOLOGIST 1;RADIOLOGIST 2;RADIOLOGIST 3,,,Qualifier,TUEVALID,is an identifier for the evaluator with the role in,IDENTIFIES,TUEVAL,,,,,N,N,Collected,Vendor,IN,
2026-07-14,C123633,3-2,,TU,TU.TUTESTCD,DRCRLTLC,Disease Recurrence Relative Location,TUDTC,C82515,N,,,,,,,Timing,TUDTC,is the date of occurrence for,IS_TIMING_FOR,TUTESTCD,,,,,Y,N,Collected,Sponsor,,
